model,suite,aliases,global_seq,cp,m,n,k,q_heads,kv_heads,head_dim,precision,accumulator,output,quantization_in_timing,requested_comm_ctas,comm_ctas,tile_m,tile_n,tile_k,cluster_m,qkv_policy_model,launch,graph_epoch_mode,warmup,iterations,process_model,timing,correctness,fp8_graph_p50_ms,fp8_graph_p95_ms,fp8_graph_tflops_per_gpu,bf16_graph_p50_ms,fp8_speedup_over_bf16_graph,reaches_1_5x
artificial_large,artificial,OProj-matched Mx7168x16384 stress shape,1024,4,256,7168,16384,40,8,128,fp8_e4m3,fp32,fp8_e4m3,False,0,16,128,128,128,1,fp8_joint_tile_comm_signaling_wave_v4,graph,single_replay_monotonic_epoch_nodes,10,50,one_mpi_process_per_gpu,per_sample_max_rank_cuda_event,fused_vs_separated_reference,0.06393600255,0.06525759399,940.464523051418,0.1217119992,1.90365356521652,True
artificial_large,artificial,OProj-matched Mx7168x16384 stress shape,1024,8,128,7168,16384,40,8,128,fp8_e4m3,fp32,fp8_e4m3,False,0,16,128,64,128,1,fp8_joint_tile_comm_signaling_wave_v4,graph,single_replay_monotonic_epoch_nodes,10,50,one_mpi_process_per_gpu,per_sample_max_rank_cuda_event,fused_vs_separated_reference,0.05457599834,0.05547679961,550.8789941816757,0.09148800373,1.676341368233778,True
artificial_large,artificial,OProj-matched Mx7168x16384 stress shape,4096,4,1024,7168,16384,40,8,128,fp8_e4m3,fp32,fp8_e4m3,False,0,16,128,128,128,1,fp8_joint_tile_comm_signaling_wave_v4,graph,single_replay_monotonic_epoch_nodes,10,50,one_mpi_process_per_gpu,per_sample_max_rank_cuda_event,not_run,0.2268960029,0.2308655977,1060.0370456151388,0.335920006,1.48050208776948,False
artificial_large,artificial,OProj-matched Mx7168x16384 stress shape,4096,8,512,7168,16384,40,8,128,fp8_e4m3,fp32,fp8_e4m3,False,0,16,128,128,128,1,fp8_joint_tile_comm_signaling_wave_v4,graph,single_replay_monotonic_epoch_nodes,10,50,one_mpi_process_per_gpu,per_sample_max_rank_cuda_event,not_run,0.1291839927,0.1302431971,930.9132019728943,0.2327039987,1.8013377186785156,True
artificial_large,artificial,OProj-matched Mx7168x16384 stress shape,16384,4,4096,7168,16384,40,8,128,fp8_e4m3,fp32,fp8_e4m3,False,0,4,128,256,128,2,fp8_joint_tile_comm_signaling_wave_v4,graph,single_replay_monotonic_epoch_nodes,10,50,one_mpi_process_per_gpu,per_sample_max_rank_cuda_event,not_run,0.6731839776,0.7631312013,1429.137808261466,1.290832043,1.9175026232828747,True
artificial_large,artificial,OProj-matched Mx7168x16384 stress shape,16384,8,2048,7168,16384,40,8,128,fp8_e4m3,fp32,fp8_e4m3,False,0,16,128,256,128,2,fp8_joint_tile_comm_signaling_wave_v4,graph,single_replay_monotonic_epoch_nodes,10,50,one_mpi_process_per_gpu,per_sample_max_rank_cuda_event,not_run,0.4369599819,0.4388079941,1100.8704620051158,0.8102399707,1.854265846444095,True
artificial_large,artificial,OProj-matched Mx7168x16384 stress shape,131072,4,32768,7168,16384,40,8,128,fp8_e4m3,fp32,fp8_e4m3,False,0,4,128,256,128,2,fp8_joint_tile_comm_signaling_wave_v4,graph,single_replay_monotonic_epoch_nodes,10,50,one_mpi_process_per_gpu,per_sample_max_rank_cuda_event,not_run,6.064400196,6.2239151,1269.1414065167673,10.97873592,1.8103580840923776,True
artificial_large,artificial,OProj-matched Mx7168x16384 stress shape,131072,8,16384,7168,16384,40,8,128,fp8_e4m3,fp32,fp8_e4m3,False,0,4,128,256,128,2,fp8_joint_tile_comm_signaling_wave_v4,graph,single_replay_monotonic_epoch_nodes,10,50,one_mpi_process_per_gpu,per_sample_max_rank_cuda_event,not_run,2.999408007,3.087515116,1283.0167447159183,5.621967793,1.874359133495505,True
artificial_large,artificial,OProj-matched Mx7168x16384 stress shape,262144,4,65536,7168,16384,40,8,128,fp8_e4m3,fp32,fp8_e4m3,False,0,4,128,256,128,2,fp8_joint_tile_comm_signaling_wave_v4,graph,single_replay_monotonic_epoch_nodes,10,50,one_mpi_process_per_gpu,per_sample_max_rank_cuda_event,not_run,12.13867188,12.44302082,1268.1093072650053,22.35857582,1.8419293346942334,True
artificial_large,artificial,OProj-matched Mx7168x16384 stress shape,262144,8,32768,7168,16384,40,8,128,fp8_e4m3,fp32,fp8_e4m3,False,0,4,128,256,128,2,fp8_joint_tile_comm_signaling_wave_v4,graph,single_replay_monotonic_epoch_nodes,10,50,one_mpi_process_per_gpu,per_sample_max_rank_cuda_event,not_run,6.074095726,6.11499548,1267.1155908009475,11.25180817,1.852425229625036,True
artificial_large,artificial,OProj-matched Mx7168x16384 stress shape,524288,4,131072,7168,16384,40,8,128,fp8_e4m3,fp32,fp8_e4m3,False,0,4,128,256,128,2,fp8_joint_tile_comm_signaling_wave_v4,graph,single_replay_monotonic_epoch_nodes,10,50,one_mpi_process_per_gpu,per_sample_max_rank_cuda_event,not_run,24.81289673,32.61352921,1240.7388751393075,45.94136047,1.851511372086382,True
artificial_large,artificial,OProj-matched Mx7168x16384 stress shape,524288,8,65536,7168,16384,40,8,128,fp8_e4m3,fp32,fp8_e4m3,False,0,4,128,256,128,2,fp8_joint_tile_comm_signaling_wave_v4,graph,single_replay_monotonic_epoch_nodes,10,50,one_mpi_process_per_gpu,per_sample_max_rank_cuda_event,not_run,12.23083115,12.49391556,1258.5541080635392,22.5180645,1.8410902925432013,True
artificial_medium,artificial,OProj-matched Mx5120x5120 stress shape,1024,4,256,5120,5120,24,8,128,fp8_e4m3,fp32,fp8_e4m3,False,0,16,128,64,128,1,fp8_joint_tile_comm_signaling_wave_v4,graph,single_replay_monotonic_epoch_nodes,10,50,one_mpi_process_per_gpu,per_sample_max_rank_cuda_event,fused_vs_separated_reference,0.02958399989,0.0303856004,453.68350628397735,0.04369600117,1.47701464752811,False
artificial_medium,artificial,OProj-matched Mx5120x5120 stress shape,1024,8,128,5120,5120,24,8,128,fp8_e4m3,fp32,fp8_e4m3,False,0,16,128,64,128,1,fp8_joint_tile_comm_signaling_wave_v4,graph,single_replay_monotonic_epoch_nodes,10,50,one_mpi_process_per_gpu,per_sample_max_rank_cuda_event,fused_vs_separated_reference,0.02500800043,0.02547520027,268.34957951894114,0.0357280001,1.4286628073286545,False
artificial_medium,artificial,OProj-matched Mx5120x5120 stress shape,4096,4,1024,5120,5120,24,8,128,fp8_e4m3,fp32,fp8_e4m3,False,0,4,128,64,128,1,fp8_joint_tile_comm_signaling_wave_v4,graph,single_replay_monotonic_epoch_nodes,10,50,one_mpi_process_per_gpu,per_sample_max_rank_cuda_event,not_run,0.06881600618,0.06968159974,780.1541266369376,0.1008159965,1.4650079552175488,False
artificial_medium,artificial,OProj-matched Mx5120x5120 stress shape,4096,8,512,5120,5120,24,8,128,fp8_e4m3,fp32,fp8_e4m3,False,0,16,128,64,128,1,fp8_joint_tile_comm_signaling_wave_v4,graph,single_replay_monotonic_epoch_nodes,10,50,one_mpi_process_per_gpu,per_sample_max_rank_cuda_event,not_run,0.04326400161,0.04414880276,620.4591485082464,0.07719999552,1.7843933211706442,True
artificial_medium,artificial,OProj-matched Mx5120x5120 stress shape,16384,4,4096,5120,5120,24,8,128,fp8_e4m3,fp32,fp8_e4m3,False,0,16,128,256,128,2,fp8_joint_tile_comm_signaling_wave_v4,graph,single_replay_monotonic_epoch_nodes,10,50,one_mpi_process_per_gpu,per_sample_max_rank_cuda_event,not_run,0.1809920073,0.1825775951,1186.5074486082017,0.3358559906,1.8556399015085125,True
artificial_medium,artificial,OProj-matched Mx5120x5120 stress shape,16384,8,2048,5120,5120,24,8,128,fp8_e4m3,fp32,fp8_e4m3,False,0,16,128,256,128,2,fp8_joint_tile_comm_signaling_wave_v4,graph,single_replay_monotonic_epoch_nodes,10,50,one_mpi_process_per_gpu,per_sample_max_rank_cuda_event,not_run,0.123999998,0.1251119971,865.9208397729168,0.2231040001,1.7992258362778362,True
artificial_medium,artificial,OProj-matched Mx5120x5120 stress shape,131072,4,32768,5120,5120,24,8,128,fp8_e4m3,fp32,fp8_e4m3,False,0,6,128,256,128,2,fp8_joint_tile_comm_signaling_wave_v4,graph,single_replay_monotonic_epoch_nodes,10,50,one_mpi_process_per_gpu,per_sample_max_rank_cuda_event,not_run,1.283776045,1.31896162,1338.229456057501,2.577983856,2.0081258456571374,True
artificial_medium,artificial,OProj-matched Mx5120x5120 stress shape,131072,8,16384,5120,5120,24,8,128,fp8_e4m3,fp32,fp8_e4m3,False,0,10,128,256,128,2,fp8_joint_tile_comm_signaling_wave_v4,graph,single_replay_monotonic_epoch_nodes,10,50,one_mpi_process_per_gpu,per_sample_max_rank_cuda_event,not_run,0.7421599627,0.7516784072,1157.4236045756986,1.394576073,1.8790774807178914,True
artificial_medium,artificial,OProj-matched Mx5120x5120 stress shape,262144,4,65536,5120,5120,24,8,128,fp8_e4m3,fp32,fp8_e4m3,False,0,6,128,256,128,2,fp8_joint_tile_comm_signaling_wave_v4,graph,single_replay_monotonic_epoch_nodes,10,50,one_mpi_process_per_gpu,per_sample_max_rank_cuda_event,not_run,2.693808079,2.724489689,1275.5080302808758,5.05209589,1.8754475975420817,True
artificial_medium,artificial,OProj-matched Mx5120x5120 stress shape,262144,8,32768,5120,5120,24,8,128,fp8_e4m3,fp32,fp8_e4m3,False,0,6,128,256,128,2,fp8_joint_tile_comm_signaling_wave_v4,graph,single_replay_monotonic_epoch_nodes,10,50,one_mpi_process_per_gpu,per_sample_max_rank_cuda_event,not_run,1.400320053,1.407257557,1226.8530431449874,2.655776024,1.8965493055036613,True
artificial_medium,artificial,OProj-matched Mx5120x5120 stress shape,524288,4,131072,5120,5120,24,8,128,fp8_e4m3,fp32,fp8_e4m3,False,0,6,128,256,128,2,fp8_joint_tile_comm_signaling_wave_v4,graph,single_replay_monotonic_epoch_nodes,10,50,one_mpi_process_per_gpu,per_sample_max_rank_cuda_event,not_run,5.362735748,5.424301147,1281.4257491920705,9.913536072,1.8485967867607858,True
artificial_medium,artificial,OProj-matched Mx5120x5120 stress shape,524288,8,65536,5120,5120,24,8,128,fp8_e4m3,fp32,fp8_e4m3,False,0,6,128,256,128,2,fp8_joint_tile_comm_signaling_wave_v4,graph,single_replay_monotonic_epoch_nodes,10,50,one_mpi_process_per_gpu,per_sample_max_rank_cuda_event,not_run,2.759232044,2.779918432,1245.2645453547798,5.284128189,1.915072057999048,True
artificial_small,artificial,OProj-matched Mx4096x4096 stress shape,1024,4,256,4096,4096,16,8,128,fp8_e4m3,fp32,fp8_e4m3,False,0,4,128,64,128,1,fp8_joint_tile_comm_signaling_wave_v4,graph,single_replay_monotonic_epoch_nodes,10,50,one_mpi_process_per_gpu,per_sample_max_rank_cuda_event,fused_vs_separated_reference,0.02566399984,0.02598400041,334.7075532089,0.04073600098,1.5872818435927796,True
artificial_small,artificial,OProj-matched Mx4096x4096 stress shape,1024,8,128,4096,4096,16,8,128,fp8_e4m3,fp32,fp8_e4m3,False,0,16,128,64,128,1,fp8_joint_tile_comm_signaling_wave_v4,graph,single_replay_monotonic_epoch_nodes,10,50,one_mpi_process_per_gpu,per_sample_max_rank_cuda_event,fused_vs_separated_reference,0.02308800071,0.0235439986,186.02595131330452,0.03067200072,1.3284823188139965,False
artificial_small,artificial,OProj-matched Mx4096x4096 stress shape,4096,4,1024,4096,4096,16,8,128,fp8_e4m3,fp32,fp8_e4m3,False,0,16,128,64,128,1,fp8_joint_tile_comm_signaling_wave_v4,graph,single_replay_monotonic_epoch_nodes,10,50,one_mpi_process_per_gpu,per_sample_max_rank_cuda_event,not_run,0.04513600096,0.0459231995,761.2490614409984,0.08278399706,1.8341012783424047,True
artificial_small,artificial,OProj-matched Mx4096x4096 stress shape,4096,8,512,4096,4096,16,8,128,fp8_e4m3,fp32,fp8_e4m3,False,0,4,128,128,128,1,fp8_joint_tile_comm_signaling_wave_v4,graph,single_replay_monotonic_epoch_nodes,10,50,one_mpi_process_per_gpu,per_sample_max_rank_cuda_event,not_run,0.0464639999,0.04749120027,369.7458079583028,0.05820799991,1.2527548216958395,False
artificial_small,artificial,OProj-matched Mx4096x4096 stress shape,16384,4,4096,4096,4096,16,8,128,fp8_e4m3,fp32,fp8_e4m3,False,0,16,128,256,128,2,fp8_joint_tile_comm_signaling_wave_v4,graph,single_replay_monotonic_epoch_nodes,10,50,one_mpi_process_per_gpu,per_sample_max_rank_cuda_event,not_run,0.1271040142,0.1292943954,1081.3108802034988,0.2289119959,1.8009816396498985,True
artificial_small,artificial,OProj-matched Mx4096x4096 stress shape,16384,8,2048,4096,4096,16,8,128,fp8_e4m3,fp32,fp8_e4m3,False,0,16,128,256,128,2,fp8_joint_tile_comm_signaling_wave_v4,graph,single_replay_monotonic_epoch_nodes,10,50,one_mpi_process_per_gpu,per_sample_max_rank_cuda_event,not_run,0.1001120061,0.1011520028,686.4259284481565,0.1646080017,1.6442383697273648,True
artificial_small,artificial,OProj-matched Mx4096x4096 stress shape,131072,4,32768,4096,4096,16,8,128,fp8_e4m3,fp32,fp8_e4m3,False,0,10,128,256,128,2,fp8_joint_tile_comm_signaling_wave_v4,graph,single_replay_monotonic_epoch_nodes,10,50,one_mpi_process_per_gpu,per_sample_max_rank_cuda_event,not_run,0.8377599716,0.8735232353,1312.4423045375302,1.496608019,1.7864401137973873,True
artificial_small,artificial,OProj-matched Mx4096x4096 stress shape,131072,8,16384,4096,4096,16,8,128,fp8_e4m3,fp32,fp8_e4m3,False,0,10,128,256,128,2,fp8_joint_tile_comm_signaling_wave_v4,graph,single_replay_monotonic_epoch_nodes,10,50,one_mpi_process_per_gpu,per_sample_max_rank_cuda_event,not_run,0.499247998,0.5022383928,1101.167788534627,0.918192029,1.839150147177956,True
artificial_small,artificial,OProj-matched Mx4096x4096 stress shape,262144,4,65536,4096,4096,16,8,128,fp8_e4m3,fp32,fp8_e4m3,False,0,8,128,256,128,2,fp8_joint_tile_comm_signaling_wave_v4,graph,single_replay_monotonic_epoch_nodes,10,50,one_mpi_process_per_gpu,per_sample_max_rank_cuda_event,not_run,1.771952033,1.797844768,1241.0173721401181,3.164368153,1.7858091494963169,True
artificial_small,artificial,OProj-matched Mx4096x4096 stress shape,262144,8,32768,4096,4096,16,8,128,fp8_e4m3,fp32,fp8_e4m3,False,0,10,128,256,128,2,fp8_joint_tile_comm_signaling_wave_v4,graph,single_replay_monotonic_epoch_nodes,10,50,one_mpi_process_per_gpu,per_sample_max_rank_cuda_event,not_run,0.9573439956,0.9685360193,1148.5021401182953,1.735487938,1.8128153996644754,True
artificial_small,artificial,OProj-matched Mx4096x4096 stress shape,524288,4,131072,4096,4096,16,8,128,fp8_e4m3,fp32,fp8_e4m3,False,0,8,128,256,128,2,fp8_joint_tile_comm_signaling_wave_v4,graph,single_replay_monotonic_epoch_nodes,10,50,one_mpi_process_per_gpu,per_sample_max_rank_cuda_event,not_run,3.525887966,3.582430363,1247.3585529416112,6.34512043,1.7995808406806308,True
artificial_small,artificial,OProj-matched Mx4096x4096 stress shape,524288,8,65536,4096,4096,16,8,128,fp8_e4m3,fp32,fp8_e4m3,False,0,8,128,256,128,2,fp8_joint_tile_comm_signaling_wave_v4,graph,single_replay_monotonic_epoch_nodes,10,50,one_mpi_process_per_gpu,per_sample_max_rank_cuda_event,not_run,1.832688093,1.847380757,1199.8895305487208,3.422480106,1.8674645833474077,True
llama31_405b,model,Llama 3.1 405B,1024,4,256,18432,16384,128,8,128,fp8_e4m3,fp32,fp8_e4m3,False,0,16,128,128,128,1,fp8_joint_tile_comm_signaling_wave_v4,graph,single_replay_monotonic_epoch_nodes,10,50,one_mpi_process_per_gpu,per_sample_max_rank_cuda_event,fused_vs_separated_reference,0.1910080016,0.1932016015,809.4887196390625,0.2487680018,1.302395709688426,False
llama31_405b,model,Llama 3.1 405B,1024,8,128,18432,16384,128,8,128,fp8_e4m3,fp32,fp8_e4m3,False,0,16,128,64,128,1,fp8_joint_tile_comm_signaling_wave_v4,graph,single_replay_monotonic_epoch_nodes,10,50,one_mpi_process_per_gpu,per_sample_max_rank_cuda_event,fused_vs_separated_reference,0.1317120045,0.134750396,586.9579741154117,0.1809120029,1.3735422491425222,False
llama31_405b,model,Llama 3.1 405B,4096,4,1024,18432,16384,128,8,128,fp8_e4m3,fp32,fp8_e4m3,False,0,16,128,256,128,2,fp8_joint_tile_comm_signaling_wave_v4,graph,single_replay_monotonic_epoch_nodes,10,50,one_mpi_process_per_gpu,per_sample_max_rank_cuda_event,not_run,0.479903996,0.5034080148,1288.747949129392,0.8827040195,1.8393345895373623,True
llama31_405b,model,Llama 3.1 405B,4096,8,512,18432,16384,128,8,128,fp8_e4m3,fp32,fp8_e4m3,False,0,16,128,256,128,2,fp8_joint_tile_comm_signaling_wave_v4,graph,single_replay_monotonic_epoch_nodes,10,50,one_mpi_process_per_gpu,per_sample_max_rank_cuda_event,not_run,0.33870399,0.3412800133,913.0026643973105,0.5501760244,1.624356490161217,True
llama31_405b,model,Llama 3.1 405B,16384,4,4096,18432,16384,128,8,128,fp8_e4m3,fp32,fp8_e4m3,False,0,4,128,256,128,2,fp8_joint_tile_comm_signaling_wave_v4,graph,single_replay_monotonic_epoch_nodes,10,50,one_mpi_process_per_gpu,per_sample_max_rank_cuda_event,not_run,2.092976093,2.119923115,1182.00163430916,3.684656143,1.7604864935263265,True
llama31_405b,model,Llama 3.1 405B,16384,8,2048,18432,16384,128,8,128,fp8_e4m3,fp32,fp8_e4m3,False,0,4,128,256,128,2,fp8_joint_tile_comm_signaling_wave_v4,graph,single_replay_monotonic_epoch_nodes,10,50,one_mpi_process_per_gpu,per_sample_max_rank_cuda_event,not_run,1.003823996,1.053167939,1232.238506129515,1.890735984,1.883533359965625,True
llama31_405b,model,Llama 3.1 405B,131072,4,32768,18432,16384,128,8,128,fp8_e4m3,fp32,fp8_e4m3,False,0,4,128,256,128,2,fp8_joint_tile_comm_signaling_wave_v4,graph,single_replay_monotonic_epoch_nodes,10,50,one_mpi_process_per_gpu,per_sample_max_rank_cuda_event,not_run,16.77062416,25.79748154,1180.111670928293,30.18380737,1.799802266274149,True
llama31_405b,model,Llama 3.1 405B,131072,8,16384,18432,16384,128,8,128,fp8_e4m3,fp32,fp8_e4m3,False,0,4,128,256,128,2,fp8_joint_tile_comm_signaling_wave_v4,graph,single_replay_monotonic_epoch_nodes,10,50,one_mpi_process_per_gpu,per_sample_max_rank_cuda_event,not_run,8.359712601,8.540675163,1183.7254607054645,14.84148788,1.7753586263509396,True
llama31_405b,model,Llama 3.1 405B,262144,4,65536,18432,16384,128,8,128,fp8_e4m3,fp32,fp8_e4m3,False,0,4,128,256,128,2,fp8_joint_tile_comm_signaling_wave_v4,graph,single_replay_monotonic_epoch_nodes,10,50,one_mpi_process_per_gpu,per_sample_max_rank_cuda_event,not_run,34.05184174,43.0936203,1162.4163797707115,61.57086182,1.8081507100297007,True
llama31_405b,model,Llama 3.1 405B,262144,8,32768,18432,16384,128,8,128,fp8_e4m3,fp32,fp8_e4m3,False,0,4,128,256,128,2,fp8_joint_tile_comm_signaling_wave_v4,graph,single_replay_monotonic_epoch_nodes,10,50,one_mpi_process_per_gpu,per_sample_max_rank_cuda_event,not_run,16.98980713,27.13559151,1164.8872261193233,30.35835266,1.7868568152486144,True
llama31_405b,model,Llama 3.1 405B,524288,4,131072,18432,16384,128,8,128,fp8_e4m3,fp32,fp8_e4m3,False,0,4,128,256,128,2,fp8_joint_tile_comm_signaling_wave_v4,graph,single_replay_monotonic_epoch_nodes,10,50,one_mpi_process_per_gpu,per_sample_max_rank_cuda_event,not_run,70.99432373,79.54096222,1115.0868554075598,125.4733887,1.76737212368119,True
llama31_405b,model,Llama 3.1 405B,524288,8,65536,18432,16384,128,8,128,fp8_e4m3,fp32,fp8_e4m3,False,0,4,128,256,128,2,fp8_joint_tile_comm_signaling_wave_v4,graph,single_replay_monotonic_epoch_nodes,10,50,one_mpi_process_per_gpu,per_sample_max_rank_cuda_event,not_run,34.31066895,45.23748779,1153.6475332969574,61.36243439,1.7884359666499594,True
llama3_8b,model,Llama 3/3.1 8B,1024,4,256,6144,4096,32,8,128,fp8_e4m3,fp32,fp8_e4m3,False,0,16,128,64,128,1,fp8_joint_tile_comm_signaling_wave_v4,graph,single_replay_monotonic_epoch_nodes,10,50,one_mpi_process_per_gpu,per_sample_max_rank_cuda_event,fused_vs_separated_reference,0.0266239997,0.02711039968,483.95815929940835,0.04286399856,1.609975925593178,True
llama3_8b,model,Llama 3/3.1 8B,1024,8,128,6144,4096,32,8,128,fp8_e4m3,fp32,fp8_e4m3,False,0,16,128,64,128,1,fp8_joint_tile_comm_signaling_wave_v4,graph,single_replay_monotonic_epoch_nodes,10,50,one_mpi_process_per_gpu,per_sample_max_rank_cuda_event,fused_vs_separated_reference,0.02408000082,0.02462879941,267.54363474311543,0.03536000103,1.4684385309750998,False
llama3_8b,model,Llama 3/3.1 8B,4096,4,1024,6144,4096,32,8,128,fp8_e4m3,fp32,fp8_e4m3,False,0,16,128,64,128,1,fp8_joint_tile_comm_signaling_wave_v4,graph,single_replay_monotonic_epoch_nodes,10,50,one_mpi_process_per_gpu,per_sample_max_rank_cuda_event,not_run,0.06095999852,0.06212960184,845.4660236760124,0.1066080034,1.7488189958702773,True
llama3_8b,model,Llama 3/3.1 8B,4096,8,512,6144,4096,32,8,128,fp8_e4m3,fp32,fp8_e4m3,False,0,4,128,64,128,1,fp8_joint_tile_comm_signaling_wave_v4,graph,single_replay_monotonic_epoch_nodes,10,50,one_mpi_process_per_gpu,per_sample_max_rank_cuda_event,not_run,0.05443200096,0.0552496016,473.4311309800506,0.08316799998,1.5279247228320156,True
llama3_8b,model,Llama 3/3.1 8B,16384,4,4096,6144,4096,32,8,128,fp8_e4m3,fp32,fp8_e4m3,False,0,16,128,256,128,2,fp8_joint_tile_comm_signaling_wave_v4,graph,single_replay_monotonic_epoch_nodes,10,50,one_mpi_process_per_gpu,per_sample_max_rank_cuda_event,not_run,0.1764959991,0.1782464087,1168.0629094101657,0.316080004,1.7908621476508022,True
llama3_8b,model,Llama 3/3.1 8B,16384,8,2048,6144,4096,32,8,128,fp8_e4m3,fp32,fp8_e4m3,False,0,16,128,256,128,2,fp8_joint_tile_comm_signaling_wave_v4,graph,single_replay_monotonic_epoch_nodes,10,50,one_mpi_process_per_gpu,per_sample_max_rank_cuda_event,not_run,0.1308799982,0.1324319988,787.5857008072607,0.2320799977,1.7732273906770273,True
llama3_8b,model,Llama 3/3.1 8B,131072,4,32768,6144,4096,32,8,128,fp8_e4m3,fp32,fp8_e4m3,False,0,8,128,256,128,2,fp8_joint_tile_comm_signaling_wave_v4,graph,single_replay_monotonic_epoch_nodes,10,50,one_mpi_process_per_gpu,per_sample_max_rank_cuda_event,not_run,1.314048052,1.350291252,1255.104361787829,2.360111952,1.796062136698788,True
llama3_8b,model,Llama 3/3.1 8B,131072,8,16384,6144,4096,32,8,128,fp8_e4m3,fp32,fp8_e4m3,False,0,8,128,256,128,2,fp8_joint_tile_comm_signaling_wave_v4,graph,single_replay_monotonic_epoch_nodes,10,50,one_mpi_process_per_gpu,per_sample_max_rank_cuda_event,not_run,0.736191988,0.7459071875,1120.1340605081402,1.336096048,1.8148744753793762,True
llama3_8b,model,Llama 3/3.1 8B,262144,4,65536,6144,4096,32,8,128,fp8_e4m3,fp32,fp8_e4m3,False,0,8,128,256,128,2,fp8_joint_tile_comm_signaling_wave_v4,graph,single_replay_monotonic_epoch_nodes,10,50,one_mpi_process_per_gpu,per_sample_max_rank_cuda_event,not_run,2.672207832,2.726327896,1234.3856057255955,4.821311951,1.8042428785905904,True
llama3_8b,model,Llama 3/3.1 8B,262144,8,32768,6144,4096,32,8,128,fp8_e4m3,fp32,fp8_e4m3,False,0,8,128,256,128,2,fp8_joint_tile_comm_signaling_wave_v4,graph,single_replay_monotonic_epoch_nodes,10,50,one_mpi_process_per_gpu,per_sample_max_rank_cuda_event,not_run,1.411072016,1.428404808,1168.8045847151147,2.57622385,1.825721026842332,True
llama3_8b,model,Llama 3/3.1 8B,524288,4,131072,6144,4096,32,8,128,fp8_e4m3,fp32,fp8_e4m3,False,0,8,128,256,128,2,fp8_joint_tile_comm_signaling_wave_v4,graph,single_replay_monotonic_epoch_nodes,10,50,one_mpi_process_per_gpu,per_sample_max_rank_cuda_event,not_run,5.465295792,5.503471851,1207.083754974922,9.60115242,1.7567489090076316,True
llama3_8b,model,Llama 3/3.1 8B,524288,8,65536,6144,4096,32,8,128,fp8_e4m3,fp32,fp8_e4m3,False,0,8,128,256,128,2,fp8_joint_tile_comm_signaling_wave_v4,graph,single_replay_monotonic_epoch_nodes,10,50,one_mpi_process_per_gpu,per_sample_max_rank_cuda_event,not_run,2.753232002,2.792476892,1198.0591831461647,5.129903793,1.8632297566182368,True
nanbeige42_3b,model,Nanbeige/Nanbeige4.2-3B,1024,4,256,8192,3072,48,8,128,fp8_e4m3,fp32,fp8_e4m3,False,0,16,128,64,128,1,fp8_joint_tile_comm_signaling_wave_v4,graph,single_replay_monotonic_epoch_nodes,10,50,one_mpi_process_per_gpu,per_sample_max_rank_cuda_event,fused_vs_separated_reference,0.02831999958,0.02901279926,454.9753559000582,0.04316800088,1.5242938389902334,True
nanbeige42_3b,model,Nanbeige/Nanbeige4.2-3B,1024,8,128,8192,3072,48,8,128,fp8_e4m3,fp32,fp8_e4m3,False,0,4,128,64,128,1,fp8_joint_tile_comm_signaling_wave_v4,graph,single_replay_monotonic_epoch_nodes,10,50,one_mpi_process_per_gpu,per_sample_max_rank_cuda_event,fused_vs_separated_reference,0.02987200022,0.03062400036,215.66854902761514,0.04497599974,1.5056239759226944,True
nanbeige42_3b,model,Nanbeige/Nanbeige4.2-3B,4096,4,1024,8192,3072,48,8,128,fp8_e4m3,fp32,fp8_e4m3,False,0,16,128,128,128,1,fp8_joint_tile_comm_signaling_wave_v4,graph,single_replay_monotonic_epoch_nodes,10,50,one_mpi_process_per_gpu,per_sample_max_rank_cuda_event,not_run,0.05519999936,0.05582080036,933.6885534340702,0.113632001,2.058550766620878,True
nanbeige42_3b,model,Nanbeige/Nanbeige4.2-3B,4096,8,512,8192,3072,48,8,128,fp8_e4m3,fp32,fp8_e4m3,False,0,16,128,64,128,1,fp8_joint_tile_comm_signaling_wave_v4,graph,single_replay_monotonic_epoch_nodes,10,50,one_mpi_process_per_gpu,per_sample_max_rank_cuda_event,not_run,0.04620800167,0.04706399888,557.6913704262338,0.08848000318,1.9148199442142204,True
nanbeige42_3b,model,Nanbeige/Nanbeige4.2-3B,16384,4,4096,8192,3072,48,8,128,fp8_e4m3,fp32,fp8_e4m3,False,0,16,128,256,128,2,fp8_joint_tile_comm_signaling_wave_v4,graph,single_replay_monotonic_epoch_nodes,10,50,one_mpi_process_per_gpu,per_sample_max_rank_cuda_event,not_run,0.1771840006,0.1788000017,1163.527347333188,0.3294880092,1.8595810461681155,True
nanbeige42_3b,model,Nanbeige/Nanbeige4.2-3B,16384,8,2048,8192,3072,48,8,128,fp8_e4m3,fp32,fp8_e4m3,False,0,16,128,256,128,2,fp8_joint_tile_comm_signaling_wave_v4,graph,single_replay_monotonic_epoch_nodes,10,50,one_mpi_process_per_gpu,per_sample_max_rank_cuda_event,not_run,0.1276960075,0.1293071955,807.223476458338,0.2286240011,1.790377049180649,True
nanbeige42_3b,model,Nanbeige/Nanbeige4.2-3B,131072,4,32768,8192,3072,48,8,128,fp8_e4m3,fp32,fp8_e4m3,False,0,10,128,256,128,2,fp8_joint_tile_comm_signaling_wave_v4,graph,single_replay_monotonic_epoch_nodes,10,50,one_mpi_process_per_gpu,per_sample_max_rank_cuda_event,not_run,1.37460804,1.426662445,1199.809250107398,2.724047899,1.9816906490667694,True
nanbeige42_3b,model,Nanbeige/Nanbeige4.2-3B,131072,8,16384,8192,3072,48,8,128,fp8_e4m3,fp32,fp8_e4m3,False,0,10,128,256,128,2,fp8_joint_tile_comm_signaling_wave_v4,graph,single_replay_monotonic_epoch_nodes,10,50,one_mpi_process_per_gpu,per_sample_max_rank_cuda_event,not_run,0.7560800314,0.7633935809,1090.6698849129266,1.38803196,1.8358267674783613,True
nanbeige42_3b,model,Nanbeige/Nanbeige4.2-3B,262144,4,65536,8192,3072,48,8,128,fp8_e4m3,fp32,fp8_e4m3,False,0,10,128,256,128,2,fp8_joint_tile_comm_signaling_wave_v4,graph,single_replay_monotonic_epoch_nodes,10,50,one_mpi_process_per_gpu,per_sample_max_rank_cuda_event,not_run,2.809648037,2.840918541,1174.0028786132261,5.400544167,1.922142594332359,True
nanbeige42_3b,model,Nanbeige/Nanbeige4.2-3B,262144,8,32768,8192,3072,48,8,128,fp8_e4m3,fp32,fp8_e4m3,False,0,10,128,256,128,2,fp8_joint_tile_comm_signaling_wave_v4,graph,single_replay_monotonic_epoch_nodes,10,50,one_mpi_process_per_gpu,per_sample_max_rank_cuda_event,not_run,1.469327927,1.480113626,1122.4638226480808,2.699295998,1.8370956873536648,True
nanbeige42_3b,model,Nanbeige/Nanbeige4.2-3B,524288,4,131072,8192,3072,48,8,128,fp8_e4m3,fp32,fp8_e4m3,False,0,10,128,256,128,2,fp8_joint_tile_comm_signaling_wave_v4,graph,single_replay_monotonic_epoch_nodes,10,50,one_mpi_process_per_gpu,per_sample_max_rank_cuda_event,not_run,5.636879921,5.657739162,1170.3406599240914,10.92171192,1.9375456055594766,True
nanbeige42_3b,model,Nanbeige/Nanbeige4.2-3B,524288,8,65536,8192,3072,48,8,128,fp8_e4m3,fp32,fp8_e4m3,False,0,10,128,256,128,2,fp8_joint_tile_comm_signaling_wave_v4,graph,single_replay_monotonic_epoch_nodes,10,50,one_mpi_process_per_gpu,per_sample_max_rank_cuda_event,not_run,2.866767883,2.88225913,1150.6110776838223,5.298943996,1.8484035723376353,True
production_qwen_dense,model,current production Qwen dense,1024,4,256,4096,2048,16,8,128,fp8_e4m3,fp32,fp8_e4m3,False,0,16,128,128,128,1,fp8_joint_tile_comm_signaling_wave_v4,graph,single_replay_monotonic_epoch_nodes,10,50,one_mpi_process_per_gpu,per_sample_max_rank_cuda_event,fused_vs_separated_reference,0.02012800053,0.02069599926,213.38270980262143,0.0314560011,1.5627981057093105,True
production_qwen_dense,model,current production Qwen dense,1024,8,128,4096,2048,16,8,128,fp8_e4m3,fp32,fp8_e4m3,False,0,16,128,64,128,1,fp8_joint_tile_comm_signaling_wave_v4,graph,single_replay_monotonic_epoch_nodes,10,50,one_mpi_process_per_gpu,per_sample_max_rank_cuda_event,fused_vs_separated_reference,0.0195039995,0.02000319958,110.10478379062714,0.02462399937,1.262510254371161,False
production_qwen_dense,model,current production Qwen dense,4096,4,1024,4096,2048,16,8,128,fp8_e4m3,fp32,fp8_e4m3,False,0,16,128,128,128,1,fp8_joint_tile_comm_signaling_wave_v4,graph,single_replay_monotonic_epoch_nodes,10,50,one_mpi_process_per_gpu,per_sample_max_rank_cuda_event,not_run,0.03179199994,0.0322239995,540.3834051466722,0.05763199925,1.8127830699159218,True
production_qwen_dense,model,current production Qwen dense,4096,8,512,4096,2048,16,8,128,fp8_e4m3,fp32,fp8_e4m3,False,0,16,128,64,128,1,fp8_joint_tile_comm_signaling_wave_v4,graph,single_replay_monotonic_epoch_nodes,10,50,one_mpi_process_per_gpu,per_sample_max_rank_cuda_event,not_run,0.02992000058,0.03042079881,287.09673881964875,0.04268800095,1.4267379720084215,False
production_qwen_dense,model,current production Qwen dense,16384,4,4096,4096,2048,16,8,128,fp8_e4m3,fp32,fp8_e4m3,False,0,16,128,128,128,1,fp8_joint_tile_comm_signaling_wave_v4,graph,single_replay_monotonic_epoch_nodes,10,50,one_mpi_process_per_gpu,per_sample_max_rank_cuda_event,not_run,0.06873600185,0.06970240176,999.7595857548412,0.1341120005,1.9511172731964768,True
production_qwen_dense,model,current production Qwen dense,16384,8,2048,4096,2048,16,8,128,fp8_e4m3,fp32,fp8_e4m3,False,0,16,128,128,128,1,fp8_joint_tile_comm_signaling_wave_v4,graph,single_replay_monotonic_epoch_nodes,10,50,one_mpi_process_per_gpu,per_sample_max_rank_cuda_event,not_run,0.05236800015,0.05336160213,656.1208804915572,0.1047199965,1.9996943973427632,True
production_qwen_dense,model,current production Qwen dense,131072,4,32768,4096,2048,16,8,128,fp8_e4m3,fp32,fp8_e4m3,False,0,16,128,128,128,1,fp8_joint_tile_comm_signaling_wave_v4,graph,single_replay_monotonic_epoch_nodes,10,50,one_mpi_process_per_gpu,per_sample_max_rank_cuda_event,not_run,0.4502719939,0.4647519886,1220.9416115942004,0.778159976,1.7281998137615016,True
production_qwen_dense,model,current production Qwen dense,131072,8,16384,4096,2048,16,8,128,fp8_e4m3,fp32,fp8_e4m3,False,0,14,128,128,128,1,fp8_joint_tile_comm_signaling_wave_v4,graph,single_replay_monotonic_epoch_nodes,10,50,one_mpi_process_per_gpu,per_sample_max_rank_cuda_event,not_run,0.25177598,0.2531695962,1091.7558813354633,0.5214400291,2.07104756021603,True
production_qwen_dense,model,current production Qwen dense,262144,4,65536,4096,2048,16,8,128,fp8_e4m3,fp32,fp8_e4m3,False,0,16,128,128,128,1,fp8_joint_tile_comm_signaling_wave_v4,graph,single_replay_monotonic_epoch_nodes,10,50,one_mpi_process_per_gpu,per_sample_max_rank_cuda_event,not_run,0.930415988,0.9547696114,1181.741975586086,1.859663963,1.9987446335670662,True
production_qwen_dense,model,current production Qwen dense,262144,8,32768,4096,2048,16,8,128,fp8_e4m3,fp32,fp8_e4m3,False,0,16,128,128,128,1,fp8_joint_tile_comm_signaling_wave_v4,graph,single_replay_monotonic_epoch_nodes,10,50,one_mpi_process_per_gpu,per_sample_max_rank_cuda_event,not_run,0.4882079959,0.4916864038,1126.0688446417967,0.9974719882,2.0431291510520713,True
production_qwen_dense,model,current production Qwen dense,524288,4,131072,4096,2048,16,8,128,fp8_e4m3,fp32,fp8_e4m3,False,0,16,128,128,128,1,fp8_joint_tile_comm_signaling_wave_v4,graph,single_replay_monotonic_epoch_nodes,10,50,one_mpi_process_per_gpu,per_sample_max_rank_cuda_event,not_run,1.95281601,1.99396801,1126.0780556341301,3.816048145,1.9541257985692158,True
production_qwen_dense,model,current production Qwen dense,524288,8,65536,4096,2048,16,8,128,fp8_e4m3,fp32,fp8_e4m3,False,0,16,128,128,128,1,fp8_joint_tile_comm_signaling_wave_v4,graph,single_replay_monotonic_epoch_nodes,10,50,one_mpi_process_per_gpu,per_sample_max_rank_cuda_event,not_run,0.9518079758,0.9728783965,1155.1821961271696,2.334064007,2.4522425387728086,True
qwen25_14b_32b,model,Qwen2.5 14B/32B; Llama 4 uses the same QKV shape,1024,4,256,7168,5120,40,8,128,fp8_e4m3,fp32,fp8_e4m3,False,0,16,128,64,128,1,fp8_joint_tile_comm_signaling_wave_v4,graph,single_replay_monotonic_epoch_nodes,10,50,one_mpi_process_per_gpu,per_sample_max_rank_cuda_event,fused_vs_separated_reference,0.03060800023,0.03158719838,613.9075332854569,0.04956800118,1.6194459228805358,True
qwen25_14b_32b,model,Qwen2.5 14B/32B; Llama 4 uses the same QKV shape,1024,8,128,7168,5120,40,8,128,fp8_e4m3,fp32,fp8_e4m3,False,0,16,128,64,128,1,fp8_joint_tile_comm_signaling_wave_v4,graph,single_replay_monotonic_epoch_nodes,10,50,one_mpi_process_per_gpu,per_sample_max_rank_cuda_event,fused_vs_separated_reference,0.02612799965,0.02660959959,359.5851609711729,0.04009599984,1.534598912167392,True
qwen25_14b_32b,model,Qwen2.5 14B/32B; Llama 4 uses the same QKV shape,4096,4,1024,7168,5120,40,8,128,fp8_e4m3,fp32,fp8_e4m3,False,0,16,128,64,128,1,fp8_joint_tile_comm_signaling_wave_v4,graph,single_replay_monotonic_epoch_nodes,10,50,one_mpi_process_per_gpu,per_sample_max_rank_cuda_event,not_run,0.08315199614,0.08612160385,903.9100823683485,0.129519999,1.5576294618584003,True
qwen25_14b_32b,model,Qwen2.5 14B/32B; Llama 4 uses the same QKV shape,4096,8,512,7168,5120,40,8,128,fp8_e4m3,fp32,fp8_e4m3,False,0,16,128,64,128,1,fp8_joint_tile_comm_signaling_wave_v4,graph,single_replay_monotonic_epoch_nodes,10,50,one_mpi_process_per_gpu,per_sample_max_rank_cuda_event,not_run,0.05366399884,0.05458400026,700.3012196696001,0.09884800017,1.841979768684715,True
qwen25_14b_32b,model,Qwen2.5 14B/32B; Llama 4 uses the same QKV shape,16384,4,4096,7168,5120,40,8,128,fp8_e4m3,fp32,fp8_e4m3,False,0,16,128,256,128,2,fp8_joint_tile_comm_signaling_wave_v4,graph,single_replay_monotonic_epoch_nodes,10,50,one_mpi_process_per_gpu,per_sample_max_rank_cuda_event,not_run,0.2410880029,0.2425280064,1247.045506634789,0.4523199797,1.8761612948762787,True
qwen25_14b_32b,model,Qwen2.5 14B/32B; Llama 4 uses the same QKV shape,16384,8,2048,7168,5120,40,8,128,fp8_e4m3,fp32,fp8_e4m3,False,0,16,128,256,128,2,fp8_joint_tile_comm_signaling_wave_v4,graph,single_replay_monotonic_epoch_nodes,10,50,one_mpi_process_per_gpu,per_sample_max_rank_cuda_event,not_run,0.1617920101,0.1632768065,929.1179166825865,0.3010399938,1.860660446791742,True
qwen25_14b_32b,model,Qwen2.5 14B/32B; Llama 4 uses the same QKV shape,131072,4,32768,7168,5120,40,8,128,fp8_e4m3,fp32,fp8_e4m3,False,0,6,128,256,128,2,fp8_joint_tile_comm_signaling_wave_v4,graph,single_replay_monotonic_epoch_nodes,10,50,one_mpi_process_per_gpu,per_sample_max_rank_cuda_event,not_run,1.916383982,1.92563355,1255.062507488648,3.519135952,1.8363417692143913,True
qwen25_14b_32b,model,Qwen2.5 14B/32B; Llama 4 uses the same QKV shape,131072,8,16384,7168,5120,40,8,128,fp8_e4m3,fp32,fp8_e4m3,False,0,8,128,256,128,2,fp8_joint_tile_comm_signaling_wave_v4,graph,single_replay_monotonic_epoch_nodes,10,50,one_mpi_process_per_gpu,per_sample_max_rank_cuda_event,not_run,1.013328075,1.018180847,1186.7734374970316,1.89831996,1.873351786883039,True
qwen25_14b_32b,model,Qwen2.5 14B/32B; Llama 4 uses the same QKV shape,262144,4,65536,7168,5120,40,8,128,fp8_e4m3,fp32,fp8_e4m3,False,0,6,128,256,128,2,fp8_joint_tile_comm_signaling_wave_v4,graph,single_replay_monotonic_epoch_nodes,10,50,one_mpi_process_per_gpu,per_sample_max_rank_cuda_event,not_run,3.84849596,3.858750343,1249.9333301937518,7.099295616,1.8446935347698792,True
qwen25_14b_32b,model,Qwen2.5 14B/32B; Llama 4 uses the same QKV shape,262144,8,32768,7168,5120,40,8,128,fp8_e4m3,fp32,fp8_e4m3,False,0,6,128,256,128,2,fp8_joint_tile_comm_signaling_wave_v4,graph,single_replay_monotonic_epoch_nodes,10,50,one_mpi_process_per_gpu,per_sample_max_rank_cuda_event,not_run,1.949231982,1.971134424,1233.9124885957262,3.685311794,1.8906481260474208,True
qwen25_14b_32b,model,Qwen2.5 14B/32B; Llama 4 uses the same QKV shape,524288,4,131072,7168,5120,40,8,128,fp8_e4m3,fp32,fp8_e4m3,False,0,6,128,256,128,2,fp8_joint_tile_comm_signaling_wave_v4,graph,single_replay_monotonic_epoch_nodes,10,50,one_mpi_process_per_gpu,per_sample_max_rank_cuda_event,not_run,7.671808243,7.746267319,1254.0363938082335,14.1270237,1.8414203343637978,True
qwen25_14b_32b,model,Qwen2.5 14B/32B; Llama 4 uses the same QKV shape,524288,8,65536,7168,5120,40,8,128,fp8_e4m3,fp32,fp8_e4m3,False,0,6,128,256,128,2,fp8_joint_tile_comm_signaling_wave_v4,graph,single_replay_monotonic_epoch_nodes,10,50,one_mpi_process_per_gpu,per_sample_max_rank_cuda_event,not_run,3.858208179,3.873929739,1246.7868887175464,7.336336136,1.901487891693156,True
