operator,model,suite,aliases,global_seq,cp,local_tokens,hidden,projection_width,q_heads,kv_heads,head_dim,max_context,within_native_context,b_m,b_n,b_k,w_m,w_n,w_k,warmup,iterations,timing,process_model,cublas_b_p50_ms,cublas_w_beta0_p50_ms,cublas_w_beta1_p50_ms,cublas_total_beta0_p50_ms,cublas_total_beta1_p50_ms,cublas_total_beta0_p50_tflops_per_gpu,cublas_total_beta1_p50_tflops_per_gpu,eager_deferred_requested_comm_ctas,eager_deferred_weight_accumulation_beta,eager_deferred_comm_ctas,eager_deferred_gemm_policy,eager_deferred_tile_m,eager_deferred_tile_n,eager_deferred_data_phase_p50_ms,eager_deferred_data_phase_p95_ms,eager_deferred_data_phase_p50_tflops_per_gpu,eager_deferred_weight_phase_p50_ms,eager_deferred_weight_phase_p95_ms,eager_deferred_weight_phase_p50_tflops_per_gpu,eager_deferred_total_p50_ms,eager_deferred_total_p95_ms,eager_deferred_total_p50_tflops_per_gpu,eager_deferred_mfu_percent_of_989t,eager_deferred_throughput_as_cublas_percent,eager_deferred_forward_p50_tflops_per_gpu,eager_deferred_throughput_as_forward_percent,eager_immediate_requested_comm_ctas,eager_immediate_weight_accumulation_beta,eager_immediate_comm_ctas,eager_immediate_gemm_policy,eager_immediate_tile_m,eager_immediate_tile_n,eager_immediate_total_p50_ms,eager_immediate_total_p95_ms,eager_immediate_total_p50_tflops_per_gpu,eager_immediate_mfu_percent_of_989t,eager_immediate_throughput_as_cublas_percent,eager_immediate_forward_p50_tflops_per_gpu,eager_immediate_throughput_as_forward_percent,graph_deferred_requested_comm_ctas,graph_deferred_weight_accumulation_beta,graph_deferred_comm_ctas,graph_deferred_gemm_policy,graph_deferred_tile_m,graph_deferred_tile_n,graph_deferred_data_phase_p50_ms,graph_deferred_data_phase_p95_ms,graph_deferred_data_phase_p50_tflops_per_gpu,graph_deferred_weight_phase_p50_ms,graph_deferred_weight_phase_p95_ms,graph_deferred_weight_phase_p50_tflops_per_gpu,graph_deferred_total_p50_ms,graph_deferred_total_p95_ms,graph_deferred_total_p50_tflops_per_gpu,graph_deferred_mfu_percent_of_989t,graph_deferred_throughput_as_cublas_percent,graph_deferred_forward_p50_tflops_per_gpu,graph_deferred_throughput_as_forward_percent,graph_immediate_requested_comm_ctas,graph_immediate_weight_accumulation_beta,graph_immediate_comm_ctas,graph_immediate_gemm_policy,graph_immediate_tile_m,graph_immediate_tile_n,graph_immediate_total_p50_ms,graph_immediate_total_p95_ms,graph_immediate_total_p50_tflops_per_gpu,graph_immediate_mfu_percent_of_989t,graph_immediate_throughput_as_cublas_percent,graph_immediate_forward_p50_tflops_per_gpu,graph_immediate_throughput_as_forward_percent
qkv,artificial_small,artificial,Mx4096x4096 QKV stress shape,1024,4,256,4096,4096,16,8,128,,True,256,4096,4096,4096,4096,256,10,50,per-sample max-rank CUDA event,MPI one process per GPU,0.02233600058,0.02916800044,0.03036800027,0.05166399851,0.05276799947,332.53076957786556,325.5736309231736,0,1,10,m128n128,128,128,0.04252799973,0.04420959949,201.98303815216846,0.03311999887,0.03395839781,259.35793735128226,0.07577599585,0.07766400278,226.71914755179031,22.924079631121366,69.63682743867231,185.44764280088884,122.25507109584228,0,0,10,m128n128,128,128,0.07116799802,0.07344320416,241.39879808298141,24.408371899189223,72.59442438647933,185.44764280088884,130.1708635585981,0,1,10,m128n128,128,128,0.03932800144,0.0401775986,218.41777556647688,0.03081599995,0.03129919991,278.7491759455302,0.07016000152,0.0712319985,244.8670013084686,24.759049677297124,75.21094402336608,210.8683814156762,116.12314737019406,0,0,10,m128n128,128,128,0.06553599983,0.06684000045,262.14400068,26.50596569059656,78.83300574343279,210.8683814156762,124.3164095631987
qkv,artificial_small,artificial,Mx4096x4096 QKV stress shape,1024,8,128,4096,4096,16,8,128,,True,128,4096,4096,4096,4096,128,10,50,per-sample max-rank CUDA event,MPI one process per GPU,0.02123199962,0.02700800076,0.02841600031,0.04835199937,0.04956799746,177.6541757098389,173.29597789242624,0,1,10,m128n64,128,64,0.0438079983,0.04549759999,98.04071089000203,0.03286400065,0.03366719931,130.68911912889703,0.07671999931,0.07884319872,111.96473760760779,11.321004813711607,64.60896494499721,112.12842454521767,99.85401833810313,0,0,10,m128n64,128,64,0.06960000098,0.07112959772,123.41859872197949,12.4791303055591,69.47126248445636,112.12842454521767,110.0689670996036,0,1,10,m128n64,128,64,0.03872000054,0.03923520073,110.92374060178666,0.03055999987,0.03107840009,140.54212415806532,0.06926399469,0.06995519996,124.01731419686907,12.53966776510304,71.56387338305855,140.028925247104,88.56549743420523,0,0,10,m128n64,128,64,0.06366400421,0.06500159949,134.92608104990572,13.642677558130002,75.94872482495396,140.028925247104,96.35586419863361
qkv,artificial_small,artificial,Mx4096x4096 QKV stress shape,4096,4,1024,4096,4096,16,8,128,,True,1024,4096,4096,4096,4096,1024,10,50,per-sample max-rank CUDA event,MPI one process per GPU,0.0504960008,0.05807999894,0.06380800158,0.1085920036,0.1142719984,632.8226246669971,601.3675939704227,0,1,12,m128n160,128,160,0.09326399863,0.09512480348,368.41373812753926,0.0632160008,0.06416639686,543.5291371357993,0.1564799994,0.1593967974,439.1582119088377,44.404268140428485,73.02658412459068,380.6245307204992,115.37832600477373,0,0,12,m128n160,128,160,0.1469279975,0.1500447989,467.70852325813536,47.291053918921676,73.90831253927627,380.6245307204992,122.87923807033442,0,1,12,m128n160,128,160,0.08886399865,0.09029920399,386.65532600360876,0.06070400029,0.06131840125,566.0209904430337,0.149616003,0.1510927975,459.3056582055598,46.44142145657834,76.37685548918186,415.05290380092214,110.66195513858234,0,0,12,m128n160,128,160,0.1394239962,0.1409024,492.88127301575645,49.83632689744757,77.88616490681251,415.05290380092214,118.75143349247938
qkv,artificial_small,artificial,Mx4096x4096 QKV stress shape,4096,8,512,4096,4096,16,8,128,,True,512,4096,4096,4096,4096,512,10,50,per-sample max-rank CUDA event,MPI one process per GPU,0.03769600019,0.04704000056,0.04825599864,0.08476800472,0.08598399907,405.3385293365674,399.60619114758276,0,1,10,m128n160,128,160,0.06809599698,0.06989599764,252.2889735948176,0.05361599848,0.05479039997,320.4243075023304,0.1216959953,0.1239840016,282.34074821688074,28.548103965306446,70.65474821750358,260.87021063873635,108.23035237544913,0,0,10,m128n160,128,160,0.1141759977,0.1159887984,300.9366159276399,30.428373703502515,74.24327917215125,260.87021063873635,115.35875069476181,0,1,10,m128n160,128,160,0.06351999938,0.06500960141,270.4639381562916,0.0511040017,0.0519855991,336.1746362809784,0.114512004,0.1166608036,300.0535941018026,30.33908939350886,75.0873236573521,295.1461862727315,101.66270413012771,0,0,10,m128n160,128,160,0.1090560034,0.1106576025,315.06507937920634,31.856934214277686,77.72887514416284,295.1461862727315,106.74882279795703
qkv,artificial_small,artificial,Mx4096x4096 QKV stress shape,16384,4,4096,4096,4096,16,8,128,,True,4096,4096,4096,4096,4096,4096,10,50,per-sample max-rank CUDA event,MPI one process per GPU,0.1726559997,0.1784159988,0.1818400025,0.3511199951,0.3544960022,782.8603063910215,775.4048148303772,0,1,12,m128n256,128,256,0.2330719978,0.2352351993,589.6845385516319,0.1775999963,0.1784320027,773.8679973835112,0.4106559753,0.4128704071,669.3629789343528,67.68078654543505,86.32432584014565,581.1077255789518,115.18741697461914,0,0,12,m128n256,128,256,0.3976959884,0.399396807,691.1759609391122,69.886345898798,88.28854334503518,581.1077255789518,118.9411068748915,0,1,12,m128n256,128,256,0.2272479981,0.2284656018,604.7972022685115,0.1729760021,0.1740256101,794.5550354004857,0.4002720118,0.4016447663,686.7277722164235,69.43657959721168,88.5637745706606,600.4008349655913,114.3782173880187,0,0,12,m128n256,128,256,0.3893759847,0.3909983933,705.9446852013316,71.37964461085254,90.1750515945469,600.4008349655913,117.57889797768001
qkv,artificial_small,artificial,Mx4096x4096 QKV stress shape,16384,8,2048,4096,4096,16,8,128,,True,2048,4096,4096,4096,4096,2048,10,50,per-sample max-rank CUDA event,MPI one process per GPU,0.1147679985,0.1217600033,0.1253759861,0.236432001,0.2400000095,581.3043618913498,572.6622834654513,0,1,12,m128n256,128,256,0.1959680021,0.2398159951,350.66682315275796,0.1284959912,0.1305024028,534.7986041762211,0.3249120116,0.3684192002,423.0036088699652,42.77084012840902,73.8661548146963,393.45613823866506,107.5097241495765,0,0,12,m128n256,128,256,0.3073279858,0.3099040091,447.206111458529,45.218009247576234,76.93149076044868,393.45613823866506,113.66098225344243,0,1,12,m128n256,128,256,0.1857120097,0.1873871982,370.0324865742918,0.1241119951,0.1249135956,553.6892439818656,0.3100959957,0.3118783832,443.21421552622775,44.81437972964892,77.39539137170483,417.47348869007016,106.16583508498366,0,0,12,m128n256,128,256,0.298864007,0.3043423891,459.8712131702096,46.49860598283211,79.11022922208228,417.47348869007016,110.15578848208376
qkv,artificial_small,artificial,Mx4096x4096 QKV stress shape,131072,4,32768,4096,4096,16,8,128,,True,32768,4096,4096,4096,4096,32768,10,50,per-sample max-rank CUDA event,MPI one process per GPU,1.394351959,1.481440067,1.489583969,2.874815941,2.88481617,764.9266251066749,762.2750033157225,0,1,12,m128n256,128,256,1.534288049,1.569676876,716.62659986997,1.398800015,1.412460804,786.0391878648929,2.939248085,2.976569653,748.1584377903916,75.64797146515588,98.14810069018044,726.0684782219301,103.04240718761922,0,0,12,m128n256,128,256,2.985008001,3.012939215,736.6892332668156,74.48829456691765,96.30848359659052,726.0684782219301,101.46277594516906,0,1,12,m128n256,128,256,1.530591965,1.595524788,718.35711471019,1.396607995,1.423840046,787.2729009946703,2.920207977,3.018807888,753.0365209847517,76.14120535740665,98.7880381370522,734.6690742113417,102.50009799216433,0,0,12,m128n256,128,256,2.970432043,3.000697613,740.3041792301321,74.85380983115593,96.78107088073854,734.6690742113417,100.7670263002209
qkv,artificial_small,artificial,Mx4096x4096 QKV stress shape,131072,8,16384,4096,4096,16,8,128,,True,16384,4096,4096,4096,4096,16384,10,50,per-sample max-rank CUDA event,MPI one process per GPU,0.8435519934,0.8082079887,0.8089439869,1.652015924,1.652544022,665.5575238728751,665.3448338673062,0,1,12,m128n256,128,256,0.9776960015,0.9892784357,562.2972918417935,0.8015999794,0.8115296364,685.8231387424609,1.78015995,1.809784055,617.6476601307653,62.45173509916737,92.83121002694169,589.8768750567726,104.70789519784444,0,0,12,m128n256,128,256,1.770128012,1.777819157,621.1480866480972,62.80567104631923,93.32748325548786,589.8768750567726,105.30131166581414,0,1,12,m128n256,128,256,0.9683680534,0.9735215902,567.7137034392796,0.794975996,0.7960847616,691.5376271159764,1.763200045,1.769518495,623.5887021974299,63.0524471382639,93.72413678675922,598.7372973458911,104.15063584007565,0,0,12,m128n256,128,256,1.744064093,1.765295982,630.4307463177616,63.74426150836822,94.72220262033684,598.7372973458911,105.29338143996753
qkv,artificial_small,artificial,Mx4096x4096 QKV stress shape,262144,4,65536,4096,4096,16,8,128,,True,65536,4096,4096,4096,4096,65536,10,50,per-sample max-rank CUDA event,MPI one process per GPU,2.893136024,2.974544048,2.97636795,5.871568203,5.873519897,749.0412031417563,748.7923065265135,0,1,12,m128n256,128,256,3.108112097,3.166540861,707.5109220399526,2.769808054,2.798390388,793.9262261788485,5.903455734,5.938558578,744.995255198436,75.32813500489746,99.49290994378785,686.05249253263,108.59158203014654,0,0,12,m128n256,128,256,5.924367905,5.949097633,742.3655285473023,75.06223746686577,99.1087707102822,686.05249253263,108.20826928370849,0,1,12,m128n256,128,256,3.108256102,3.15596962,707.4781431739308,2.777088165,2.794654369,791.8449559025794,5.882608414,5.925694466,747.6354367965585,75.59508966598165,99.84550192091028,694.93281098383,107.5838447947387,0,0,12,m128n256,128,256,5.914912224,5.944609642,743.5522869229986,75.18223325813939,99.26720770556611,694.93281098383,106.99628441350137
qkv,artificial_small,artificial,Mx4096x4096 QKV stress shape,262144,8,32768,4096,4096,16,8,128,,True,32768,4096,4096,4096,4096,32768,10,50,per-sample max-rank CUDA event,MPI one process per GPU,1.60452795,1.589920044,1.57862401,3.203455925,3.183983803,686.453413761889,690.6515207395356,0,1,12,m128n256,128,256,1.84444809,1.878982425,596.1195838132804,1.587007999,1.592772722,692.8204700094899,3.432575941,3.467707157,640.6335339259432,64.77588816238051,92.75785467611304,629.7779072868251,101.72372300036464,0,0,12,m128n256,128,256,3.416399956,3.438182354,643.6668082991862,65.08258931235451,93.7670052176994,629.7779072868251,102.20536491541858,0,1,12,m128n256,128,256,1.831807971,1.858804822,600.2330185165463,1.583119988,1.584806442,694.5219794521349,3.414080143,3.44406867,644.1041696284516,65.1268118936756,93.26037086528932,633.5461075247185,101.66650256048193,0,0,12,m128n256,128,256,3.392863989,3.437604904,648.1318622501376,65.53406089485719,94.41745779924926,633.5461075247185,102.30224044504133
qkv,artificial_small,artificial,Mx4096x4096 QKV stress shape,524288,4,131072,4096,4096,16,8,128,,True,131072,4096,4096,4096,4096,131072,10,50,per-sample max-rank CUDA event,MPI one process per GPU,5.722576141,6.003824234,6.327536106,11.71967983,12.05319977,750.540385897897,729.7724413479956,0,1,12,m128n256,128,256,6.193232059,6.199638367,710.1375290326417,5.471663952,5.627721786,803.7859323389969,11.66593552,11.70698261,753.9980833194251,76.2384310737538,103.31961589652265,695.7366736092758,108.37406046283377,0,0,12,m128n256,128,256,11.80630398,12.12124157,745.0335885903559,75.33201097981353,99.26628900842515,695.7366736092758,107.08557085618934,0,1,12,m128n256,128,256,6.188464165,6.24072504,710.6846535490927,5.508527756,5.674129486,798.4068894476493,11.6992321,11.91481876,751.852168332313,76.02145281418736,103.02556327607178,693.1383824190079,108.47071629598663,0,0,12,m128n256,128,256,11.8854723,12.07905579,740.0709706931882,74.8302295948623,98.60508303065079,693.1383824190079,106.77102718080458
qkv,artificial_small,artificial,Mx4096x4096 QKV stress shape,524288,8,65536,4096,4096,16,8,128,,True,65536,4096,4096,4096,4096,65536,10,50,per-sample max-rank CUDA event,MPI one process per GPU,3.190000057,3.128416061,3.138639927,6.314511776,6.330512047,696.4982673434798,694.7378787768382,0,1,12,m128n256,128,256,3.614192009,3.662459135,608.4411813417853,3.104720116,3.151017666,708.2838946478485,6.746479988,6.78924942,651.9024022789408,65.91530862274428,93.83429667411917,640.224690541119,101.82400209025863,0,0,12,m128n256,128,256,6.723855972,6.774161816,654.0958832876083,66.13709638904027,93.91206180345588,640.224690541119,102.1666132143022,0,1,12,m128n256,128,256,3.583071947,3.620782375,613.7256767599034,3.099839926,3.102816105,709.3989715751536,6.683248043,6.720345497,658.0702201694417,66.53895047213767,94.72208731846405,642.5233127569859,102.4196643302709,0,0,12,m128n256,128,256,6.718383789,6.785148621,654.6286501680531,66.19096563883247,93.988554008164,642.5233127569859,101.88403084693142
qkv,artificial_medium,artificial,Mx5120x5120 QKV stress shape,1024,4,256,5120,5120,24,8,128,,True,256,5120,5120,5120,5120,256,10,50,per-sample max-rank CUDA event,MPI one process per GPU,0.03110400029,0.03891199827,0.0485920012,0.07017600536,0.07963199914,382.5174354438347,337.0949604418031,0,1,10,m128n128,128,128,0.05900799856,0.08250399679,227.45683852253674,0.0561439991,0.05720800161,239.0597929458858,0.1154239923,0.1387231946,232.5646953038203,23.51513602667546,68.9908549801565,269.9037395224415,86.16579218773046,0,0,10,m128n128,128,128,0.09435200691,0.09609439969,284.5042355654966,28.76685900561138,74.37680199737471,269.9037395224415,105.40951973058567,0,1,10,m128n128,128,128,0.04710400105,0.04824479669,284.93912408317595,0.05384000018,0.05472319946,249.28998430772293,0.1010880023,0.1026192009,265.54630608226,26.849980392543987,78.77492613186205,307.1624963525238,86.45140902146407,0,0,10,m128n128,128,128,0.08838400245,0.09017920494,303.7149807193417,30.709300376070953,79.3989901053638,307.1624963525238,98.87762481614115
qkv,artificial_medium,artificial,Mx5120x5120 QKV stress shape,1024,8,128,5120,5120,24,8,128,,True,128,5120,5120,5120,5120,128,10,50,per-sample max-rank CUDA event,MPI one process per GPU,0.03156799823,0.04004799947,0.04905600101,0.07169599831,0.08064000309,187.2039321074348,166.44062854288762,0,1,10,m128n64,128,64,0.05060800165,0.05163360015,132.6052438587051,0.05582400039,0.05656159669,120.21507511314346,0.1064160019,0.1078975946,126.1255127082537,12.75283242752818,75.77808003516057,152.52014628647353,82.69432975192427,0,0,10,m128n64,128,64,0.0934240073,0.09523040056,143.66513691604408,14.526303024878068,76.74258510424653,152.52014628647353,94.19420346358875,0,1,10,m128n64,128,64,0.04604800045,0.04683359712,145.7367602158282,0.05403199792,0.05491520092,124.20207762696776,0.100255996,0.1010559946,133.87501332089903,13.536401751354806,80.43409502410209,187.8326909207549,71.27354278142127,0,0,10,m128n64,128,64,0.08694399893,0.08870080113,154.37261875665604,15.608960440511229,82.46227363860223,187.8326909207549,82.18623605929417
qkv,artificial_medium,artificial,Mx5120x5120 QKV stress shape,4096,4,1024,5120,5120,24,8,128,,True,1024,5120,5120,5120,5120,1024,10,50,per-sample max-rank CUDA event,MPI one process per GPU,0.07294400036,0.08588799834,0.09839999676,0.1589599997,0.1713919938,675.4792564333403,626.4830697126764,0,1,12,m128n192,128,192,0.1212960035,0.1250095963,442.6122019758054,0.1046880037,0.1107776016,512.8294484805425,0.2264640033,0.2310016006,474.13355250882825,47.94070298370356,75.681782226977,501.1115717022027,94.61636475451283,0,0,12,m128n192,128,192,0.2069439888,0.2108335942,518.8562519869628,52.462715064404726,76.81305488589287,501.1115717022027,103.54106376439961,0,1,12,m128n192,128,192,0.1168000028,0.1199024022,459.64974240565687,0.1015840024,0.1021791995,528.4994677469018,0.2184000015,0.2217136025,491.6400259273808,49.71082163067551,78.47618709837784,532.5255223758066,92.32234048313411,0,0,12,m128n192,128,192,0.1999039948,0.2025167942,537.1287477642742,54.31028794380932,79.51817063937933,532.5255223758066,100.86441404121453
qkv,artificial_medium,artificial,Mx5120x5120 QKV stress shape,4096,8,512,5120,5120,24,8,128,,True,512,5120,5120,5120,5120,512,10,50,per-sample max-rank CUDA event,MPI one process per GPU,0.05375999957,0.06852799654,0.0787839964,0.1222559959,0.1327359974,439.1366722325314,404.4651959649945,0,1,10,m128n192,128,192,0.08745600283,0.08864159882,306.9377141804595,0.08892799914,0.08955359459,301.85707380799164,0.1763200015,0.1779408008,304.4866761755331,30.78732822806199,75.28130460003428,315.5984971127632,96.47912742332868,0,0,10,m128n192,128,192,0.158912003,0.1605039984,337.8416367956799,34.15992283070575,76.93314135622593,315.5984971127632,107.04792319558139,0,1,10,m128n192,128,192,0.08230400085,0.08374399692,326.1511630391173,0.08723200113,0.08799999952,307.7258947664818,0.1696159989,0.1714079976,316.5213868277375,32.00418471463473,78.25676720405176,347.7143414217649,91.02914350139172,0,0,10,m128n192,128,192,0.1494240016,0.1512496024,359.2936250209484,36.32898129635474,81.81817819822061,347.7143414217649,103.33011389516955
qkv,artificial_medium,artificial,Mx5120x5120 QKV stress shape,16384,4,4096,5120,5120,24,8,128,,True,4096,5120,5120,5120,5120,4096,10,50,per-sample max-rank CUDA event,MPI one process per GPU,0.2596800029,0.2780479789,0.2860959768,0.5386239886,0.5477600098,797.3962145955561,784.0965421276726,0,1,12,m128n256,128,256,0.3304319978,0.3327856064,649.9018443425094,0.3047359884,0.3060415983,704.702998577637,0.6351840496,0.6381679773,676.1768181528972,68.36974905489355,86.23642393806105,620.1151738705563,109.04052128452565,0,0,12,m128n256,128,256,0.6152000427,0.6170160174,698.1415796315907,70.5906551700294,87.55265786980091,620.1151738705563,112.58256676320612,0,1,12,m128n256,128,256,0.3368639946,0.3383632004,637.492781189029,0.3054879904,0.3084591925,702.9682722349008,0.6422079802,0.6460927725,668.7813649812382,67.62197825897252,85.2932424834418,639.4060871635976,104.59415047922818,0,0,12,m128n256,128,256,0.6086879969,0.6131520271,705.6106441845296,71.34586897720219,88.48933958664695,639.4060871635976,110.3540704960466
qkv,artificial_medium,artificial,Mx5120x5120 QKV stress shape,16384,8,2048,5120,5120,24,8,128,,True,2048,5120,5120,5120,5120,2048,10,50,per-sample max-rank CUDA event,MPI one process per GPU,0.1716319919,0.1858880073,0.1918239892,0.357919991,0.3636960089,599.9898586273713,590.4611531193517,0,1,12,m128n256,128,256,0.2452320009,0.2485072017,437.84735273511365,0.218080014,0.2194560021,492.36140639646146,0.4633280039,0.4666448236,463.49101067145745,46.86461179691178,78.49644438467752,458.17482159526554,101.16029707998403,0,0,12,m128n256,128,256,0.4463199973,0.4480879903,481.15335655833053,48.650491057465175,80.19358154804327,458.17482159526554,105.01523302460375,0,1,12,m128n256,128,256,0.2374719977,0.2400704026,452.1551317206105,0.2147359997,0.2159456015,500.02879139971236,0.4524639845,0.4552303851,474.6197977222649,47.98986832378815,80.38120631897499,481.274124855998,98.61735198506169,0,0,12,m128n256,128,256,0.4300799966,0.4327071905,499.3219087092971,50.48755396453964,83.22172475575209,481.274124855998,103.75000086669922
qkv,artificial_medium,artificial,Mx5120x5120 QKV stress shape,131072,4,32768,5120,5120,24,8,128,,True,32768,5120,5120,5120,5120,32768,10,50,per-sample max-rank CUDA event,MPI one process per GPU,2.19017601,2.377984047,2.424160004,4.568943977,4.59800005,752.0280078058835,747.275728455027,0,1,12,m128n256,128,256,2.402495861,2.485385418,715.084236476027,2.442016125,2.539281607,703.51170117683,4.779503822,4.937515259,718.8976020866963,72.68934298146576,96.20245576194456,688.4902303019401,104.41652915995931,0,0,12,m128n256,128,256,4.912384033,4.959115505,699.4513893291127,70.7230929554209,93.00868878139683,688.4902303019401,101.59205730811395,0,1,12,m128n256,128,256,2.471632004,2.502374172,695.0820007265127,2.420559883,2.485519886,709.7477449187321,4.88931179,4.921737671,702.7520404461668,71.05682916543648,94.04186616619923,666.4071671362709,105.45385390527528,0,0,12,m128n256,128,256,4.920080185,5.015708923,698.3572843538932,70.61246555651094,92.86320151711105,666.4071671362709,104.79438379315764
qkv,artificial_medium,artificial,Mx5120x5120 QKV stress shape,131072,8,16384,5120,5120,24,8,128,,True,16384,5120,5120,5120,5120,16384,10,50,per-sample max-rank CUDA event,MPI one process per GPU,1.267071962,1.265792012,1.263967991,2.53256011,2.531136036,678.3597797408252,678.7414401933789,0,1,12,m128n256,128,256,1.466383934,1.483995199,585.7902826695863,1.408463955,1.431393623,609.8796182540575,2.875567913,2.904590368,597.4426514613847,60.40876152289026,88.02212684865218,611.5469110403949,97.6936749537308,0,0,12,m128n256,128,256,2.863071918,2.89040637,600.0502144564012,60.6724180441255,88.45604240948026,611.5469110403949,98.1200630112848,0,1,12,m128n256,128,256,1.455456018,1.475564837,590.1885378717091,1.405679941,1.407689571,611.0875129860019,2.86126399,2.881995201,600.4293642265425,60.71075472462512,88.46216374463232,615.9531027605691,97.47972070203842,0,0,12,m128n256,128,256,2.841088057,2.857915163,604.6933019788481,61.141890998872405,89.14050037133362,615.9531027605691,98.17197109142612
qkv,artificial_medium,artificial,Mx5120x5120 QKV stress shape,262144,4,65536,5120,5120,24,8,128,,True,65536,5120,5120,5120,5120,65536,10,50,per-sample max-rank CUDA event,MPI one process per GPU,4.484255791,4.890288353,4.907760143,9.369280815,9.380464554,733.4551935510539,732.5807409687058,0,1,12,m128n256,128,256,4.891856194,4.903748512,702.3865176196961,4.703135967,4.770409584,730.5708065658396,9.597759247,9.645440102,715.9950043285348,72.39585483605003,97.73598516687193,693.6786880513192,103.2170970020582,0,0,12,m128n256,128,256,9.817088127,10.75306416,699.9985723567092,70.77841985406565,95.43849147316512,693.6786880513192,100.91106796478695,0,1,12,m128n256,128,256,4.948207855,5.437990189,694.3875313014715,4.793631554,4.9369874,716.7788759094104,9.714752197,10.2875452,707.3724099439322,71.52400504994259,96.5589689142742,680.1085948509183,104.00874438279818,0,0,12,m128n256,128,256,9.683679581,10.04926872,709.6421991371133,71.75350850729153,96.75331300080529,680.1085948509183,104.34248361361597
qkv,artificial_medium,artificial,Mx5120x5120 QKV stress shape,262144,8,32768,5120,5120,24,8,128,,True,32768,5120,5120,5120,5120,32768,10,50,per-sample max-rank CUDA event,MPI one process per GPU,2.432496071,2.480015993,2.479023933,4.918319702,4.914063931,698.6072571497915,699.2122782783551,0,1,12,m128n256,128,256,2.805520058,2.834068775,612.3595208314849,2.760479927,2.780484915,622.3508099430567,5.565040112,5.596190453,617.4212166756796,62.428838895417556,88.30239912204249,646.5053099353047,95.50133729566188,0,0,12,m128n256,128,256,5.543359756,5.57930088,619.8359817944314,62.673001192561316,88.72452661360339,646.5053099353047,95.87484778067143,0,1,12,m128n256,128,256,2.785104036,2.817692757,616.848382032936,2.764528036,2.777387142,621.4394992664852,5.549488068,5.576969624,619.1514955429578,62.603791258135274,88.54986028956357,646.8869749838512,95.71246902264716,0,0,12,m128n256,128,256,5.54206419,5.603145599,619.980880589548,62.68765223352356,88.74526770863692,646.8869749838512,95.84068076266723
qkv,artificial_medium,artificial,Mx5120x5120 QKV stress shape,524288,4,131072,5120,5120,24,8,128,,True,131072,5120,5120,5120,5120,131072,10,50,per-sample max-rank CUDA event,MPI one process per GPU,8.925039291,9.95505619,9.943807602,18.89054298,18.82540894,727.5542773837198,730.0715427220888,0,1,12,m128n256,128,256,9.76742363,9.881203651,703.5578606924823,9.948688507,11.85952759,690.739052566057,19.66670418,21.68955231,698.8408032890848,70.66135523651009,95.72223575287438,686.1923514976229,101.84328078910475,0,0,12,m128n256,128,256,20.02428818,23.80119705,686.3612440879284,69.39951911910296,94.3381498018373,686.1923514976229,100.02461300973945,0,1,12,m128n256,128,256,9.85204792,10.3013792,697.5146415649996,9.813375473,11.42241573,700.2633999389009,19.77889633,21.28900146,694.8767574231985,70.26054170103119,95.17926898401414,693.1883460846301,100.24357180095497,0,0,12,m128n256,128,256,20.12168121,23.93430138,683.0391160540606,69.06361133003647,93.88153396750887,693.1883460846301,98.53586257070017
qkv,artificial_medium,artificial,Mx5120x5120 QKV stress shape,524288,8,65536,5120,5120,24,8,128,,True,65536,5120,5120,5120,5120,65536,10,50,per-sample max-rank CUDA event,MPI one process per GPU,4.964960098,4.928864002,4.954256058,9.894815445,9.924751282,694.4998329476169,692.4050264174671,0,1,12,m128n256,128,256,5.541359901,5.561979294,620.0596781631058,5.484288216,5.519080162,626.5122658535348,10.99302483,11.06997776,625.1189076591943,63.20716963187,90.28226021026828,650.3978791905245,96.11330658660941,0,0,12,m128n256,128,256,11.02144051,11.12828541,623.5072146299685,63.04420774822735,89.77787827300989,650.3978791905245,95.865505497339,0,1,12,m128n256,128,256,5.533776283,5.556909084,620.9094226225697,5.478256226,5.530928135,627.2021050225335,11.00091171,11.076087,624.6707413671262,63.16185453661539,90.21753417926486,650.2442245728797,96.06709567892713,0,0,12,m128n256,128,256,11.10035133,11.17566395,619.0747904553035,62.59603543531886,89.13966009578546,650.2442245728797,95.20650350442556
qkv,artificial_large,artificial,Mx7168x16384 QKV stress shape,1024,4,256,16384,7168,40,8,128,,True,256,16384,7168,7168,16384,256,10,50,per-sample max-rank CUDA event,MPI one process per GPU,0.08519999683,0.134928003,0.2234719992,0.2201119959,0.3088319898,546.3540676021829,389.39970035448704,0,1,10,m128n160,128,160,0.1462720037,0.1822208017,411.08032038259427,0.1900479943,0.1914415956,316.3913534866492,0.3362559974,0.3758608103,357.6414553728938,36.161926731334056,91.84430677458602,468.8244244237192,76.28473192549814,0,0,10,m128n160,128,160,0.2866080105,0.2893759906,419.5942886530033,42.42611614287191,76.79896856895421,468.8244244237192,89.49923826361439,0,1,10,m128n160,128,160,0.141072005,0.1427375972,426.2329875016663,0.188319996,0.1892928034,319.29451689240693,0.3294399977,0.3312703967,365.04093348589777,36.91010449806853,93.74453374093136,494.03134069956184,73.89023800979709,0,0,10,m128n160,128,160,0.2751840055,0.2776768208,437.01335064693654,44.187396425372754,79.98720547005048,494.03134069956184,88.45862896635539
qkv,artificial_large,artificial,Mx7168x16384 QKV stress shape,1024,8,128,16384,7168,40,8,128,,True,128,16384,7168,7168,16384,128,10,50,per-sample max-rank CUDA event,MPI one process per GPU,0.06899199635,0.1169279963,0.2191840112,0.1860000044,0.2883520126,323.27710065366,208.5282554535567,0,1,10,m128n160,128,160,0.09304000437,0.09486559778,323.13810898416233,0.1927039921,0.199624002,156.0152996539816,0.286303997,0.2914111912,210.0199185972245,21.23558327575576,100.71532902839634,298.07236370911903,70.45937301392269,0,0,10,m128n160,128,160,0.227760002,0.2303104103,264.0039586230773,26.694030194446647,81.66491164677808,298.07236370911903,88.57042475789935,0,1,10,m128n160,128,160,0.08848000318,0.09006559849,339.7917042434717,0.1913920045,0.192484796,157.08478079082974,0.2799519897,0.2818816006,214.78519301983013,21.71741082101417,103.00052266426165,328.6198173120855,65.35978103105442,0,0,10,m128n160,128,160,0.2133280039,0.2161920071,281.86427025392516,28.4999262137437,87.18968021056891,328.6198173120855,85.77214623250877
qkv,artificial_large,artificial,Mx7168x16384 QKV stress shape,4096,4,1024,16384,7168,40,8,128,,True,1024,16384,7168,7168,16384,1024,10,50,per-sample max-rank CUDA event,MPI one process per GPU,0.2828640044,0.3299840093,0.3857919872,0.6146720052,0.6700159907,782.5902808042836,717.9475472659044,0,1,12,m128n256,128,256,0.382032007,0.3847504258,629.575962665348,0.4103360176,0.4244079888,586.149297794423,0.7930080295,0.8062527776,606.5970573529986,61.33438395884718,84.49044218662605,698.3686889302154,86.8591428808477,0,0,12,m128n256,128,256,0.7295359969,0.7321792245,659.3729976259654,66.67067721192774,84.255198895176,698.3686889302154,94.41617416096003,0,1,12,m128n256,128,256,0.3821920156,0.3849295974,629.31238424333,0.4099680185,0.412745595,586.6754422845303,0.7921280265,0.7966752052,607.2709474470286,61.402522492116134,84.58430560277618,715.9983456775718,84.81457409965786,0,0,12,m128n256,128,256,0.7584800124,0.7635936141,634.210960457473,64.12648740722679,81.0399740469153,715.9983456775718,88.57715444262642
qkv,artificial_large,artificial,Mx7168x16384 QKV stress shape,4096,8,512,16384,7168,40,8,128,,True,512,16384,7168,7168,16384,512,10,50,per-sample max-rank CUDA event,MPI one process per GPU,0.1872479916,0.2491840124,0.2854560018,0.4364799857,0.4726719856,551.0405435664401,508.8479450938715,0,1,10,m128n256,128,256,0.3090080023,0.3120031953,389.1778963421363,0.3092960119,0.3106735945,388.8155024995329,0.618448019,0.6218799949,388.90603767298995,39.32315851091911,76.42873306705508,493.02675088899144,78.88132580468337,0,0,10,m128n256,128,256,0.5660480261,0.5686032176,424.90770656535994,42.96336770124974,77.11006232232491,493.02675088899144,86.18349933329094,0,1,10,m128n256,128,256,0.3014079928,0.3037791848,398.99102598715154,0.3071680069,0.3081519902,391.50914674245655,0.6084799767,0.6113168001,395.2770473737103,39.96734553829224,77.68077894090545,516.7899346802243,76.48698646158755,0,0,10,m128n256,128,256,0.5419360399,0.5441663861,443.812831898726,44.87490716872861,80.54086710685283,516.7899346802243,85.87876855096751
qkv,artificial_large,artificial,Mx7168x16384 QKV stress shape,16384,4,4096,16384,7168,40,8,128,,True,4096,16384,7168,7168,16384,4096,10,50,per-sample max-rank CUDA event,MPI one process per GPU,1.210000038,1.31854403,1.394160032,2.529135942,2.609456062,760.7915876148662,737.3741128000645,0,1,12,m128n256,128,256,1.377439976,1.443201661,698.4497989508038,1.432863951,1.443622351,671.433372046639,2.815711975,2.869688034,683.36014680905,69.09607146704246,92.67482204034735,748.1590272708904,91.33888944731287,0,0,12,m128n256,128,256,2.867615938,2.900836945,670.9913008608756,67.84542981404202,88.19646691474064,748.1590272708904,89.68565190057191,0,1,12,m128n256,128,256,1.420223951,1.460236788,677.4091322897285,1.420928001,1.453633547,677.073485515752,2.839040041,2.911774397,677.7450549553556,68.52831698234131,91.91332366981575,745.312048551308,90.93440207664898,0,0,12,m128n256,128,256,2.879663944,2.91090703,668.1839916137103,67.56157650290295,87.82746845407597,745.312048551308,89.65157519088622
qkv,artificial_large,artificial,Mx7168x16384 QKV stress shape,16384,8,2048,16384,7168,40,8,128,,True,2048,16384,7168,7168,16384,2048,10,50,per-sample max-rank CUDA event,MPI one process per GPU,0.7036960125,0.7705600262,0.7819679976,1.473999977,1.486063957,652.6951759267225,647.3965469468686,0,1,12,m128n256,128,256,0.8506079912,0.8580015898,565.5205948316748,0.8297759891,0.8436304331,579.7183137026494,1.680288076,1.69709444,572.564126381386,57.893238258987466,88.44102259760368,588.8587527009612,97.23284637532593,0,0,12,m128n256,128,256,1.626896024,1.64314878,591.3547394003589,59.79319913047107,90.60197795406253,588.8587527009612,100.42386848933623,0,1,12,m128n256,128,256,0.8449119925,0.8557952046,569.3330683219057,0.8269599676,0.8395903707,581.6924107560634,1.673807979,1.690572858,574.7807910909713,58.117370181089115,88.7834193434682,593.6961326857435,96.81396920859102,0,0,12,m128n256,128,256,1.601151943,1.623475194,600.8628216141758,60.7545825696841,92.0587195640058,593.6961326857435,101.20713080882166
qkv,artificial_large,artificial,Mx7168x16384 QKV stress shape,131072,4,32768,16384,7168,40,8,128,,True,32768,16384,7168,7168,16384,32768,10,50,per-sample max-rank CUDA event,MPI one process per GPU,9.937055588,11.18545532,10.83790398,21.12108803,20.77748871,728.8053895234866,740.8577140246705,0,1,12,m128n256,128,256,11.48291206,11.50269604,670.2638977130684,11.18035126,14.34615135,688.4024674580752,22.67456055,25.84514809,678.8736987832825,68.64243668182836,91.63347913263085,719.2916196871514,94.38087142994266,0,0,12,m128n256,128,256,23.44484711,24.48932838,656.569126539465,66.38717154089635,90.08840164707732,719.2916196871514,91.27996330960077,0,1,12,m128n256,128,256,11.43345642,11.528862,673.1631373491516,11.28923225,14.19068432,681.7630485396384,22.78577423,25.52397156,675.5602260201979,68.30740404653163,91.18623093633627,701.0444053409749,96.36482666053344,0,0,12,m128n256,128,256,23.46281624,25.03038025,656.0662893749877,66.336328551566,90.0194069371444,701.0444053409749,93.58412739288453
qkv,artificial_large,artificial,Mx7168x16384 QKV stress shape,131072,8,16384,16384,7168,40,8,128,,True,16384,16384,7168,7168,16384,16384,10,50,per-sample max-rank CUDA event,MPI one process per GPU,5.570336342,5.507328033,5.808703899,11.07721615,11.37710381,694.8118814520018,676.4974217486727,0,1,12,m128n256,128,256,6.149295807,6.198574543,625.8099818251271,5.588352203,5.616588593,688.6270867376825,11.73496056,11.79033947,655.8676831575137,66.31624703311564,96.95050743314982,683.4922158191813,95.95832519781385,0,0,12,m128n256,128,256,11.70166397,11.76252747,657.733926915353,66.50494710974246,94.66359808655486,683.4922158191813,96.23137055438788,0,1,12,m128n256,128,256,6.125951767,6.241219044,628.1947432146669,5.641615868,5.706073761,682.1256156492362,11.77080059,11.85617924,653.8706807224911,66.11432565444804,96.65531008711106,684.5095594477733,95.52396627594214,0,0,12,m128n256,128,256,11.7848959,11.90198708,653.0886195127104,66.03524969794847,93.99502756744758,684.5095594477733,95.40971495556443
qkv,artificial_large,artificial,Mx7168x16384 QKV stress shape,262144,4,65536,16384,7168,40,8,128,,True,65536,16384,7168,7168,16384,65536,10,50,per-sample max-rank CUDA event,MPI one process per GPU,20.17907143,21.86593628,22.33740807,42.6395874,42.71201324,722.012745782995,720.7884443362286,0,1,12,m128n256,128,256,22.88300705,28.27373886,672.6896843246832,22.08705521,23.76630974,696.9314217087068,45.8523674,50.04826736,671.4228146424562,67.88906113674987,93.15116244139664,692.2616360988259,96.98974775291538,0,0,12,m128n256,128,256,46.26926422,49.97307968,665.3731390960944,67.27736492377092,92.1553176148605,692.2616360988259,96.1158475927889,0,1,12,m128n256,128,256,23.15715218,27.17499542,664.7260712031128,22.45244789,23.84326553,685.5895118554043,46.17705536,49.11309433,666.7017924316601,67.41170803151266,92.49618215586452,688.4679468311502,96.8384651021628,0,0,12,m128n256,128,256,46.6359024,51.95436096,660.142165014223,66.74844944532083,91.43081875906834,688.4679468311502,95.8856789270577
qkv,artificial_large,artificial,Mx7168x16384 QKV stress shape,262144,8,32768,16384,7168,40,8,128,,True,32768,16384,7168,7168,16384,32768,10,50,per-sample max-rank CUDA event,MPI one process per GPU,10.92367935,11.15380859,11.0468483,22.07137489,21.96886444,697.4265475341215,700.6808581711108,0,1,12,m128n256,128,256,12.17500782,12.20686436,632.162336831419,11.16899204,14.87381649,689.1025946538324,23.32641602,26.95084572,659.9026089419801,66.72422739554905,94.18019648266568,686.3398385577588,96.14808464691012,0,0,12,m128n256,128,256,23.40564728,27.99421501,657.6687499694732,66.49835692310143,94.29935701397959,686.3398385577588,95.82261046531502,0,1,12,m128n256,128,256,12.16649628,12.21659184,632.6045902865307,11.29168034,14.46356773,681.6152390683069,23.36916733,26.62400246,658.6953900194441,66.6021627926637,94.00790421744138,684.030626735436,96.29618386578603,0,0,12,m128n256,128,256,23.48897552,29.57462692,655.3356392984142,66.26245088962732,93.96482563152674,684.030626735436,95.8050142324811
qkv,artificial_large,artificial,Mx7168x16384 QKV stress shape,524288,4,131072,16384,7168,40,8,128,,True,131072,16384,7168,7168,16384,131072,10,50,per-sample max-rank CUDA event,MPI one process per GPU,40.32878113,45.01086426,45.01462555,85.79873657,85.80302429,717.6405343127769,717.6046726202873,0,1,12,m128n256,128,256,46.81145477,51.71621704,657.6664991291403,44.74417877,45.9607048,688.0520868643043,92.06150818,97.12676239,668.8207957126691,67.62596518833863,93.20184514274594,669.735038028783,99.8634919387218,0,0,12,m128n256,128,256,92.68664551,96.91940308,664.3098454654171,67.16985292875805,92.56860694213293,669.735038028783,99.18994941949971,0,1,12,m128n256,128,256,46.76806641,51.89403915,658.2766391886843,44.80500793,46.12537384,687.1179584618366,91.86535645,97.27972412,670.2488678522512,67.77036075351378,93.40085055534556,670.1222006220662,100.01890210920747,0,0,12,m128n256,128,256,93.22157288,97.99394226,660.4978789053017,66.78441647171908,92.03742644467597,670.1222006220662,98.56379601991543
qkv,artificial_large,artificial,Mx7168x16384 QKV stress shape,524288,8,65536,16384,7168,40,8,128,,True,65536,16384,7168,7168,16384,65536,10,50,per-sample max-rank CUDA event,MPI one process per GPU,21.88007927,21.99582291,22.28251266,43.90105438,44.22092819,701.2661999241942,696.1935634967051,0,1,12,m128n256,128,256,24.26899147,29.00895691,634.2728665874799,22.20081711,23.7839222,693.3601908702,47.02334595,50.91572571,654.7029981759093,66.1984831320434,94.0403693029845,680.6729475250414,96.18466556610483,0,0,12,m128n256,128,256,46.64969635,51.73937988,659.946966144143,66.72871245137947,94.10791026510078,680.6729475250414,96.95507490693451,0,1,12,m128n256,128,256,24.26505661,27.8173542,634.375721279803,22.7321434,24.04562378,677.1540420981155,47.13285065,50.83864594,653.1819135307912,66.0446828645896,93.82188342134575,683.5917353760133,95.55146437975951,0,0,12,m128n256,128,256,47.35910416,53.88131714,650.0614005222349,65.72916082125731,92.69823650312898,683.5917353760133,95.09497656004649
qkv,production_qwen_dense,model,current production Qwen dense,1024,4,256,2048,4096,16,8,128,,True,256,2048,4096,4096,2048,256,10,50,per-sample max-rank CUDA event,MPI one process per GPU,0.01929599978,0.01903999969,0.01988800056,0.03843200207,0.03920000046,223.50994299891804,219.1309819183609,0,1,10,m128n64c2,128,64,0.04070400074,0.04151039943,105.51707984270246,0.0198400002,0.02040799893,216.48020426935278,0.06054399908,0.06175199896,141.87920722992982,14.34572368351161,64.74630195505084,115.90477675055553,122.41014668038675,0,0,10,m128n64c2,128,64,0.05430399999,0.05488000065,158.18235477279435,15.994171362264343,70.77195432579036,115.90477675055553,136.4761308442244,0,1,10,m128n64c2,128,64,0.03641600162,0.03678879887,117.94175925237121,0.01769600064,0.01787360013,242.70836011904663,0.05406399816,0.05444959924,158.88456060127982,16.065172962717877,72.50666209330161,136.5388843402603,116.3657967244944,0,0,10,m128n64c2,128,64,0.04891199991,0.04970239848,175.6201874346953,17.75734958894796,78.57376950588075,136.5388843402603,128.62283757720098
qkv,production_qwen_dense,model,current production Qwen dense,1024,8,128,2048,4096,16,8,128,,True,128,2048,4096,4096,2048,128,10,50,per-sample max-rank CUDA event,MPI one process per GPU,0.02076799981,0.01820800081,0.01886400022,0.03891199827,0.03956799954,110.37642595988942,108.54648569377737,0,1,10,m128n64,128,64,0.04579199851,0.04859359935,46.89648230860759,0.02203200012,0.0226447992,97.47111638995398,0.06783999503,0.07078240067,63.31025369475178,6.401441222927379,58.32547529300725,67.04182628003183,94.43396340413912,0,0,10,m128n64,128,64,0.06011199951,0.06128960103,71.44941660583935,7.224410172481227,64.73249698427807,67.04182628003183,106.5743888112432,0,1,10,m128n64,128,64,0.03888000175,0.03934879974,55.23363043572909,0.01836800016,0.01859200001,116.91439619412547,0.05724800006,0.0577775985,75.02388365529917,7.585832523286063,69.11682416596197,87.21100158150306,86.02571039754152,0,0,10,m128n64,128,64,0.05161599815,0.05221279711,83.21000174245395,8.413549215617184,75.38747610172874,87.21100158150306,95.41227624210924
qkv,production_qwen_dense,model,current production Qwen dense,4096,4,1024,2048,4096,16,8,128,,True,1024,2048,4096,4096,2048,1024,10,50,per-sample max-rank CUDA event,MPI one process per GPU,0.03059200011,0.03348800167,0.03430400044,0.06412799656,0.06486400217,535.7993421149847,529.719678381048,0,1,12,m128n160,128,160,0.06788800657,0.06918239594,253.06191847429878,0.03401599824,0.03440000117,505.0526244382826,0.1019040048,0.103249602,337.1775077479585,34.0927712586409,63.65206381957621,270.873321608208,124.47793150912554,0,0,12,m128n160,128,160,0.0999519974,0.1019375995,343.7623985691355,34.758584284037966,64.1587944494644,270.873321608208,126.90891687973408,0,1,12,m128n160,128,160,0.06409599632,0.06539999694,268.03342128000173,0.0318400003,0.03204960003,539.5687506950181,0.0959199965,0.09709760547,358.2124647804799,36.2196627685015,67.62302391243313,298.0960127632567,120.16680849232517,0,0,12,m128n160,128,160,0.09396800399,0.09526559711,365.65359387283075,36.97205195883021,68.24450221037412,298.0960127632567,122.6630274197016
qkv,production_qwen_dense,model,current production Qwen dense,4096,8,512,2048,4096,16,8,128,,True,512,2048,4096,4096,2048,512,10,50,per-sample max-rank CUDA event,MPI one process per GPU,0.02521600015,0.02816000022,0.02900799923,0.05334400013,0.05406400189,322.0581347880257,317.76909927893615,0,1,10,m128n128,128,128,0.0616960004,0.06315679848,139.23000739607102,0.03017600067,0.03049599938,284.66113471888383,0.0916320011,0.09338559955,187.48765690766956,18.957295946174877,59.00122363474173,170.11118615159717,110.21477255504355,0,0,10,m128n128,128,128,0.08679999411,0.08817759901,197.92477361494144,20.0126161390234,61.456225518170136,170.11118615159717,116.35024015325939,0,1,10,m128n128,128,128,0.05622399971,0.05691359937,152.78056766338867,0.02782399952,0.02809919976,308.72393402053945,0.08403199911,0.08480000496,204.44437078678942,20.671827177632903,64.337398208543,201.22597453231177,101.59939404540484,0,0,10,m128n128,128,128,0.0802880004,0.08144959807,213.97804277611576,21.635798056230108,66.4408129038421,201.22597453231177,106.33718796663416
qkv,production_qwen_dense,model,current production Qwen dense,16384,4,4096,2048,4096,16,8,128,,True,4096,2048,4096,4096,2048,4096,10,50,per-sample max-rank CUDA event,MPI one process per GPU,0.09180799872,0.0941440016,0.09577599913,0.1859360039,0.1875839978,739.1734284335665,732.6795200224697,0,1,12,m128n256,128,256,0.1521599889,0.1694639921,451.6264573413097,0.09380799532,0.09454559535,732.5545813188154,0.2461279929,0.2630335987,558.4043970481669,56.46151638505226,76.21400377494405,483.6675083730173,115.45212100902806,0,0,12,m128n256,128,256,0.2374400049,0.2390751988,578.8365508579047,58.52745711404497,78.3086253634086,483.6675083730173,119.67654242581258,0,1,12,m128n256,128,256,0.1468479931,0.1486496031,467.9633360001295,0.09057599306,0.09121759981,758.6941574074528,0.2373280078,0.2393807918,579.1097087361975,58.555076717512385,79.0399749017739,512.4036363621316,113.01826678039471,0,0,12,m128n256,128,256,0.2298080027,0.2315967977,598.0599102609058,60.47117393942424,80.90928153739183,512.4036363621316,116.71656245589917
qkv,production_qwen_dense,model,current production Qwen dense,16384,8,2048,2048,4096,16,8,128,,True,2048,2048,4096,4096,2048,2048,10,50,per-sample max-rank CUDA event,MPI one process per GPU,0.06324799359,0.06638400257,0.06791999936,0.1297120005,0.1311199963,529.7850350862486,524.0960850759267,0,1,12,m128n160,128,160,0.1210400015,0.1229295954,283.8709347504428,0.06843200326,0.06901279837,502.10043154010685,0.189455986,0.1914303899,362.7200078861589,36.67543052438412,69.20868486045092,307.0026683729664,118.14881278018846,0,0,12,m128n160,128,160,0.1851679981,0.1871311963,371.11961808264533,37.52473388095504,70.05098171982667,307.0026683729664,120.88481837942383,0,1,12,m128n160,128,160,0.1169119999,0.118548803,293.89402625384395,0.06678400189,0.06735999882,514.4905575528996,0.1838880032,0.1852400005,373.702881863693,37.78593345436734,71.30426891274222,328.1105759777217,113.89540881153034,0,0,12,m128n160,128,160,0.1779199988,0.179590404,386.2380687920733,39.0533942155787,72.90467703173118,328.1105759777217,117.71582419772365
qkv,production_qwen_dense,model,current production Qwen dense,131072,4,32768,2048,4096,16,8,128,,True,32768,2048,4096,4096,2048,32768,10,50,per-sample max-rank CUDA event,MPI one process per GPU,0.6577119827,0.6861599684,0.7174720168,1.342848063,1.375040054,818.7907910591372,799.6215270802577,0,1,12,m128n256,128,256,0.8201600313,0.8386031985,670.3031029402956,0.643599987,0.6907824278,854.1886653083478,1.478991985,1.525056005,743.4195985693593,75.16881684220014,92.97143378366584,698.6810767509643,106.40328231393356,0,0,12,m128n256,128,256,1.489520073,1.521872044,738.1650289287509,74.63751556407996,90.15306925642216,698.6810767509643,105.65121247614097,0,1,12,m128n256,128,256,0.8213760257,0.8407968283,669.3107622900029,0.6814720035,0.7024319768,806.7181205750003,1.503615975,1.542905569,731.2449761489133,73.93781356409639,91.44888567707589,706.4817400580366,103.50514877976073,0,0,12,m128n256,128,256,1.494544029,1.531561613,735.6836643425512,74.38661924596069,89.85001692445957,706.4817400580366,104.13342944746395
qkv,production_qwen_dense,model,current production Qwen dense,131072,8,16384,2048,4096,16,8,128,,True,16384,2048,4096,4096,2048,16384,10,50,per-sample max-rank CUDA event,MPI one process per GPU,0.4146240056,0.4095680118,0.4068320096,0.8241919875,0.8221120238,667.0239728434633,668.711559948845,0,1,12,m128n256,128,256,0.5274879932,0.5317984223,521.1074194816384,0.4046239853,0.4084607959,679.3416033906085,0.932000041,0.9368975759,589.8667271496397,59.64274288671787,88.20944073327568,515.4012327213724,114.448062926641,0,0,12,m128n256,128,256,0.9272799492,0.9389424324,592.869299462687,59.94633968277927,88.88275738206806,515.4012327213724,115.03063280083269,0,1,12,m128n256,128,256,0.5245119929,0.5299711823,524.0641027561908,0.4022240043,0.4036976099,683.3950833500764,0.9270240068,0.932284832,593.0329849662745,59.96289028981542,88.68292706225093,527.1515257822389,112.49763226735887,0,0,12,m128n256,128,256,0.9174399972,0.9241551757,599.2280863771349,60.5892908369196,89.83606448546061,527.1515257822389,113.67283543150933
qkv,production_qwen_dense,model,current production Qwen dense,262144,4,65536,2048,4096,16,8,128,,True,65536,2048,4096,4096,2048,65536,10,50,per-sample max-rank CUDA event,MPI one process per GPU,1.416815996,1.472352028,1.475919962,2.890447855,2.890592098,760.789803472168,760.7518394150125,0,1,12,m128n256,128,256,1.567711949,1.592758417,701.3479921980233,1.402976036,1.404343963,783.6995070213729,2.966464043,2.996024132,741.2944244987768,74.95393574305125,97.44234401967434,583.1344344560409,127.1223890577257,0,0,12,m128n256,128,256,2.981920004,3.004983902,737.4521290316949,74.56543266245652,96.93244121648812,583.1344344560409,126.46348516866519,0,1,12,m128n256,128,256,1.572655916,1.584737659,699.1431606810552,1.386735916,1.387235165,792.8774434194435,2.959743977,2.97151494,742.9775252996485,75.12411782605142,97.66358578521064,591.2421005364182,125.66383967338673,0,0,12,m128n256,128,256,2.95855999,3.030963182,743.2748576958888,75.1541817690484,97.69779435839664,591.2421005364182,125.71412912266148
qkv,production_qwen_dense,model,current production Qwen dense,262144,8,32768,2048,4096,16,8,128,,True,32768,2048,4096,4096,2048,32768,10,50,per-sample max-rank CUDA event,MPI one process per GPU,0.8437600136,0.7974239588,0.7953920364,1.637599945,1.636352062,671.4165026281801,671.9285252295542,0,1,12,m128n256,128,256,0.9652479887,0.9902159572,569.5487795094124,0.8000479937,0.8046095967,687.1535435587206,1.765344024,1.789831996,622.8313647810553,62.97587105976292,92.69309776188983,542.8850750362384,114.72619038927905,0,0,12,m128n256,128,256,1.754431963,1.764647961,626.7051963051815,63.36756282155526,93.34074957228763,542.8850750362384,115.43975421747375,0,1,12,m128n256,128,256,0.9586720467,0.9674096107,573.4555584262662,0.7957119942,0.796756804,690.8979855716746,1.753968,1.762684822,626.8709735730641,63.3843249315535,93.29429396659461,551.1491253805216,113.73890381124401,0,0,12,m128n256,128,256,1.754368067,1.769419193,626.728021592518,63.36987073736279,93.34414914427418,551.1491253805216,113.71296673288116
qkv,production_qwen_dense,model,current production Qwen dense,524288,4,131072,2048,4096,16,8,128,,True,131072,2048,4096,4096,2048,131072,10,50,per-sample max-rank CUDA event,MPI one process per GPU,2.905712128,2.995520115,2.972480059,5.878831863,5.880959988,748.115716454536,747.844998108836,0,1,12,m128n256,128,256,3.109967947,3.117862225,707.0887202143888,2.733103991,2.787679911,804.5882128134509,5.824192047,5.874444962,755.1341843834635,76.35330479104789,100.9746921211027,574.5127233437374,131.43907065947752,0,0,12,m128n256,128,256,5.954735756,5.988206387,738.5796265892272,74.67943645998254,98.72531887038785,574.5127233437374,128.55757524230265,0,1,12,m128n256,128,256,3.195968151,3.290688038,688.061692624796,2.757791996,2.77161932,797.3854658877616,5.95377636,6.022665501,738.6986418656815,74.69147036053401,98.77697166307402,576.2566854491298,128.1891664805495,0,0,12,m128n256,128,256,5.910896301,5.992614269,744.0574639010233,75.23331283124604,99.45753678685625,576.2566854491298,129.119103116541
qkv,production_qwen_dense,model,current production Qwen dense,524288,8,65536,2048,4096,16,8,128,,True,65536,2048,4096,4096,2048,65536,10,50,per-sample max-rank CUDA event,MPI one process per GPU,1.606240034,1.579648018,1.578176022,3.188384056,3.190688133,689.6983603383068,689.2003116219319,0,1,12,m128n256,128,256,1.836704016,1.844003201,598.6329959524627,1.579263926,1.580715179,696.2177820149866,3.415312052,3.423505783,643.8718401336876,65.10332053930107,93.42303380833208,467.8549984095843,137.62209281133065,0,0,12,m128n256,128,256,3.392416,3.420511961,648.2174519728712,65.5427150629799,93.98564492090593,467.8549984095843,138.5509301335685,0,1,12,m128n256,128,256,1.831455946,1.838303924,600.3483895844689,1.554911971,1.555782437,707.1214630040301,3.386415958,3.392951965,649.3659617794655,65.65884345596213,94.22020722121815,471.0717548784,137.84863028926227,0,0,12,m128n256,128,256,3.40939188,3.459404707,644.9898788261326,65.21636792984151,93.51767612000062,471.0717548784,136.91966715190276
qkv,nanbeige42_3b,model,Nanbeige4.2-3B,1024,4,256,3072,8192,48,8,128,262144,True,256,3072,8192,8192,3072,256,10,50,per-sample max-rank CUDA event,MPI one process per GPU,0.03407999873,0.04753600061,0.04521600157,0.08222399652,0.07915200293,313.4097692482244,325.57361560123945,0,1,10,m128n64c2,128,64,0.06246399879,0.064071998,206.2772498974685,0.05048000067,0.05147360265,255.24765683407432,0.113008,0.1147824004,228.03521676341498,23.05715032997118,70.04106163280477,265.0777966198426,86.02577042333284,0,0,10,m128n64c2,128,64,0.1031680033,0.105521597,249.78484560823134,25.256303903764543,79.69912559119965,265.0777966198426,94.23076877557442,0,1,10,m128n64c2,128,64,0.05884800106,0.05992799997,218.95224401696947,0.04881599918,0.04954560101,263.9483387503613,0.1076480001,0.1088431999,239.38952653148266,24.205209962738387,73.52854010893975,298.48271000127903,80.20214186961009,0,0,10,m128n64c2,128,64,0.09699200094,0.09817440063,265.68999016672933,26.864508611398314,84.77399757003096,298.48271000127903,89.01352784072176
qkv,nanbeige42_3b,model,Nanbeige4.2-3B,1024,8,128,3072,8192,48,8,128,262144,True,128,3072,8192,8192,3072,128,10,50,per-sample max-rank CUDA event,MPI one process per GPU,0.03190400079,0.03496000171,0.03820800036,0.06678399444,0.07009600103,192.9339806048295,183.8179311040221,0,1,10,m128n64,128,64,0.06576000154,0.06725279987,97.96914223125792,0.05041600019,0.05134879798,127.78584020391722,0.1160639971,0.1182640046,111.01549326186354,11.225024596750611,60.39426762944044,123.36188459700121,89.99172931293091,0,0,10,m128n64,128,64,0.1054880023,0.1078608036,122.14566213280162,12.350420842548193,63.309564105756124,123.36188459700121,99.0141019098624,0,1,10,m128n64,128,64,0.0614079982,0.06239999831,104.9122448678029,0.04862400144,0.04940799996,132.495285316033,0.1101600006,0.1111951992,116.96533966794478,11.826626862279552,63.63108265088371,143.24197307992958,81.65577250369041,0,0,10,m128n64,128,64,0.09683199972,0.09890080243,133.06450269805498,13.454449211127905,68.96893034648978,143.24197307992958,92.89491050490102
qkv,nanbeige42_3b,model,Nanbeige4.2-3B,4096,4,1024,3072,8192,48,8,128,262144,True,1024,3072,8192,8192,3072,1024,10,50,per-sample max-rank CUDA event,MPI one process per GPU,0.06951999664,0.08171200007,0.08979199827,0.151248008,0.1594719887,681.5244476079315,646.3781880710941,0,1,22,m128n256,128,256,0.1321119964,0.1349360049,390.1205716091957,0.09108799696,0.0955567956,565.8221639743916,0.2234240025,0.2292880118,461.36142021714966,46.649284147335656,71.37639059169572,433.1933234566633,106.50243095524169,0,0,22,m128n256,128,256,0.2091360092,0.2108751982,492.8812379001827,49.836323346833446,72.32040459152071,433.1933234566633,113.77858595955269,0,1,22,m128n256,128,256,0.1286559999,0.1311872005,400.60010875559635,0.08859199286,0.08923999965,581.7637225233992,0.2174559981,0.2199743986,474.0233242800581,47.929557561178775,73.3352908603904,453.5659593990605,104.51033955636838,0,0,22,m128n256,128,256,0.2026879936,0.2045744061,508.5610315301873,51.42174231852247,74.62109881973788,453.5659593990605,112.12504399668593
qkv,nanbeige42_3b,model,Nanbeige4.2-3B,4096,8,512,3072,8192,48,8,128,262144,True,512,3072,8192,8192,3072,512,10,50,per-sample max-rank CUDA event,MPI one process per GPU,0.05019199848,0.06392000616,0.07103999704,0.1140320003,0.1212640032,451.9749492809695,425.0198425908473,0,1,12,m128n128,128,128,0.1009439975,0.1026543975,255.28812424928984,0.07835200429,0.07900799811,328.89782475276104,0.1791680008,0.1808480024,287.6607838557743,29.086024656802252,67.68173036398585,267.766043846966,107.429896533176,0,0,12,m128n128,128,128,0.1637279987,0.1659055948,314.78798959997306,31.828917047520026,69.64722051537542,267.766043846966,117.56083223901275,0,1,12,m128n128,128,128,0.09564799815,0.09651519358,269.4233467969345,0.07593599707,0.07678879797,339.3621572156964,0.1716479957,0.1729055941,300.26338112376806,30.360301428085748,70.64690892863132,291.2500322086901,103.09471173160922,0,0,12,m128n128,128,128,0.1513279974,0.1527552009,340.582102700845,34.43701746216835,75.35419899768,291.2500322086901,116.93804808124688
qkv,nanbeige42_3b,model,Nanbeige4.2-3B,16384,4,4096,3072,8192,48,8,128,262144,True,4096,3072,8192,8192,3072,4096,10,50,per-sample max-rank CUDA event,MPI one process per GPU,0.244351998,0.2623839974,0.2677600086,0.5069760084,0.5135519505,813.2867307020282,802.8727376355278,0,1,12,m128n256,128,256,0.3494080007,0.3520064056,590.0220653075618,0.2603200078,0.2638095915,791.9423172666332,0.6099840403,0.6144351959,675.9469644701129,68.34650803540069,84.19104707189173,612.6623584380815,110.32944249967778,0,0,12,m128n256,128,256,0.5982879996,0.6017535925,689.1611743703106,69.68262632662392,84.73778660761225,612.6623584380815,112.48629279710522,0,1,12,m128n256,128,256,0.3475039899,0.3497408032,593.2548580732138,0.2577440143,0.2640272081,799.8572954949124,0.6053760052,0.6113168001,681.0921755641464,68.8667518265062,84.83189721573721,625.6932709282945,108.85400358448167,0,0,12,m128n256,128,256,0.595263958,0.6084159613,692.6622297128899,70.03662585570171,85.16826889761063,625.6932709282945,110.70316110084397
qkv,nanbeige42_3b,model,Nanbeige4.2-3B,16384,8,2048,3072,8192,48,8,128,262144,True,2048,3072,8192,8192,3072,2048,10,50,per-sample max-rank CUDA event,MPI one process per GPU,0.1638559997,0.176256001,0.1794399917,0.3413119912,0.3435519934,604.017542668744,600.0792723329313,0,1,12,m128n256,128,256,0.2778240144,0.2820688188,371.0234168439833,0.1857120097,0.1865631938,555.0487298614377,0.4633759856,0.4675711989,444.9052963783974,44.98536869346788,74.14108716815643,430.5300192261185,103.33897208332152,0,0,12,m128n256,128,256,0.4497280121,0.453507185,458.40691409313257,46.35054743105486,75.89298020513496,430.5300192261185,106.4750176810256,0,1,12,m128n256,128,256,0.2707520127,0.2738927901,380.71449248362325,0.1838400066,0.1843727976,560.7006712542187,0.4547039866,0.4579631984,453.3904172460141,45.84331822507726,75.55508716096222,450.86786430140904,100.55948829897504,0,0,12,m128n256,128,256,0.4251679778,0.4271807969,484.8870116577251,49.0280092677174,80.27697498906043,450.86786430140904,107.54525883299013
qkv,nanbeige42_3b,model,Nanbeige4.2-3B,131072,4,32768,3072,8192,48,8,128,262144,True,32768,3072,8192,8192,3072,32768,10,50,per-sample max-rank CUDA event,MPI one process per GPU,2.113280058,2.240543842,2.261600018,4.35544014,4.374688148,757.3367506614384,754.0045762658555,0,1,12,m128n256,128,256,2.548480034,2.582035303,647.1572936262604,2.095824003,2.155819178,786.9303144267882,4.630608082,4.711894512,712.3329862766823,72.02558000775352,94.4732974704811,615.181616094993,115.79230712360685,0,0,12,m128n256,128,256,4.582496166,4.650341988,719.8118151852699,72.78178111074519,95.04514531436708,615.181616094993,117.00801785242562,0,1,12,m128n256,128,256,2.471312046,2.547659159,667.3651125253326,2.113008022,2.217713594,780.5306106234935,4.554351807,4.638596535,724.2600095711052,73.23154798494491,96.05512119806251,605.4472985843778,119.62395591895917,0,0,12,m128n256,128,256,4.526832104,4.626526356,728.662960663672,73.67674020866248,96.21386523594381,605.4472985843778,120.35117876772925
qkv,nanbeige42_3b,model,Nanbeige4.2-3B,131072,8,16384,3072,8192,48,8,128,262144,True,16384,3072,8192,8192,3072,16384,10,50,per-sample max-rank CUDA event,MPI one process per GPU,1.195359945,1.197535992,1.192336082,2.392799854,2.390655994,689.2625970813854,689.8807046280538,0,1,12,m128n256,128,256,1.424015999,1.434651136,579.0902078425314,1.192320108,1.193928003,691.6210800262709,2.616159916,2.626790285,630.4153777364121,63.74270755676564,91.38034641457293,586.6773471669808,107.45521039471507,0,0,12,m128n256,128,256,2.620111942,2.654268742,629.4644954768883,63.64656172668233,91.32433678285949,586.6773471669808,107.29313114210447,0,1,12,m128n256,128,256,1.399904013,1.423924804,589.0644738311784,1.191792011,1.202639937,691.9275454280587,2.597983837,2.621699333,634.8259054484641,64.18866586940992,92.0196638621351,594.1028337935389,106.85454930334117,0,0,12,m128n256,128,256,2.566879988,2.600492716,642.5183294015379,64.96646404464488,93.21822076552806,594.1028337935389,108.14934601453596
qkv,nanbeige42_3b,model,Nanbeige4.2-3B,262144,4,65536,3072,8192,48,8,128,262144,True,65536,3072,8192,8192,3072,65536,10,50,per-sample max-rank CUDA event,MPI one process per GPU,4.248991966,4.495791912,4.511936188,8.768016815,8.75974369,752.4015870236445,753.1121914202948,0,1,12,m128n256,128,256,4.966576099,5.020396709,664.1466510484248,4.125919819,4.192854404,799.4665500134383,9.087359428,9.152201653,725.9611352368312,73.40355260230851,96.39481919257481,605.8921132194389,119.81689799185524,0,0,12,m128n256,128,256,9.268144608,10.465765,711.8004784864487,71.97173695515154,94.60379812623657,605.8921132194389,117.47973986726123,0,1,12,m128n256,128,256,4.971072197,5.569727898,663.5459620398669,4.117487907,4.41617918,801.1037209654638,9.298272133,9.679236412,709.4941589462297,71.73853983278359,94.20829552741593,610.7782440672705,116.16231682084712,0,0,12,m128n256,128,256,9.162847519,9.829719543,719.9803066651906,72.79881766078772,95.69096066281489,610.7782440672705,117.87916705590658
qkv,nanbeige42_3b,model,Nanbeige4.2-3B,262144,8,32768,3072,8192,48,8,128,262144,True,32768,3072,8192,8192,3072,32768,10,50,per-sample max-rank CUDA event,MPI one process per GPU,2.350496054,2.357247829,2.352784157,4.708911896,4.704144001,700.4877042040117,701.1976849830282,0,1,12,m128n256,128,256,2.690720081,2.709120035,612.9464946242397,2.373023987,2.378041506,695.0066458236774,5.062335968,5.08368969,651.5835582977253,65.88306959532106,92.92437386091717,609.2440206537246,106.94952042345363,0,0,12,m128n256,128,256,5.063776016,5.127243519,651.3982595015316,65.86433361997285,92.99210472819618,609.2440206537246,106.91910587855668,0,1,12,m128n256,128,256,2.68584013,2.707100868,614.0601680800712,2.369535923,2.373343945,696.0297270260038,5.056384087,5.078587055,652.3505387592207,65.96062070366236,93.03375534889426,610.9991060209766,106.7678385010312,0,0,12,m128n256,128,256,5.027999878,5.14056015,656.0332067152051,66.33298348990952,93.65377904251413,610.9991060209766,107.37056736261125
qkv,nanbeige42_3b,model,Nanbeige4.2-3B,524288,4,131072,3072,8192,48,8,128,262144,False,131072,3072,8192,8192,3072,131072,10,50,per-sample max-rank CUDA event,MPI one process per GPU,8.48201561,9.498911858,9.20031929,17.99747086,17.70447922,733.1107596143651,745.243018411247,0,1,12,m128n256,128,256,9.843919754,9.951763153,670.1669590485368,8.833104134,10.51333714,746.8574655723628,18.65486336,20.29658699,707.2761284118031,71.51426980908019,94.90543499751477,603.0828389863992,117.27677902434124,0,0,12,m128n256,128,256,18.40167999,22.20260239,717.0073352260267,72.4982138752302,97.80341180685862,603.0828389863992,118.8903561625299,0,1,12,m128n256,128,256,9.889808655,10.1009922,667.0573715620588,8.998975754,10.00992775,733.0911813740175,18.72787094,19.94585228,704.5189266619327,71.23548297896185,94.53546148796774,604.0325742867608,116.63591611658127,0,0,12,m128n256,128,256,18.44987106,22.78420258,715.1345118024906,72.30884851390198,97.5479492592183,604.0325742867608,118.39336854422437
qkv,nanbeige42_3b,model,Nanbeige4.2-3B,524288,8,65536,3072,8192,48,8,128,262144,False,65536,3072,8192,8192,3072,65536,10,50,per-sample max-rank CUDA event,MPI one process per GPU,4.678591728,4.667103767,4.6650877,9.358736038,9.35425663,704.910336168197,705.2478916922767,0,1,12,m128n256,128,256,5.288751602,5.306035519,623.6887514400605,4.706992149,4.718036652,700.7733981516781,9.993904114,10.01491356,660.1093718134107,66.74513365150766,93.59962356348859,621.2491953053784,106.2551672986764,0,0,12,m128n256,128,256,9.994832039,10.09416676,660.0480869427445,66.73893700128862,93.63575097092233,621.2491953053784,106.24530251798463,0,1,12,m128n256,128,256,5.282976151,5.302887917,624.3705799625141,4.701904297,4.733649731,701.5316933253182,9.983167648,10.02798367,660.8192909569777,66.81691516248512,93.70028591950978,622.4891008129084,106.15756807533079,0,0,12,m128n256,128,256,10.01451206,10.0972271,658.7509932716582,66.60778496174501,93.45174265035534,622.4891008129084,105.8253056015592
qkv,llama3_8b,model,Llama 3/3.1 8B,1024,4,256,4096,6144,32,8,128,,True,256,4096,6144,6144,4096,256,10,50,per-sample max-rank CUDA event,MPI one process per GPU,0.0309920013,0.03943999857,0.04795200005,0.07065600157,0.07908800244,364.7220788522749,325.8370799736689,0,1,10,m128n128,128,128,0.05776000023,0.05929600075,223.07655534439738,0.05001600087,0.05093280226,257.61559628667686,0.107664004,0.1097135991,239.35394206591093,24.20161193790808,73.45816568367641,270.69120987898464,88.4232414391722,0,0,10,m128n128,128,128,0.09787200391,0.09980320185,263.301074326598,26.62295999257816,72.1922498235277,270.69120987898464,97.2699019093784,0,1,10,m128n128,128,128,0.05441600084,0.05581120029,236.78516776500402,0.04870399833,0.04931199923,264.555320503601,0.1031199992,0.1044016033,249.90112466951996,25.268061139486345,76.6951154514749,300.5996248801666,83.1342104199706,0,0,10,m128n128,128,128,0.09174399823,0.09278559685,280.888170051143,28.401230541066024,77.01430385981992,300.5996248801666,93.442621614421
qkv,llama3_8b,model,Llama 3/3.1 8B,1024,8,128,4096,6144,32,8,128,,True,128,4096,6144,6144,4096,128,10,50,per-sample max-rank CUDA event,MPI one process per GPU,0.02708799951,0.03471999988,0.04115200043,0.06206399947,0.06862400472,207.60669628176638,187.76085628597514,0,1,10,m128n64,128,64,0.05548800156,0.05716000125,116.10529777385625,0.04952000082,0.05030399933,130.09795713488842,0.1048800051,0.1068015993,122.85374963239775,12.422017151910795,65.43097004483269,148.08870418687306,82.95956825806827,0,0,10,m128n64,128,64,0.09424000233,0.09548000246,136.72433753642076,13.824503289830208,65.85738320832233,148.08870418687306,92.32597333277249,0,1,10,m128n64,128,64,0.05126399919,0.05204959959,125.67203194823551,0.04763200134,0.04862560332,135.25467674585852,0.09904000163,0.1002911925,130.09795714802434,13.154495161579812,69.28917971585862,182.19600555254848,71.40549363498633,0,0,10,m128n64,128,64,0.08577600121,0.08735679835,150.2156979369405,15.188644887456068,72.3559021107228,182.19600555254848,82.44730584590982
qkv,llama3_8b,model,Llama 3/3.1 8B,4096,4,1024,4096,6144,32,8,128,,True,1024,4096,6144,6144,4096,1024,10,50,per-sample max-rank CUDA event,MPI one process per GPU,0.06884799898,0.08137600124,0.09112000465,0.1503199935,0.1601760089,685.7319023500356,643.5371677187544,0,1,12,m128n160,128,160,0.1322239935,0.1352239996,389.79012951987414,0.09032000601,0.1042352021,570.6333494518774,0.222736001,0.2377696037,462.7865034893932,46.79337750145533,71.91294096188788,458.2765104990161,100.98412047902393,0,0,12,m128n160,128,160,0.2072159946,0.2105984092,497.448159361343,50.29809498092447,72.5426595520151,458.2765104990161,108.54760127672111,0,1,12,m128n160,128,160,0.1268479973,0.1294559985,406.309982412312,0.08791999519,0.08856160194,586.2103090499498,0.2146560103,0.2173183858,480.2065172083374,48.55475401499873,74.61985745292687,483.44970272654035,99.32915761455386,0,0,12,m128n160,128,160,0.2007519901,0.2024303973,513.4654707664589,51.91764112906561,74.87845745644739,483.44970272654035,106.20866408038661
qkv,llama3_8b,model,Llama 3/3.1 8B,4096,8,512,4096,6144,32,8,128,,True,512,4096,6144,6144,4096,512,10,50,per-sample max-rank CUDA event,MPI one process per GPU,0.04966399819,0.06385600567,0.07180800289,0.1135360003,0.1214720011,453.9494734341104,424.29207624208635,0,1,10,m128n160,128,160,0.09388799965,0.0953136012,274.4738824137894,0.07711999863,0.07800479978,334.1520258530637,0.1713279933,0.1727456003,300.8242060114061,30.417007685683124,70.90026490142752,270.1463727279465,111.35600414459533,0,0,10,m128n160,128,160,0.1580960006,0.160296008,326.00196941351345,32.96278760500641,71.81459358181891,270.1463727279465,120.67604910683617,0,1,10,m128n160,128,160,0.08947200328,0.09091520309,288.0208649777759,0.07552000135,0.07624159753,341.23150576453213,0.1651040018,0.1660832018,312.16449625753404,31.563649773259257,73.57302050567256,309.85239253315035,100.74619521427007,0,0,10,m128n160,128,160,0.1480479985,0.1497631967,348.1276888184341,35.19996853573651,76.68864250130338,309.85239253315035,112.35275157063336
qkv,llama3_8b,model,Llama 3/3.1 8B,16384,4,4096,4096,6144,32,8,128,,True,4096,4096,6144,6144,4096,4096,10,50,per-sample max-rank CUDA event,MPI one process per GPU,0.2450079918,0.2610239983,0.2786880136,0.5061279535,0.5231839418,814.649452899661,788.0915820876212,0,1,12,m128n256,128,256,0.3319039941,0.3344943821,621.1387445548067,0.2595359981,0.2613216043,794.334626861922,0.5916799903,0.594393611,696.8578744853999,70.4608568741557,88.42346376032249,637.0464732339963,109.38885995989715,0,0,12,m128n256,128,256,0.5772960186,0.5846351981,714.2208626622944,72.21646740771429,87.6721711553477,637.0464732339963,112.11440494074455,0,1,12,m128n256,128,256,0.3298879862,0.33228001,624.9346409451027,0.2597920001,0.2608639896,793.5518804606949,0.5895040035,0.5927456021,699.4301276462832,70.72094313915908,88.74985389306183,652.2349645629591,107.2359143019798,0,0,12,m128n256,128,256,0.5762720108,0.5791552067,715.4899989739359,72.34479261617147,87.8279604101154,652.2349645629591,109.6981974054951
qkv,llama3_8b,model,Llama 3/3.1 8B,16384,8,2048,4096,6144,32,8,128,,True,2048,4096,6144,6144,4096,2048,10,50,per-sample max-rank CUDA event,MPI one process per GPU,0.1613439918,0.1758719981,0.1799360067,0.3373439908,0.3415679932,611.1222841678673,603.5648371985692,0,1,12,m128n256,128,256,0.2702239752,0.2739152014,381.4584365717672,0.1843519956,0.185609594,559.1434731612961,0.4545919895,0.4590112269,453.50211831658333,45.85461256992754,75.13726618361363,427.927665771448,105.9763494138737,0,0,12,m128n256,128,256,0.4413760006,0.4455344081,467.0811959140309,47.2276234493459,76.43007103726066,427.927665771448,109.14956738588022,0,1,12,m128n256,128,256,0.2668480277,0.2705120146,386.2843431613641,0.1828640103,0.1835519969,563.6932873499385,0.4495519996,0.4535903931,458.5863935460961,46.36869499960527,75.97964050964484,444.1538095723619,103.24945630605535,0,0,12,m128n256,128,256,0.4277440012,0.4302960038,481.966853140289,48.7327455146905,78.86586132210147,444.1538095723619,108.51350202407001
qkv,llama3_8b,model,Llama 3/3.1 8B,131072,4,32768,4096,6144,32,8,128,,True,32768,4096,6144,6144,4096,32768,10,50,per-sample max-rank CUDA event,MPI one process per GPU,2.122767925,2.233808041,2.262591839,4.356800079,4.385199547,757.1003542776974,752.197214282892,0,1,12,m128n256,128,256,2.409455776,2.463643312,684.4979094831081,2.112832069,2.117316723,780.5956118626103,4.514431953,4.55660677,730.6644374462232,73.87911399860701,97.13734956367833,696.9850300224526,104.83215649878244,0,0,12,m128n256,128,256,4.524767876,4.554771423,728.9953813595365,73.71035200804212,96.28781405802219,696.9850300224526,104.59268850237038,0,1,12,m128n256,128,256,2.430128098,2.434931278,678.6751048314491,2.111104012,2.181407928,781.2345731376498,4.525887966,4.61379385,728.8149658382418,73.69210979153104,96.89147367197556,698.8089866950515,104.29387425097389,0,0,12,m128n256,128,256,4.550767899,4.627812862,724.8303927020384,73.28922069788052,95.73769033479772,698.8089866950515,103.72367936051488
qkv,llama3_8b,model,Llama 3/3.1 8B,131072,8,16384,4096,6144,32,8,128,,True,16384,4096,6144,6144,4096,16384,10,50,per-sample max-rank CUDA event,MPI one process per GPU,1.238384008,1.201792002,1.191727996,2.438848019,2.430448055,676.2485521095524,678.5857604613566,0,1,12,m128n256,128,256,1.425712109,1.703595281,578.4012884693819,1.191856027,1.195593596,691.8903811794039,2.618112087,2.895337582,629.945314355825,63.695178397960056,92.83208564935669,613.0850209107679,102.75007427518133,0,0,12,m128n256,128,256,2.627568007,2.652718306,627.6783083331247,63.46595635319765,92.8176934908159,613.0850209107679,102.38030402384939,0,1,12,m128n256,128,256,1.413248062,1.421447992,583.5024600458287,1.190448046,1.202025652,692.7087020746809,2.609440088,2.615825653,632.0388229062878,63.9068577256105,93.14059618294635,617.1964373866631,102.40480738717004,0,0,12,m128n256,128,256,2.586287975,2.611878395,637.6967521043359,64.47894358992274,94.29916709101198,617.1964373866631,103.32152188118184
qkv,llama3_8b,model,Llama 3/3.1 8B,262144,4,65536,4096,6144,32,8,128,,True,65536,4096,6144,6144,4096,65536,10,50,per-sample max-rank CUDA event,MPI one process per GPU,4.235183716,4.616751671,4.55024004,8.839168549,8.784560204,746.3450583711683,750.9846382124015,0,1,12,m128n256,128,256,4.733360291,4.770841599,696.8695980316195,4.12635231,4.231993675,799.3827563715713,8.864144325,8.960186005,744.242142814614,75.25198612887908,99.10217931836303,683.5967729539204,108.87151201703838,0,0,12,m128n256,128,256,8.915584564,9.672869682,739.9480896961184,74.81780482266112,99.14289394653315,683.5967729539204,108.24335616721767,0,1,12,m128n256,128,256,4.723087788,4.754153728,698.3852579891958,4.118752003,4.156640053,800.8578523119203,8.835776329,8.915483475,746.6315942158567,75.49358889947996,99.42035512112385,684.1571167457527,109.13159798253197,0,0,12,m128n256,128,256,9.168239594,10.06178379,719.5568679262419,72.75600282368472,96.41074994140256,684.1571167457527,105.17421368776678
qkv,llama3_8b,model,Llama 3/3.1 8B,262144,8,32768,4096,6144,32,8,128,,True,32768,4096,6144,6144,4096,32768,10,50,per-sample max-rank CUDA event,MPI one process per GPU,2.364511967,2.361904144,2.353760004,4.726079941,4.718992233,697.9430996738614,698.991377917786,0,1,12,m128n256,128,256,2.694560051,2.716884851,612.0729953863627,2.350496054,2.376035213,701.667819802262,5.053311825,5.08630085,652.7471483175294,66.00072278235889,93.38414878048813,637.1961670587676,102.44053276882433,0,0,12,m128n256,128,256,5.056223869,5.079395294,652.37120997579,65.96271081656117,93.47054369914015,637.1961670587676,102.38153392966389,0,1,12,m128n256,128,256,2.693823814,2.710852861,612.240278333214,2.368671894,2.598038435,696.2836203028801,5.062831879,5.272495747,651.5197348365278,65.87661626254074,93.20855098060426,640.1879408359642,101.77007301727153,0,0,12,m128n256,128,256,5.049936295,5.150727749,653.18346423378,66.04483965963398,93.58692199106245,640.1879408359642,102.02995441945471
qkv,llama3_8b,model,Llama 3/3.1 8B,524288,4,131072,4096,6144,32,8,128,,True,131072,4096,6144,6144,4096,131072,10,50,per-sample max-rank CUDA event,MPI one process per GPU,8.538304329,9.312992096,9.288768768,17.82761574,17.81915283,740.09557563596,740.4470717091885,0,1,12,m128n256,128,256,9.405568123,9.592700958,701.4004556007403,8.661024094,10.48909473,761.6962722948869,18.17593575,19.91565895,725.9125315356597,73.39863817347418,98.03705886229268,685.371681186794,105.91516274478467,0,0,12,m128n256,128,256,18.27723312,23.6278019,721.8893279242694,72.99184306615464,97.54001397778308,685.371681186794,105.32815226246892,0,1,12,m128n256,128,256,9.467647552,9.644535065,696.8013680718815,8.682447433,10.81089783,759.8168393835642,18.12169647,20.33761215,728.0852295012531,73.6183245198436,98.33048941912887,687.1122838247786,105.9630640640567,0,0,12,m128n256,128,256,18.17348862,22.92273712,726.0102784443816,73.40852158183837,98.09682726727895,687.1122838247786,105.66108269860626
qkv,llama3_8b,model,Llama 3/3.1 8B,524288,8,65536,4096,6144,32,8,128,,True,65536,4096,6144,6144,4096,65536,10,50,per-sample max-rank CUDA event,MPI one process per GPU,4.708799839,4.665823936,4.674015999,9.374063492,9.383215904,703.7577430839957,703.0712960408077,0,1,12,m128n256,128,256,5.282320023,5.319739342,624.4481343359912,4.70359993,4.715137482,701.2787933534984,9.985456467,10.02970409,660.6678210914081,66.80159970590577,93.96882290769291,642.6765769421329,102.79942428194255,0,0,12,m128n256,128,256,9.978096008,10.01984978,661.1551704219681,66.85087668573995,93.94641507241748,642.6765769421329,102.87525547729726,0,1,12,m128n256,128,256,5.271296024,5.30421114,625.7540590226583,4.697728157,4.709347248,702.1553340443747,9.969999313,10.00196171,661.6920984191045,66.90516667533917,94.11450903276506,643.001314728165,102.90680333971653,0,0,12,m128n256,128,256,10.03443146,10.13912964,657.443303385322,66.47556151519939,93.41897973360614,643.001314728165,102.24602785816425
qkv,qwen25_14b_32b,model,Qwen2.5 14B/32B,1024,4,256,5120,7168,40,8,128,,True,256,5120,7168,7168,5120,256,10,50,per-sample max-rank CUDA event,MPI one process per GPU,0.03828800097,0.04825599864,0.07049600035,0.0866080001,0.1090719998,433.9202359667465,344.55189149287054,0,1,10,m128n128,128,128,0.06540799886,0.06688480079,287.2811008974507,0.06963200122,0.07051999867,269.8541129190312,0.1350879967,0.1369552016,278.196174035054,28.129036808397778,80.74144443952659,317.14963879764946,87.7176386168143,0,0,10,m128n128,128,128,0.1185439974,0.1201343983,317.0212297902483,32.05472495351348,73.05979383145045,317.14963879764946,99.95951153913087,0,1,10,m128n128,128,128,0.06145599857,0.06236800179,305.75505007207954,0.06815999746,0.06878560036,275.68196332500276,0.1295360029,0.1309008002,290.11983540214675,29.334664853604323,84.20207305933477,379.084923189957,76.53162066188783,0,0,10,m128n128,128,128,0.1120799929,0.1130976006,335.30483780035996,33.90342141560768,77.2733811441917,379.084923189957,88.45111406141069
qkv,qwen25_14b_32b,model,Qwen2.5 14B/32B,1024,8,128,5120,7168,40,8,128,,True,128,5120,7168,7168,5120,128,10,50,per-sample max-rank CUDA event,MPI one process per GPU,0.03446400166,0.04363200068,0.0712479949,0.07798399776,0.1056160033,240.95304754481464,177.91320759057734,0,1,10,m128n64,128,64,0.06281600147,0.06355839968,149.56763786512312,0.06951999664,0.07021439821,135.14443921296484,0.1324640065,0.1336032003,141.8534922541392,14.343123584847241,79.73185025171347,198.4462894702464,71.48205826010555,0,0,10,m128n64,128,64,0.1157440022,0.1176863983,162.34518906241863,16.4150848394761,67.37627546803458,198.4462894702464,81.80812525938384,0,1,10,m128n64,128,64,0.0585119985,0.05977600068,160.56947636133123,0.06795200706,0.06882400066,138.26289121532827,0.1265920103,0.12784639,148.43339540520748,15.008432295774265,83.43022837674297,234.31866015290765,63.34680955769607,0,0,10,m128n64,128,64,0.107664004,0.1092399955,174.52891608972672,17.647008704724644,72.43274898080143,234.31866015290765,74.48357547616381
qkv,qwen25_14b_32b,model,Qwen2.5 14B/32B,4096,4,1024,5120,7168,40,8,128,,True,1024,5120,7168,7168,5120,1024,10,50,per-sample max-rank CUDA event,MPI one process per GPU,0.09859199822,0.1155840009,0.1315039992,0.214320004,0.2299679965,701.3990880664597,653.6729355730157,0,1,12,m128n256,128,256,0.1688160002,0.1827903986,445.2298810003437,0.1313119978,0.1321839988,572.3919286833058,0.3002240062,0.3145056069,500.7056473020977,50.627466865732835,76.59880347702854,551.1051898689279,90.85482345415456,0,0,12,m128n256,128,256,0.2795520127,0.2812688053,537.7312576222421,54.37120906190517,76.6655199259812,551.1051898689279,97.5732523495439,0,1,12,m128n256,128,256,0.1633599997,0.1645039916,460.0999499144832,0.1279039979,0.1286496073,587.643302117611,0.2912319899,0.2929008007,516.1653272074147,52.1906296468569,78.96385166305524,580.3113670499642,88.94627203864049,0,0,12,m128n256,128,256,0.270976007,0.272913605,554.7496880784726,56.0919805943855,79.09187472823008,580.3113670499642,95.59517865358463
qkv,qwen25_14b_32b,model,Qwen2.5 14B/32B,4096,8,512,5120,7168,40,8,128,,True,512,5120,7168,7168,5120,512,10,50,per-sample max-rank CUDA event,MPI one process per GPU,0.06862400472,0.08564800024,0.1015200019,0.1543840021,0.1703200042,486.8504939476498,441.29829630429276,0,1,10,m128n192,128,192,0.1098240018,0.1112847999,342.1926284241447,0.1110879928,0.117790401,338.2990626868181,0.2210879922,0.2279568017,339.96386204460725,34.374505767907706,77.03720247544047,347.66284250277585,97.78550379363388,0,0,10,m128n192,128,192,0.1980639994,0.2005679905,379.4830353203501,38.370377686587474,77.94652363260317,347.66284250277585,109.152601005188,0,1,10,m128n192,128,192,0.1045439988,0.1059872061,359.4750944231148,0.1090719998,0.1097632051,344.55189149287054,0.2135199904,0.2155231982,352.01353999311533,35.59287563125534,79.76770881308546,380.18941987058713,92.58898896053904,0,0,10,m128n192,128,192,0.1879519969,0.1899120063,399.8995962782452,40.43474178748688,82.14012335401794,380.18941987058713,105.18430429083672
qkv,qwen25_14b_32b,model,Qwen2.5 14B/32B,16384,4,4096,5120,7168,40,8,128,,True,4096,5120,7168,7168,5120,4096,10,50,per-sample max-rank CUDA event,MPI one process per GPU,0.3528639972,0.3829119802,0.4026719928,0.7362560034,0.7556160092,816.6934037389746,795.768504265301,0,1,12,m128n256,128,256,0.4497280121,0.4669983983,668.510083052485,0.3853600025,0.4038000107,780.1736266596583,0.8442239761,0.8658527732,712.2463214297237,72.01681713141798,89.50421103777036,654.2874605866632,108.85831753386991,0,0,12,m128n256,128,256,0.8380320072,0.8833488226,717.5088973618381,72.548927943563,87.85535600960515,654.2874605866632,109.66263921953933,0,1,12,m128n256,128,256,0.447728008,0.4543471932,671.4963222046184,0.3846880198,0.3994239867,781.536453556072,0.8377919793,0.8462367654,717.7144640873742,72.56971325453733,90.19136347322632,664.6792629399298,107.97906661219811,0,0,12,m128n256,128,256,0.8152160048,0.8918079734,737.5903047775884,74.57940392088861,90.31422335490437,664.6792629399298,110.96935708738184
qkv,qwen25_14b_32b,model,Qwen2.5 14B/32B,16384,8,2048,5120,7168,40,8,128,,True,2048,5120,7168,7168,5120,2048,10,50,per-sample max-rank CUDA event,MPI one process per GPU,0.2331999987,0.2508320212,0.2588639855,0.4837600291,0.4920479953,621.4810911090215,611.0129775789374,0,1,12,m128n256,128,256,0.3218079805,0.3245216012,467.1228324618879,0.2732639909,0.2749615908,550.1048816015078,0.595344007,0.5982608199,504.9982987735022,51.061506448281314,82.649357264799,480.9686349295776,104.99609789470844,0,0,12,m128n256,128,256,0.5784800053,0.5838704109,519.7201423825945,52.55006495273958,83.62605875187022,480.9686349295776,108.0569718353237,0,1,12,m128n256,128,256,0.3169119954,0.3221071959,474.3394303212292,0.2716320157,0.274161607,553.4099320826119,0.5888319612,0.5946159959,510.5832062976,51.62620892796764,83.56339800190858,499.34845354756976,102.24988235574058,0,0,12,m128n256,128,256,0.5538240075,0.5567904115,542.8578513184082,54.88957040631023,87.349053589014,499.34845354756976,108.7132337071899
qkv,qwen25_14b_32b,model,Qwen2.5 14B/32B,131072,4,32768,5120,7168,40,8,128,,True,32768,5120,7168,7168,5120,32768,10,50,per-sample max-rank CUDA event,MPI one process per GPU,2.976143837,3.354928017,3.363232136,6.330191612,6.33998394,759.9080195931357,758.7343149515928,0,1,12,m128n256,128,256,3.494639874,3.593547106,688.2487960074137,3.134288073,3.181713581,767.3773532430502,6.596112251,6.763407707,729.2725151532597,73.73837362520321,96.11698071146121,679.1781407632935,107.37573419746221,0,0,12,m128n256,128,256,6.702032089,6.773217678,717.7469919034284,72.57300221470457,94.45182487845291,679.1781407632935,105.678753308637,0,1,12,m128n256,128,256,3.516863823,3.54825592,683.8995783772775,3.113951921,3.162004948,772.3888315486936,6.631936073,6.670387268,725.3331935909329,73.34006001930565,95.59778427013796,683.4580188335957,106.12695638991877,0,0,12,m128n256,128,256,6.717743874,7.609806061,716.0682904475974,72.40326495931217,94.23091637208793,683.4580188335957,104.77136425579658
qkv,qwen25_14b_32b,model,Qwen2.5 14B/32B,131072,8,16384,5120,7168,40,8,128,,True,16384,5120,7168,7168,5120,16384,10,50,per-sample max-rank CUDA event,MPI one process per GPU,1.754015923,1.751744032,1.744528055,3.506336212,3.499184132,685.9529549757849,687.354993343917,0,1,12,m128n256,128,256,1.986815929,2.005921602,605.2854848437245,1.804336071,1.818793654,666.500471951159,3.794640064,3.81540966,633.8365813870246,64.08863310283363,92.21386147258049,631.5916275794815,100.3554438832805,0,0,12,m128n256,128,256,3.771391869,3.789758444,637.7437745279288,64.48369813224761,92.97194069970033,631.5916275794815,100.97407037709237,0,1,12,m128n256,128,256,1.99140799,2.014089584,603.8897347599775,1.798032045,1.810430288,668.8372691822631,3.787855864,3.815276861,634.9718078290637,64.20341838514294,92.37902015376157,633.5027119874986,100.23190048183946,0,0,12,m128n256,128,256,3.766736031,3.806171179,638.5320516132551,64.56340258981346,93.08685777668182,633.5027119874986,100.79389393771937
qkv,qwen25_14b_32b,model,Qwen2.5 14B/32B,262144,4,65536,5120,7168,40,8,128,,True,65536,5120,7168,7168,5120,65536,10,50,per-sample max-rank CUDA event,MPI one process per GPU,6.216351986,6.775407791,7.068511963,12.98875237,13.30825615,740.6967558532336,722.9141545370691,0,1,12,m128n256,128,256,6.984864235,7.07481432,688.6838755456498,6.189616203,6.296172619,777.1666632881858,13.19056034,13.36234283,729.3645224354435,73.74767668710248,100.89227301165585,681.731557936098,106.98705582055662,0,0,12,m128n256,128,256,13.47671986,14.12814713,713.877474859079,72.18174669960355,96.3791820630751,681.731557936098,104.71533355743438,0,1,12,m128n256,128,256,7.175935745,7.566036701,670.3464945142147,6.339072227,6.55316782,758.8434394281276,13.59564877,13.79443932,707.6327805899917,71.5503317077848,97.88614265591976,677.5831901799763,104.43481934698436,0,0,12,m128n256,128,256,13.24030399,13.42857361,726.6243094045457,73.47060762432211,98.10010691453921,677.5831901799763,107.23765287204708
qkv,qwen25_14b_32b,model,Qwen2.5 14B/32B,262144,8,32768,5120,7168,40,8,128,,True,32768,5120,7168,7168,5120,32768,10,50,per-sample max-rank CUDA event,MPI one process per GPU,3.369455814,3.462960005,3.450496197,6.83395195,6.825023651,703.8918925264026,704.8127035889739,0,1,12,m128n256,128,256,3.863696098,3.879795074,622.5079884013176,3.551039934,3.56324172,677.3175549875414,7.402431965,7.431332588,649.8355397610196,65.70632353498682,92.19974845118351,649.2153068639655,100.09553577842306,0,0,12,m128n256,128,256,7.40195179,7.441478252,649.8776955044177,65.7105859964022,92.3263504530337,649.2153068639655,100.1020291162961,0,1,12,m128n256,128,256,3.855952024,3.891233683,623.7581979209812,3.552128077,3.581150293,677.1100685624293,7.408063889,7.442364693,649.3415072543794,65.65637080428507,92.12965429650603,652.6399447872604,99.4946007275181,0,0,12,m128n256,128,256,7.431648254,7.473116875,647.280819423992,65.44801005298201,91.9574193560857,652.6399447872604,99.17885422029826
qkv,qwen25_14b_32b,model,Qwen2.5 14B/32B,524288,4,131072,5120,7168,40,8,128,,True,131072,5120,7168,7168,5120,131072,10,50,per-sample max-rank CUDA event,MPI one process per GPU,12.48228836,13.89131165,14.33691216,26.42280006,26.84124756,728.2140213144389,716.8613695420945,0,1,12,m128n256,128,256,14.01270485,15.15629005,686.5717108884942,12.76988792,13.87959003,753.3916353308135,26.8125267,28.17459297,717.6292522285862,72.56109729308254,100.10711731990556,680.5140765781358,105.45399087658534,0,0,12,m128n256,128,256,27.37425613,30.16261482,702.9032458344285,71.07211788012422,96.52426694087487,680.5140765781358,103.29003763873237,0,1,12,m128n256,128,256,14.27718353,14.67270088,673.8532654444346,12.87118435,13.25175571,747.4624309176335,27.07332802,27.68488121,710.7162249083553,71.86210565301874,99.1427708487536,681.0158280572573,104.3611903905119,0,0,12,m128n256,128,256,27.23740768,32.84827805,706.4348308083921,71.42920432845219,97.00923219430257,681.0158280572573,103.73251277046643
qkv,qwen25_14b_32b,model,Qwen2.5 14B/32B,524288,8,65536,5120,7168,40,8,128,,True,65536,5120,7168,7168,5120,65536,10,50,per-sample max-rank CUDA event,MPI one process per GPU,6.908288002,6.861663818,6.987504005,13.76784039,13.90454388,698.7825592478414,691.9124299271873,0,1,12,m128n256,128,256,7.654592037,7.675668716,628.4284450782154,7.064464092,7.269315243,680.9240317276709,14.72340775,14.90068913,653.4307075099513,66.06983897977263,94.43835364812199,655.8446368727706,99.63193579285338,0,0,12,m128n256,128,256,14.7889595,16.58971214,650.5343897276883,65.77698581675311,93.09539585932329,655.8446368727706,99.1903193459959,0,1,12,m128n256,128,256,7.650176048,7.680742264,628.7911992270534,7.037055969,7.120552063,683.576113748542,14.69214439,14.78466606,654.8211403087089,66.21042874708887,94.63930867344274,655.6901540968324,99.86746578659236,0,0,12,m128n256,128,256,14.83760071,15.77400303,648.4017821396139,65.56135309803983,92.79020684739803,655.6901540968324,98.88844267194195
qkv,llama31_405b,model,Llama 3.1 405B,1024,4,256,16384,18432,128,8,128,,True,256,16384,18432,18432,16384,256,10,50,per-sample max-rank CUDA event,MPI one process per GPU,0.191967994,0.3113920093,0.5386719704,0.5036319494,0.7306560278,614.0151467364393,423.2328668294331,0,1,12,m128n160,128,160,0.3416320086,0.3443535864,452.58880539216545,0.4601919949,0.4629008174,335.98764074459564,0.8020640612,0.8061152101,385.55230220555853,38.98405482361562,91.0969663329431,602.3233805860416,64.01084776593403,0,0,12,m128n160,128,160,0.6632800102,0.6664144397,466.2248832416267,47.1410397615396,75.93051828113121,602.3233805860416,77.4044140189286,0,1,12,m128n160,128,160,0.3371199965,0.3405728042,458.64625136824236,0.4584960043,0.460134387,337.23046919909655,0.7959200144,0.7994943857,388.5285452271446,39.28498940618247,91.8001827546454,621.538226529261,62.51080442738518,0,0,12,m128n160,128,160,0.6672160029,0.6721839905,463.47456291204605,46.86294872720384,75.48259442384546,621.538226529261,74.5689553963784
qkv,llama31_405b,model,Llama 3.1 405B,1024,8,128,16384,18432,128,8,128,,True,128,16384,18432,18432,16384,128,10,50,per-sample max-rank CUDA event,MPI one process per GPU,0.1542080045,0.2673279941,0.4934239984,0.4217599928,0.6480000019,366.6038156666053,238.60929352259623,0,1,10,m128n160,128,160,0.2056960016,0.2149872035,375.8430437473316,0.4668000042,0.469464004,165.61570401116978,0.6731519699,0.6809552312,229.69378323139927,23.22485169174917,96.2635527897606,413.82648420155266,55.50485336253341,0,0,10,m128n160,128,160,0.5306559801,0.5374032259,291.3729957907243,29.461374700781022,79.47898612591175,413.82648420155266,70.40946070740416,0,1,10,m128n160,128,160,0.1987040043,0.200979203,389.06821027763255,0.4647200108,0.4660656154,166.35696662795826,0.6635199785,0.666087985,233.02813429302037,23.561995378465156,97.66096318077933,427.3315760631601,54.530988896214524,0,0,10,m128n160,128,160,0.4990079999,0.5045424104,309.85239252073166,31.329867797849513,84.51968563320021,427.3315760631601,72.50865835267345
qkv,llama31_405b,model,Llama 3.1 405B,4096,4,1024,16384,18432,128,8,128,,True,1024,16384,18432,18432,16384,1024,10,50,per-sample max-rank CUDA event,MPI one process per GPU,0.6993119717,0.8891359568,0.9797760248,1.596895933,1.682543993,774.5968636316891,735.1668582778033,0,1,12,m128n256,128,256,0.9474719763,0.996673584,652.7636764933413,1.047280073,1.071601629,590.5538609670461,1.993407965,2.06580162,620.5205371736337,62.74221811664648,84.40540132987779,706.7061452399016,87.80460469365084,0,0,12,m128n256,128,256,1.926576018,1.937961578,642.0460805549174,64.91871390848507,82.8877717816583,706.7061452399016,90.8505019914558,0,1,12,m128n256,128,256,0.9573119879,1.00731194,646.0540538938758,1.079247952,1.092131138,573.0613520997443,2.037616253,2.098961353,607.0576731152527,61.38095784785164,82.57413487563106,700.6598780124848,86.64084988528995,0,0,12,m128n256,128,256,1.932752013,1.957316756,639.994460193585,64.71126998924015,82.6229087983881,700.6598780124848,91.34167379599567
qkv,llama31_405b,model,Llama 3.1 405B,4096,8,512,16384,18432,128,8,128,,True,512,16384,18432,18432,16384,512,10,50,per-sample max-rank CUDA event,MPI one process per GPU,0.4602560103,0.6073920131,0.7045439482,1.067983985,1.164448023,579.1053979372173,531.1317280015683,0,1,12,m128n256,128,256,0.7389600277,0.7444720268,418.47682380669045,0.7475199699,0.7520639896,413.68479473982273,1.486927986,1.493023992,415.9416571933431,42.056790413887065,78.31233482480167,547.12961972635,76.02250768316631,0,0,12,m128n256,128,256,1.375263929,1.380663991,449.71388951771166,45.47157629097185,77.65665647731825,547.12961972635,82.19512768156083,0,1,12,m128n256,128,256,0.7342239618,0.7432559729,421.1761824741906,0.741599977,0.745182395,416.98712904895353,1.47665596,1.48545754,418.8350620438359,42.34934904386611,78.85709701804882,562.0703767475914,74.51648038585779,0,0,12,m128n256,128,256,1.325376034,1.340465546,466.64137177540056,47.18315184786659,80.57969644862311,562.0703767475914,83.02187609950398
qkv,llama31_405b,model,Llama 3.1 405B,16384,4,4096,16384,18432,128,8,128,,True,4096,16384,18432,18432,16384,4096,10,50,per-sample max-rank CUDA event,MPI one process per GPU,3.236591816,3.296639919,3.43620801,6.523471832,6.667247772,758.4615144226165,742.1056625150424,0,1,12,m128n256,128,256,3.819792032,3.82405591,647.6533648353346,3.604288101,3.692296028,686.3771965980253,7.41711998,7.457091331,667.0786421594329,67.44981214958877,89.88998142106365,669.134117647895,99.69281562032924,0,0,12,m128n256,128,256,7.456975937,10.0140028,663.5132481039678,67.08930718948108,87.48146550442597,669.134117647895,99.15997863572024,0,1,12,m128n256,128,256,3.822080135,3.916854382,647.2656446529475,3.784639835,3.881260872,653.668848384882,7.648736,7.702897549,646.8784286700443,65.40732342467587,87.16796830221358,671.4062497245078,96.34679881747783,0,0,12,m128n256,128,256,7.418288231,8.720592499,666.9735889090719,67.43918998069482,87.9376970651978,671.4062497245078,99.3397945257056
qkv,llama31_405b,model,Llama 3.1 405B,16384,8,2048,16384,18432,128,8,128,,True,2048,16384,18432,18432,16384,2048,10,50,per-sample max-rank CUDA event,MPI one process per GPU,1.75958395,1.887856007,1.935343981,3.648640156,3.695663929,678.033748663265,669.4064206117915,0,1,12,m128n256,128,256,2.108464003,2.148755312,586.6595680495476,2.062576056,2.07810235,599.7115004073332,4.172703743,4.20923233,592.8772601328673,59.94714460392995,88.56760883635062,651.7456278291188,90.96758533044026,0,0,12,m128n256,128,256,3.98156786,4.015603065,621.3384399019134,62.82491808917223,91.63827628445846,651.7456278291188,95.33450066577541,0,1,12,m128n256,128,256,2.086639881,2.102619171,592.7954279562626,2.027376175,2.05651021,610.1238618176027,4.114351749,4.145972729,601.2857707407458,60.79734790098542,89.82372326085726,654.2164488936918,91.9093018461315,0,0,12,m128n256,128,256,3.943823814,3.983792067,627.284909055524,63.426178873157134,92.51529297652343,654.2164488936918,95.88338998756296
qkv,llama31_405b,model,Llama 3.1 405B,131072,4,32768,16384,18432,128,8,128,,True,32768,16384,18432,18432,16384,32768,10,50,per-sample max-rank CUDA event,MPI one process per GPU,25.57643127,27.23380661,27.47756767,53.50963211,53.14427185,739.7251118932427,744.81063004603,0,1,12,m128n256,128,256,30.03059196,35.18799973,659.0349376505596,28.02926254,29.52985954,706.0909744494477,58.20722961,63.92572784,680.0258123457527,68.75892945862009,91.30184034883155,658.5829759543982,103.25590505285687,0,0,12,m128n256,128,256,59.60073853,64.11540222,664.1263107840889,67.15129532700595,89.7801494239303,658.5829759543982,100.8417063653456,0,1,12,m128n256,128,256,30.75316811,34.15425491,643.5502589254372,28.22131348,29.52453232,701.2859027271611,59.03499222,62.33620834,670.4907904862259,67.79482209163052,90.02164623305511,655.6896238225629,102.2573434329149,0,0,12,m128n256,128,256,59.88238525,65.52476501,661.0027044628454,66.83546051191561,89.35788360234031,655.6896238225629,100.81030421212222
qkv,llama31_405b,model,Llama 3.1 405B,131072,8,16384,16384,18432,128,8,128,,True,16384,16384,18432,18432,16384,16384,10,50,per-sample max-rank CUDA event,MPI one process per GPU,14.04931259,13.96363258,14.02953625,28.01734352,28.08030319,706.3913566909072,704.807535946267,0,1,12,m128n256,128,256,15.50943947,18.77985954,638.0375428219135,14.10617638,14.99434566,701.5086429809692,29.55961609,33.73028183,669.5353972023796,67.69822014179775,94.9954935290907,666.2723385627564,100.48974847832676,0,0,12,m128n256,128,256,29.60452652,33.46387863,668.5197037891353,67.59552111113602,94.63871513389095,666.2723385627564,100.33730429680251,0,1,12,m128n256,128,256,15.50428772,19.44215775,638.2495493307318,14.11785603,15.14739037,700.9282874790727,29.579216,34.11100769,669.0917467172897,67.65336164987762,94.93254719800552,666.7528707360302,100.35078603841293,0,0,12,m128n256,128,256,29.75849533,35.85896301,665.0608197927324,67.24578562110541,94.14905965274153,666.7528707360302,99.7462251731395
qkv,llama31_405b,model,Llama 3.1 405B,262144,4,65536,16384,18432,128,8,128,,True,65536,16384,18432,18432,16384,65536,10,50,per-sample max-rank CUDA event,MPI one process per GPU,52.27764893,55.01689911,55.56987,107.5116806,107.91259,736.3370822413875,733.6014935780154,0,1,12,m128n256,128,256,61.37579346,67.72705841,644.9190530747724,56.77833557,57.8682785,697.1394670619788,118.8066711,124.2356796,666.3332661954535,67.3744455202683,90.83041297333345,642.2701019194766,103.7465801699413,0,0,12,m128n256,128,256,118.8554993,122.7732773,666.0595232539821,67.34676675975551,90.45578978944224,642.2701019194766,103.70395901403613,0,1,12,m128n256,128,256,62.00160217,66.89798737,638.40960901956,57.21035004,57.79372406,691.8751339969253,119.1640015,123.2399368,664.3351700460647,67.17241355369714,90.55804491426045,642.8758251858428,103.33802330395896,0,0,12,m128n256,128,256,119.3219147,122.8540421,663.4559745283069,67.0835161302636,90.10220869343794,642.8758251858428,103.20126353118269
qkv,llama31_405b,model,Llama 3.1 405B,262144,8,32768,16384,18432,128,8,128,,True,32768,16384,18432,18432,16384,32768,10,50,per-sample max-rank CUDA event,MPI one process per GPU,27.73251152,27.73540878,27.68537521,55.38726425,55.34352112,714.6483787549771,715.2132318092015,0,1,12,m128n256,128,256,30.73862457,34.5211792,643.8547455140085,28.53000069,29.44505882,693.6981710941557,59.54075241,62.93961334,664.795404790485,67.21894891713701,92.95065796095805,653.3449731485532,101.75258586390444,0,0,12,m128n256,128,256,59.3871994,65.35276031,666.5143162136721,67.39275189218121,93.26465098470361,653.3449731485532,102.01567986383276,0,1,12,m128n256,128,256,30.74558449,34.25667191,643.7089952349122,28.90043259,29.67686844,684.8066802576535,59.78139114,62.97763824,662.1193961050403,66.94837169919518,92.5765025949177,651.9197375964602,101.56455740183368,0,0,12,m128n256,128,256,59.89198303,65.41552734,660.8967777892593,66.82475002924765,92.47859470984025,651.9197375964602,101.37701616856951
qkv,llama31_405b,model,Llama 3.1 405B,524288,4,131072,16384,18432,128,8,128,,True,131072,16384,18432,18432,16384,131072,10,50,per-sample max-rank CUDA event,MPI one process per GPU,105.4962387,110.9577942,111.5584793,216.4128113,217.2326202,731.609526481596,728.8485230900143,0,1,12,m128n256,128,256,122.1337433,126.0765381,648.181534937626,113.9176331,114.6789398,694.9304953551743,236.0654602,240.7554779,670.7024156164291,67.81621998143873,92.02219588412284,631.5983016382243,106.19129498555925,0,0,12,m128n256,128,256,236.1638184,240.2147369,670.4230795065091,67.78797568316573,91.63673452021048,631.5983016382243,106.14706812345474,0,1,12,m128n256,128,256,122.5510559,125.5138321,645.9743379483359,114.0233154,115.1926651,694.2864003046872,236.612793,240.6309509,669.1509465413562,67.65934747637576,91.8093301066777,630.9292991930805,106.05799213908101,0,0,12,m128n256,128,256,237.3714905,241.0849304,667.0121760041103,67.44309160810013,91.17051539936301,630.9292991930805,105.71900478503338
qkv,llama31_405b,model,Llama 3.1 405B,524288,8,65536,16384,18432,128,8,128,,True,65536,16384,18432,18432,16384,65536,10,50,per-sample max-rank CUDA event,MPI one process per GPU,55.25030518,55.29956818,55.42627335,110.5047989,110.7429504,716.3927538704565,714.8521591119899,0,1,12,m128n256,128,256,61.54321289,64.39016724,643.1646438525091,57.14849854,57.92667007,692.6239465806971,118.9878387,121.3155136,665.318725550328,67.27186304856704,93.07081430331081,634.4226254496969,104.86995558815879,0,0,12,m128n256,128,256,118.6190872,123.3569565,667.387003799773,67.48099128410242,93.159373848225,634.4226254496969,105.19596512288791,0,1,12,m128n256,128,256,61.62588882,64.00347137,642.301788385565,57.4690094,57.91571045,688.7611081727816,119.1589584,120.7799683,664.3632863433287,67.17525645534162,92.9371588061817,645.0594568716556,102.99256592024723,0,0,12,m128n256,128,256,120.2540436,124.6819916,658.3133076439186,66.56352958988056,91.89279261791077,645.0594568716556,102.05467118279923
