model,suite,aliases,global_seq,cp,m,n,k,q_heads,kv_heads,head_dim,max_context,within_native_context,result_source,comm_sm,streams,push,use_ce,pack_block,pack_warps,reverse,local_first,math_sm,p50_ms,p95_ms,p50_tflops_per_gpu,correctness_scope,max_abs,remote_recv_mismatches,post_graph_max_abs
artificial_small,artificial,OProj-matched Mx4096x4096 stress shape,1024,4,256,4096,4096,16,8,128,,True,adapted_te_userbuffers_formal_10w50i,12,1,True,False,512,4,False,False,120,0.05475199967622757,0.0560000017285347,156.88805235965856,exact,0.0,0,0.0
artificial_small,artificial,OProj-matched Mx4096x4096 stress shape,1024,8,128,4096,4096,16,8,128,,True,adapted_te_userbuffers_formal_10w50i,8,1,True,False,512,4,True,False,124,0.08462399989366531,0.09077279940247535,50.753536838212106,exact,0.0009765625,0,0.0009765625
artificial_small,artificial,OProj-matched Mx4096x4096 stress shape,4096,4,1024,4096,4096,16,8,128,,True,adapted_te_userbuffers_formal_10w50i,8,1,True,False,1024,4,False,False,124,0.09203200042247772,0.1056207988411188,373.3455560051919,same_head_geometry_s1k,,,
artificial_small,artificial,OProj-matched Mx4096x4096 stress shape,4096,8,512,4096,4096,16,8,128,,True,adapted_te_userbuffers_formal_10w50i,20,1,False,False,512,4,False,False,112,0.12252800166606903,0.12421919964253902,140.21177975970795,same_head_geometry_s1k,,,
artificial_small,artificial,OProj-matched Mx4096x4096 stress shape,16384,4,4096,4096,4096,16,8,128,,True,adapted_te_userbuffers_formal_10w50i,8,1,True,False,1024,4,False,False,124,0.2781440019607544,0.2883296012878418,494.1287696413902,same_head_geometry_s1k,,,
artificial_small,artificial,OProj-matched Mx4096x4096 stress shape,16384,8,2048,4096,4096,16,8,128,,True,adapted_te_userbuffers_formal_10w50i,8,1,True,False,1024,4,False,False,124,0.21398400515317917,0.21538399681448936,321.14305313057196,same_head_geometry_s1k,,,
artificial_small,artificial,OProj-matched Mx4096x4096 stress shape,131072,4,32768,4096,4096,16,8,128,,True,adapted_te_userbuffers_formal_10w50i,8,1,True,True,512,4,False,False,124,2.0423200130462646,2.087332773208618,538.3640275531554,same_head_geometry_s1k,,,
artificial_small,artificial,OProj-matched Mx4096x4096 stress shape,131072,8,16384,4096,4096,16,8,128,,True,adapted_te_userbuffers_formal_10w50i,8,1,True,True,512,4,False,False,124,1.270031988620758,1.2801632046699525,432.8676905886672,same_head_geometry_s1k,,,
artificial_small,artificial,OProj-matched Mx4096x4096 stress shape,262144,4,65536,4096,4096,16,8,128,,True,adapted_te_userbuffers_formal_10w50i,12,1,True,True,512,4,False,False,120,4.339888095855713,4.3929647445678714,506.7004510212861,same_head_geometry_s1k,,,
artificial_small,artificial,OProj-matched Mx4096x4096 stress shape,262144,8,32768,4096,4096,16,8,128,,True,adapted_te_userbuffers_formal_10w50i,8,1,True,False,1024,4,False,False,124,2.344208002090454,2.3635007619857786,469.03330540442977,same_head_geometry_s1k,,,
artificial_small,artificial,OProj-matched Mx4096x4096 stress shape,524288,4,131072,4096,4096,16,8,128,,True,adapted_te_userbuffers_formal_10w50i,8,1,True,False,1024,4,False,False,124,8.506896018981934,8.608606624603272,516.9977981734328,same_head_geometry_s1k,,,
artificial_small,artificial,OProj-matched Mx4096x4096 stress shape,524288,8,65536,4096,4096,16,8,128,,True,adapted_te_userbuffers_formal_10w50i,8,1,True,False,1024,4,False,False,124,4.486304044723511,4.619204807281494,490.1636700567237,same_head_geometry_s1k,,,
artificial_medium,artificial,OProj-matched Mx5120x5120 stress shape,1024,4,256,5120,5120,24,8,128,,True,adapted_te_userbuffers_formal_10w50i,4,1,True,False,1024,4,False,False,128,0.06276800110936165,0.06880640238523483,213.83145173947852,exact,0.0,0,0.0
artificial_medium,artificial,OProj-matched Mx5120x5120 stress shape,1024,8,128,5120,5120,24,8,128,,True,adapted_te_userbuffers_formal_10w50i,4,1,True,False,512,4,True,False,128,0.10233599692583084,0.10529600046575069,65.57698758593997,exact,0.0009765625,0,0.0009765625
artificial_medium,artificial,OProj-matched Mx5120x5120 stress shape,4096,4,1024,5120,5120,24,8,128,,True,adapted_te_userbuffers_formal_10w50i,8,1,True,False,1024,4,False,False,124,0.11737599968910217,0.11842400021851063,457.3941124437946,same_head_geometry_s1k,,,
artificial_medium,artificial,OProj-matched Mx5120x5120 stress shape,4096,8,512,5120,5120,24,8,128,,True,adapted_te_userbuffers_formal_10w50i,4,1,True,False,1024,4,False,False,128,0.14294399321079254,0.14648160040378572,187.7906514085914,same_head_geometry_s1k,,,
artificial_medium,artificial,OProj-matched Mx5120x5120 stress shape,16384,4,4096,5120,5120,24,8,128,,True,adapted_te_userbuffers_formal_10w50i,12,1,True,False,1024,4,False,False,120,0.3973439931869507,0.40117440074682237,540.4595727686279,same_head_geometry_s1k,,,
artificial_medium,artificial,OProj-matched Mx5120x5120 stress shape,16384,8,2048,5120,5120,24,8,128,,True,adapted_te_userbuffers_formal_10w50i,20,1,True,False,1024,4,False,False,112,0.29025599360466003,0.34478240460157394,369.92925130169,same_head_geometry_s1k,,,
artificial_medium,artificial,OProj-matched Mx5120x5120 stress shape,131072,4,32768,5120,5120,24,8,128,,True,adapted_te_userbuffers_formal_10w50i,4,1,True,True,512,4,False,False,128,3.090767979621887,3.11220166683197,555.8446734685572,same_head_geometry_s1k,,,
artificial_medium,artificial,OProj-matched Mx5120x5120 stress shape,131072,8,16384,5120,5120,24,8,128,,True,adapted_te_userbuffers_formal_10w50i,8,1,True,True,512,4,False,False,124,1.848800003528595,1.8627728044986724,464.62216440963687,same_head_geometry_s1k,,,
artificial_medium,artificial,OProj-matched Mx5120x5120 stress shape,262144,4,65536,5120,5120,24,8,128,,True,adapted_te_userbuffers_formal_10w50i,4,1,True,True,512,4,False,False,128,6.201040029525757,6.316580843925475,554.0963806780612,same_head_geometry_s1k,,,
artificial_medium,artificial,OProj-matched Mx5120x5120 stress shape,262144,8,32768,5120,5120,24,8,128,,True,adapted_te_userbuffers_formal_10w50i,8,1,True,False,1024,4,False,False,124,3.4305760860443115,3.458305549621582,500.78671200117765,same_head_geometry_s1k,,,
artificial_medium,artificial,OProj-matched Mx5120x5120 stress shape,524288,4,131072,5120,5120,24,8,128,,True,adapted_te_userbuffers_formal_10w50i,4,1,True,True,512,4,False,False,128,12.62656021118164,13.370887851715086,544.2454285779625,same_head_geometry_s1k,,,
artificial_medium,artificial,OProj-matched Mx5120x5120 stress shape,524288,8,65536,5120,5120,24,8,128,,True,adapted_te_userbuffers_formal_10w50i,8,1,True,False,1024,4,False,False,124,6.707376003265381,6.849777626991272,512.2679621848023,same_head_geometry_s1k,,,
artificial_large,artificial,OProj-matched Mx7168x16384 stress shape,1024,4,256,7168,16384,40,8,128,,True,adapted_te_userbuffers_formal_10w50i,12,1,True,False,512,4,False,False,120,0.14313600212335587,0.147832003980875,420.0867793707123,exact,0.001953125,0,0.001953125
artificial_large,artificial,OProj-matched Mx7168x16384 stress shape,1024,8,128,7168,16384,40,8,128,,True,adapted_te_userbuffers_formal_10w50i,8,1,True,False,1024,4,False,False,124,0.15476799756288528,0.16396959573030467,194.2570269398497,exact,0.001953125,0,0.001953125
artificial_large,artificial,OProj-matched Mx7168x16384 stress shape,4096,4,1024,7168,16384,40,8,128,,True,adapted_te_userbuffers_formal_10w50i,8,1,True,False,1024,4,False,False,124,0.3734399974346161,0.37629600018262865,644.0610813738858,same_head_geometry_s1k,,,
artificial_large,artificial,OProj-matched Mx7168x16384 stress shape,4096,8,512,7168,16384,40,8,128,,True,adapted_te_userbuffers_formal_10w50i,4,1,True,True,512,4,False,False,128,0.2998400032520294,0.3063919886946678,401.0775179551898,same_head_geometry_s1k,,,
artificial_large,artificial,OProj-matched Mx7168x16384 stress shape,16384,4,4096,7168,16384,40,8,128,,True,adapted_te_userbuffers_formal_10w50i,8,1,False,False,512,4,False,False,124,1.4808319807052612,1.7182384371757506,649.6838850318476,same_head_geometry_s1k,,,
artificial_large,artificial,OProj-matched Mx7168x16384 stress shape,16384,8,2048,7168,16384,40,8,128,,True,adapted_te_userbuffers_formal_10w50i,4,1,True,True,512,4,False,False,128,0.8318080008029938,0.8424671918153763,578.302128240684,same_head_geometry_s1k,,,
artificial_large,artificial,OProj-matched Mx7168x16384 stress shape,131072,4,32768,7168,16384,40,8,128,,True,adapted_te_userbuffers_formal_10w50i,4,1,False,False,512,4,False,False,128,11.977071762084961,12.097201585769653,642.6096083682631,same_head_geometry_s1k,,,
artificial_large,artificial,OProj-matched Mx7168x16384 stress shape,131072,8,16384,7168,16384,40,8,128,,True,adapted_te_userbuffers_formal_10w50i,8,1,True,True,512,4,False,False,124,6.561919927597046,6.74793267250061,586.4580396709034,same_head_geometry_s1k,,,
artificial_large,artificial,OProj-matched Mx7168x16384 stress shape,262144,4,65536,7168,16384,40,8,128,,True,adapted_te_userbuffers_formal_10w50i,4,1,True,True,512,4,False,False,128,24.27854347229004,27.76671962738037,634.0233221335028,same_head_geometry_s1k,,,
artificial_large,artificial,OProj-matched Mx7168x16384 stress shape,262144,8,32768,7168,16384,40,8,128,,True,adapted_te_userbuffers_formal_10w50i,4,1,True,True,512,4,False,False,128,13.150559902191162,18.716532993316648,585.2664412524052,same_head_geometry_s1k,,,
artificial_large,artificial,OProj-matched Mx7168x16384 stress shape,524288,4,131072,7168,16384,40,8,128,,True,adapted_te_userbuffers_formal_10w50i,8,1,True,False,512,4,False,False,124,50.854047775268555,53.94445838928223,605.3859412288527,same_head_geometry_s1k,,,
artificial_large,artificial,OProj-matched Mx7168x16384 stress shape,524288,8,65536,7168,16384,40,8,128,,True,adapted_te_userbuffers_formal_10w50i,4,1,True,True,512,4,False,False,128,25.42089557647705,32.96321582794189,605.5318839005773,same_head_geometry_s1k,,,
production_qwen_dense,model,current production Qwen dense,1024,4,256,4096,2048,16,8,128,,True,adapted_te_userbuffers_formal_10w50i,8,1,True,False,1024,4,False,False,124,0.037776000797748566,0.039532799273729324,113.69565875951534,exact,0.0,0,0.0
production_qwen_dense,model,current production Qwen dense,1024,8,128,4096,2048,16,8,128,,True,adapted_te_userbuffers_formal_10w50i,8,1,True,False,512,4,False,False,124,0.06865600124001503,0.07048959955573081,31.27889200089874,exact,0.0,0,0.0
production_qwen_dense,model,current production Qwen dense,4096,4,1024,4096,2048,16,8,128,,True,adapted_te_userbuffers_formal_10w50i,8,1,True,False,1024,4,False,False,124,0.06945599988102913,0.07461920194327831,247.3489578067744,same_head_geometry_s1k,,,
production_qwen_dense,model,current production Qwen dense,4096,8,512,4096,2048,16,8,128,,True,adapted_te_userbuffers_formal_10w50i,8,1,True,False,512,4,False,False,124,0.08336000144481659,0.08443360216915607,103.04623852107828,same_head_geometry_s1k,,,
production_qwen_dense,model,current production Qwen dense,16384,4,4096,4096,2048,16,8,128,,True,adapted_te_userbuffers_formal_10w50i,8,1,True,False,1024,4,False,False,124,0.19222399592399597,0.201145601272583,357.49686924191917,same_head_geometry_s1k,,,
production_qwen_dense,model,current production Qwen dense,16384,8,2048,4096,2048,16,8,128,,True,adapted_te_userbuffers_formal_10w50i,8,3,True,False,512,4,False,False,124,0.16526399552822113,0.16996159702539443,207.90819112280627,same_head_geometry_s1k,,,
production_qwen_dense,model,current production Qwen dense,131072,4,32768,4096,2048,16,8,128,,True,adapted_te_userbuffers_formal_10w50i,16,1,True,True,512,4,False,False,116,1.2611519694328308,1.2679839730262756,435.91559717837805,same_head_geometry_s1k,,,
production_qwen_dense,model,current production Qwen dense,131072,8,16384,4096,2048,16,8,128,,True,adapted_te_userbuffers_formal_10w50i,12,1,True,True,512,4,False,False,120,0.8418720066547394,0.9554784029722212,326.5079546191994,same_head_geometry_s1k,,,
production_qwen_dense,model,current production Qwen dense,262144,4,65536,4096,2048,16,8,128,,True,adapted_te_userbuffers_formal_10w50i,12,1,True,True,512,4,False,False,120,2.5018399953842163,2.5765984058380127,439.48119376321034,same_head_geometry_s1k,,,
production_qwen_dense,model,current production Qwen dense,262144,8,32768,4096,2048,16,8,128,,True,adapted_te_userbuffers_formal_10w50i,12,1,True,True,512,4,False,False,120,1.540448009967804,1.610094428062439,356.88047264866157,same_head_geometry_s1k,,,
production_qwen_dense,model,current production Qwen dense,524288,4,131072,4096,2048,16,8,128,,True,adapted_te_userbuffers_formal_10w50i,12,1,True,True,512,4,False,False,120,5.136559963226318,5.216576099395752,428.1120577381081,same_head_geometry_s1k,,,
production_qwen_dense,model,current production Qwen dense,524288,8,65536,4096,2048,16,8,128,,True,adapted_te_userbuffers_formal_10w50i,12,1,True,True,512,4,False,False,120,2.9404799938201904,2.9789519906044006,373.92249907728325,same_head_geometry_s1k,,,
nanbeige42_3b,model,Nanbeige/Nanbeige4.2-3B,1024,4,256,8192,3072,48,8,128,262144,True,adapted_te_userbuffers_formal_10w50i,8,1,True,False,512,4,False,False,124,0.05825600028038025,0.05910240095108747,221.17724914148357,exact,0.0,0,0.0
nanbeige42_3b,model,Nanbeige/Nanbeige4.2-3B,1024,8,128,8192,3072,48,8,128,262144,True,adapted_te_userbuffers_formal_10w50i,20,1,False,False,512,4,False,False,112,0.09542399644851685,0.09664639830589294,67.51395019884575,exact,0.0,0,0.0
nanbeige42_3b,model,Nanbeige/Nanbeige4.2-3B,4096,4,1024,8192,3072,48,8,128,262144,True,adapted_te_userbuffers_formal_10w50i,8,1,True,True,512,4,False,False,124,0.13300800323486328,0.14042560383677483,387.49252900964336,same_head_geometry_s1k,,,
nanbeige42_3b,model,Nanbeige/Nanbeige4.2-3B,4096,8,512,8192,3072,48,8,128,262144,True,adapted_te_userbuffers_formal_10w50i,8,1,True,False,1024,4,False,False,124,0.12601600587368011,0.12787840515375137,204.49627487663705,same_head_geometry_s1k,,,
nanbeige42_3b,model,Nanbeige/Nanbeige4.2-3B,16384,4,4096,8192,3072,48,8,128,262144,True,adapted_te_userbuffers_formal_10w50i,12,1,True,True,512,4,False,False,120,0.4253759980201721,0.4289519980549812,484.649888962996,same_head_geometry_s1k,,,
nanbeige42_3b,model,Nanbeige/Nanbeige4.2-3B,16384,8,2048,8192,3072,48,8,128,262144,True,adapted_te_userbuffers_formal_10w50i,8,3,True,False,512,4,False,False,124,0.30638399720191956,0.31291520446538923,336.43798646593996,same_head_geometry_s1k,,,
nanbeige42_3b,model,Nanbeige/Nanbeige4.2-3B,131072,4,32768,8192,3072,48,8,128,262144,True,adapted_te_userbuffers_formal_10w50i,12,1,True,True,512,4,False,False,120,3.4466240406036377,3.4601343393325807,478.5167811268296,same_head_geometry_s1k,,,
nanbeige42_3b,model,Nanbeige/Nanbeige4.2-3B,131072,8,16384,8192,3072,48,8,128,262144,True,adapted_te_userbuffers_formal_10w50i,8,1,True,True,512,4,False,False,124,1.9352800250053406,1.9454624474048612,426.10563338487634,same_head_geometry_s1k,,,
nanbeige42_3b,model,Nanbeige/Nanbeige4.2-3B,262144,4,65536,8192,3072,48,8,128,262144,True,adapted_te_userbuffers_formal_10w50i,12,1,True,True,512,4,False,False,120,6.692608118057251,6.842595219612122,492.86239760972404,same_head_geometry_s1k,,,
nanbeige42_3b,model,Nanbeige/Nanbeige4.2-3B,262144,8,32768,8192,3072,48,8,128,262144,True,adapted_te_userbuffers_formal_10w50i,8,1,True,False,1024,4,False,False,124,3.6800320148468018,3.698915207386017,448.1666015431821,same_head_geometry_s1k,,,
nanbeige42_3b,model,Nanbeige/Nanbeige4.2-3B,524288,4,131072,8192,3072,48,8,128,262144,False,adapted_te_userbuffers_formal_10w50i,8,1,True,False,1024,4,False,False,124,13.542416095733643,17.15023889541626,487.14126932891384,same_head_geometry_s1k,,,
nanbeige42_3b,model,Nanbeige/Nanbeige4.2-3B,524288,8,65536,8192,3072,48,8,128,262144,False,adapted_te_userbuffers_formal_10w50i,8,1,True,False,1024,4,False,False,124,7.058495998382568,7.205249643325805,467.31412528729186,same_head_geometry_s1k,,,
llama3_8b,model,Llama 3/3.1 8B,1024,4,256,6144,4096,32,8,128,,True,adapted_te_userbuffers_formal_10w50i,4,1,True,False,512,4,False,False,128,0.05804799869656563,0.06008640099316835,221.96978668210878,exact,0.0,0,0.0
llama3_8b,model,Llama 3/3.1 8B,1024,8,128,6144,4096,32,8,128,,True,adapted_te_userbuffers_formal_10w50i,8,1,True,False,1024,4,False,False,124,0.09966399893164635,0.15726560056209563,64.64170626364789,exact,0.0009765625,0,0.0009765625
llama3_8b,model,Llama 3/3.1 8B,4096,4,1024,6144,4096,32,8,128,,True,adapted_te_userbuffers_formal_10w50i,8,1,True,False,1024,4,False,False,124,0.11911999806761742,0.1308304004371166,432.6696473143325,same_head_geometry_s1k,,,
llama3_8b,model,Llama 3/3.1 8B,4096,8,512,6144,4096,32,8,128,,True,adapted_te_userbuffers_formal_10w50i,8,1,True,False,1024,4,False,False,124,0.1287200003862381,0.13060639947652816,200.20046378709569,same_head_geometry_s1k,,,
llama3_8b,model,Llama 3/3.1 8B,16384,4,4096,6144,4096,32,8,128,,True,adapted_te_userbuffers_formal_10w50i,12,1,True,True,512,4,False,False,120,0.39795199036598206,0.40259999930858614,518.0484962982684,same_head_geometry_s1k,,,
llama3_8b,model,Llama 3/3.1 8B,16384,8,2048,6144,4096,32,8,128,,True,adapted_te_userbuffers_formal_10w50i,12,1,True,False,1024,4,False,False,120,0.2922400087118149,0.3004511997103691,352.7210923595645,same_head_geometry_s1k,,,
llama3_8b,model,Llama 3/3.1 8B,131072,4,32768,6144,4096,32,8,128,,True,adapted_te_userbuffers_formal_10w50i,8,1,True,False,1024,4,False,False,124,3.082319974899292,3.8757647037506104,535.0734041548967,same_head_geometry_s1k,,,
llama3_8b,model,Llama 3/3.1 8B,131072,8,16384,6144,4096,32,8,128,,True,adapted_te_userbuffers_formal_10w50i,8,1,True,True,512,4,False,False,124,1.7508800029754639,1.7694848239421845,470.9824313662894,same_head_geometry_s1k,,,
llama3_8b,model,Llama 3/3.1 8B,262144,4,65536,6144,4096,32,8,128,,True,adapted_te_userbuffers_formal_10w50i,12,1,True,True,512,4,False,False,120,6.343407869338989,6.433244824409485,519.9941342683553,same_head_geometry_s1k,,,
llama3_8b,model,Llama 3/3.1 8B,262144,8,32768,6144,4096,32,8,128,,True,adapted_te_userbuffers_formal_10w50i,8,1,True,False,1024,4,False,False,124,3.3852479457855225,3.415129625797272,487.1925094045953,same_head_geometry_s1k,,,
llama3_8b,model,Llama 3/3.1 8B,524288,4,131072,6144,4096,32,8,128,,True,adapted_te_userbuffers_formal_10w50i,12,1,True,True,512,4,False,False,120,12.887872219085693,15.38797755241394,511.8819968502153,same_head_geometry_s1k,,,
llama3_8b,model,Llama 3/3.1 8B,524288,8,65536,6144,4096,32,8,128,,True,adapted_te_userbuffers_formal_10w50i,8,1,True,False,1024,4,False,False,124,6.592031955718994,6.666598272323609,500.3821136616787,same_head_geometry_s1k,,,
qwen25_14b_32b,model,Qwen2.5 14B/32B; Llama 4 uses the same QKV shape,1024,4,256,7168,5120,40,8,128,,True,adapted_te_userbuffers_formal_10w50i,8,1,True,False,1024,4,False,False,124,0.06572800129652023,0.06707199662923813,285.8824481095975,exact,0.0,0,0.0
qwen25_14b_32b,model,Qwen2.5 14B/32B; Llama 4 uses the same QKV shape,1024,8,128,7168,5120,40,8,128,,True,adapted_te_userbuffers_formal_10w50i,8,1,True,False,512,4,False,False,124,0.10673600062727928,0.10773280076682568,88.02316842288347,exact,0.0009765625,0,0.0009765625
qwen25_14b_32b,model,Qwen2.5 14B/32B; Llama 4 uses the same QKV shape,4096,4,1024,7168,5120,40,8,128,,True,adapted_te_userbuffers_formal_10w50i,8,1,True,False,1024,4,False,False,124,0.15438400208950043,0.15906080082058904,486.8504939807602,same_head_geometry_s1k,,,
qwen25_14b_32b,model,Qwen2.5 14B/32B; Llama 4 uses the same QKV shape,4096,8,512,7168,5120,40,8,128,,True,adapted_te_userbuffers_formal_10w50i,8,1,True,False,1024,4,False,False,124,0.1502240002155304,0.15271680057048798,250.16617708276698,same_head_geometry_s1k,,,
qwen25_14b_32b,model,Qwen2.5 14B/32B; Llama 4 uses the same QKV shape,16384,4,4096,7168,5120,40,8,128,,True,adapted_te_userbuffers_formal_10w50i,8,1,True,True,512,4,False,False,124,0.5313119888305664,0.5426335990428924,565.859075346172,same_head_geometry_s1k,,,
qwen25_14b_32b,model,Qwen2.5 14B/32B; Llama 4 uses the same QKV shape,16384,8,2048,7168,5120,40,8,128,,True,adapted_te_userbuffers_formal_10w50i,8,1,True,False,1024,4,False,False,124,0.3697279989719391,0.3721136063337326,406.5795822279853,same_head_geometry_s1k,,,
qwen25_14b_32b,model,Qwen2.5 14B/32B; Llama 4 uses the same QKV shape,131072,4,32768,7168,5120,40,8,128,,True,adapted_te_userbuffers_formal_10w50i,4,1,True,True,512,4,False,False,128,4.326031923294067,4.378206443786621,555.978718698074,same_head_geometry_s1k,,,
qwen25_14b_32b,model,Qwen2.5 14B/32B; Llama 4 uses the same QKV shape,131072,8,16384,7168,5120,40,8,128,,True,adapted_te_userbuffers_formal_10w50i,8,1,True,False,1024,4,False,False,124,2.403856039047241,2.4451903343200683,500.27573338237096,same_head_geometry_s1k,,,
qwen25_14b_32b,model,Qwen2.5 14B/32B; Llama 4 uses the same QKV shape,262144,4,65536,7168,5120,40,8,128,,True,adapted_te_userbuffers_formal_10w50i,4,1,False,False,512,4,False,False,128,8.681727886199951,10.590840101242065,554.0790306462286,same_head_geometry_s1k,,,
qwen25_14b_32b,model,Qwen2.5 14B/32B; Llama 4 uses the same QKV shape,262144,8,32768,7168,5120,40,8,128,,True,adapted_te_userbuffers_formal_10w50i,8,1,True,False,1024,4,False,False,124,4.742480039596558,4.841240048408508,507.15694440004614,same_head_geometry_s1k,,,
qwen25_14b_32b,model,Qwen2.5 14B/32B; Llama 4 uses the same QKV shape,524288,4,131072,7168,5120,40,8,128,,True,adapted_te_userbuffers_formal_10w50i,4,1,False,False,512,4,False,False,128,17.898751258850098,20.712997245788575,537.5082654597481,same_head_geometry_s1k,,,
qwen25_14b_32b,model,Qwen2.5 14B/32B; Llama 4 uses the same QKV shape,524288,8,65536,7168,5120,40,8,128,,True,adapted_te_userbuffers_formal_10w50i,8,1,True,False,1024,4,False,False,124,9.285119533538818,9.476502227783204,518.0723149706869,same_head_geometry_s1k,,,
llama31_405b,model,Llama 3.1 405B,1024,4,256,18432,16384,128,8,128,,True,adapted_te_userbuffers_formal_10w50i,4,1,True,False,1024,4,False,False,128,0.27161601185798645,0.2745056048035622,569.2551834419908,exact,0.0,0,0.0
llama31_405b,model,Llama 3.1 405B,1024,8,128,18432,16384,128,8,128,,True,adapted_te_userbuffers_formal_10w50i,16,1,True,False,512,4,False,False,116,0.27376000583171844,0.2764207988977432,282.398486561702,exact,0.001953125,0,0.001953125
llama31_405b,model,Llama 3.1 405B,4096,4,1024,18432,16384,128,8,128,,True,adapted_te_userbuffers_formal_10w50i,8,1,True,False,1024,4,False,False,124,0.9214879870414734,0.9633968144655228,671.1702152620295,same_head_geometry_s1k,,,
llama31_405b,model,Llama 3.1 405B,4096,8,512,18432,16384,128,8,128,,True,adapted_te_userbuffers_formal_10w50i,4,1,True,False,1024,4,False,False,128,0.6090239882469177,0.6128991931676865,507.7593843259672,same_head_geometry_s1k,,,
llama31_405b,model,Llama 3.1 405B,16384,4,4096,18432,16384,128,8,128,,True,adapted_te_userbuffers_formal_10w50i,4,1,True,True,512,4,False,False,128,3.9810879230499268,4.077249574661255,621.4133448730101,same_head_geometry_s1k,,,
llama31_405b,model,Llama 3.1 405B,16384,8,2048,18432,16384,128,8,128,,True,adapted_te_userbuffers_formal_10w50i,4,1,True,True,512,4,False,False,128,2.083407998085022,2.113111972808838,593.7150007991479,same_head_geometry_s1k,,,
llama31_405b,model,Llama 3.1 405B,131072,4,32768,18432,16384,128,8,128,,True,adapted_te_userbuffers_formal_10w50i,4,1,False,False,512,4,False,False,128,31.946112632751465,35.24505214691162,619.5185476081324,same_head_geometry_s1k,,,
llama31_405b,model,Llama 3.1 405B,131072,8,16384,18432,16384,128,8,128,,True,adapted_te_userbuffers_formal_10w50i,4,1,False,False,512,4,False,False,128,16.031295776367188,19.85783405303955,617.267923193818,same_head_geometry_s1k,,,
llama31_405b,model,Llama 3.1 405B,262144,4,65536,18432,16384,128,8,128,,True,adapted_te_userbuffers_formal_10w50i,4,1,False,False,512,4,False,False,128,64.6260986328125,67.66217308044433,612.4834925411835,same_head_geometry_s1k,,,
llama31_405b,model,Llama 3.1 405B,262144,8,32768,18432,16384,128,8,128,,True,adapted_te_userbuffers_formal_10w50i,4,1,True,True,512,4,False,False,128,32.008063316345215,35.20587387084961,618.3194873231033,same_head_geometry_s1k,,,
llama31_405b,model,Llama 3.1 405B,524288,4,131072,18432,16384,128,8,128,,True,adapted_te_userbuffers_formal_10w50i,4,1,True,True,512,4,False,False,128,130.39297485351562,133.77492675781252,607.1250179605637,same_head_geometry_s1k,,,
llama31_405b,model,Llama 3.1 405B,524288,8,65536,18432,16384,128,8,128,,True,adapted_te_userbuffers_formal_10w50i,4,1,True,False,512,4,True,False,128,65.22315216064453,67.72053527832031,606.876811204165,same_head_geometry_s1k,,,
