model,projection,sequence,cp,m,n,k,p50_ms,p95_ms,pflops_per_gpu,algorithm,run_id
qwen35_397b,gdn_input_packed,65536,4,16384,20608,4096,1.7767360210418701,1.8217600584030151,1.5567641483409864,66,20260908-140154-d4d2b3
qwen35_397b,gdn_input_packed,65536,8,8192,20608,4096,0.982560008764267,0.9956607967615128,1.407526723025627,66,20260908-140154-d4d2b3
qwen35_397b,gdn_input_packed,131072,4,32768,20608,4096,3.688591957092285,3.7034095406532286,1.4997370111951358,66,20260908-140154-d4d2b3
qwen35_397b,gdn_input_packed,131072,8,16384,20608,4096,1.7767360210418701,1.8217600584030151,1.5567641483409864,66,20260908-140154-d4d2b3
qwen35_397b,gdn_input_packed,262144,4,65536,20608,4096,7.421776056289673,7.4669743299484255,1.4907261645438386,66,20260908-140154-d4d2b3
qwen35_397b,gdn_input_packed,262144,8,32768,20608,4096,3.688591957092285,3.7034095406532286,1.4997370111951358,66,20260908-140154-d4d2b3
qwen35_397b,gdn_input_packed,524288,4,131072,20608,4096,14.94539213180542,15.085782718658447,1.4805681452748174,66,20260908-140154-d4d2b3
qwen35_397b,gdn_input_packed,524288,8,65536,20608,4096,7.421776056289673,7.4669743299484255,1.4907261645438386,66,20260908-140154-d4d2b3
qwen35_397b,full_input_packed,65536,4,16384,17408,4096,1.5493759512901306,1.5874112129211426,1.5080021134176507,66,20260908-140154-d4d2b3
qwen35_397b,full_input_packed,65536,8,8192,17408,4096,0.8299359977245331,0.8403231918811798,1.407615897749927,66,20260908-140154-d4d2b3
qwen35_397b,full_input_packed,131072,4,32768,17408,4096,3.06441593170166,3.0838127017021177,1.5248988786757613,66,20260908-140154-d4d2b3
qwen35_397b,full_input_packed,131072,8,16384,17408,4096,1.5493759512901306,1.5874112129211426,1.5080021134176507,66,20260908-140154-d4d2b3
qwen35_397b,full_input_packed,262144,4,65536,17408,4096,6.241375923156738,6.2666078329086305,1.4974020073716523,66,20260908-140154-d4d2b3
qwen35_397b,full_input_packed,262144,8,32768,17408,4096,3.06441593170166,3.0838127017021177,1.5248988786757613,66,20260908-140154-d4d2b3
qwen35_397b,full_input_packed,524288,4,131072,17408,4096,12.638991832733154,12.768223810195924,1.4788915065031703,66,20260908-140154-d4d2b3
qwen35_397b,full_input_packed,524288,8,65536,17408,4096,6.241375923156738,6.2666078329086305,1.4974020073716523,66,20260908-140154-d4d2b3
qwen35_397b,gdn_o,65536,4,16384,4096,8192,0.7641119956970215,0.7886143922805786,1.4389404092171432,66,20260908-135227-2a9f00
qwen35_397b,gdn_o,65536,8,8192,4096,8192,0.4191039949655533,0.4248879969120026,1.3117408101375534,66,20260908-135227-2a9f00
qwen35_397b,gdn_o,131072,4,32768,4096,8192,1.5545439720153809,1.5669568479061127,1.4145777122670176,66,20260908-135227-2a9f00
qwen35_397b,gdn_o,131072,8,16384,4096,8192,0.7641119956970215,0.7886143922805786,1.4389404092171432,66,20260908-135227-2a9f00
qwen35_397b,gdn_o,262144,4,65536,4096,8192,3.0799520015716553,3.1090047717094422,1.427959432114442,66,20260908-135227-2a9f00
qwen35_397b,gdn_o,262144,8,32768,4096,8192,1.5545439720153809,1.5669568479061127,1.4145777122670176,66,20260908-135227-2a9f00
qwen35_397b,gdn_o,524288,4,131072,4096,8192,5.934639930725098,5.999384045600891,1.4821611967844002,66,20260908-135227-2a9f00
qwen35_397b,gdn_o,524288,8,65536,4096,8192,3.0799520015716553,3.1090047717094422,1.427959432114442,66,20260908-135227-2a9f00
qwen35_397b,full_o,65536,4,16384,4096,8192,0.7641119956970215,0.7886143922805786,1.4389404092171432,66,20260908-135227-2a9f00
qwen35_397b,full_o,65536,8,8192,4096,8192,0.4191039949655533,0.4248879969120026,1.3117408101375534,66,20260908-135227-2a9f00
qwen35_397b,full_o,131072,4,32768,4096,8192,1.5545439720153809,1.5669568479061127,1.4145777122670176,66,20260908-135227-2a9f00
qwen35_397b,full_o,131072,8,16384,4096,8192,0.7641119956970215,0.7886143922805786,1.4389404092171432,66,20260908-135227-2a9f00
qwen35_397b,full_o,262144,4,65536,4096,8192,3.0799520015716553,3.1090047717094422,1.427959432114442,66,20260908-135227-2a9f00
qwen35_397b,full_o,262144,8,32768,4096,8192,1.5545439720153809,1.5669568479061127,1.4145777122670176,66,20260908-135227-2a9f00
qwen35_397b,full_o,524288,4,131072,4096,8192,5.934639930725098,5.999384045600891,1.4821611967844002,66,20260908-135227-2a9f00
qwen35_397b,full_o,524288,8,65536,4096,8192,3.0799520015716553,3.1090047717094422,1.427959432114442,66,20260908-135227-2a9f00
glm5,mla_input_packed,65536,4,16384,2624,6144,0.3933759927749634,0.4024032011628151,1.3429415803475608,66,20260908-140154-d4d2b3
glm5,mla_input_packed,65536,8,8192,2624,6144,0.21724800020456314,0.22011999562382698,1.2158477337203673,66,20260908-140154-d4d2b3
glm5,mla_input_packed,131072,4,32768,2624,6144,0.7425599992275238,0.7842544078826904,1.4228640862894966,66,20260908-140154-d4d2b3
glm5,mla_input_packed,131072,8,16384,2624,6144,0.3933759927749634,0.4024032011628151,1.3429415803475608,66,20260908-140154-d4d2b3
glm5,mla_input_packed,262144,4,65536,2624,6144,1.5446720123291016,1.5573615610599518,1.3680081549776837,66,20260908-140154-d4d2b3
glm5,mla_input_packed,262144,8,32768,2624,6144,0.7425599992275238,0.7842544078826904,1.4228640862894966,66,20260908-140154-d4d2b3
glm5,mla_input_packed,524288,4,131072,2624,6144,3.1164159774780273,3.1607200264930726,1.3561244229931424,66,20260908-140154-d4d2b3
glm5,mla_input_packed,524288,8,65536,2624,6144,1.5446720123291016,1.5573615610599518,1.3680081549776837,66,20260908-140154-d4d2b3
glm5,mla_q_b,65536,4,16384,16384,2048,0.7974720001220703,0.8013135969638825,1.378746373048453,66,20260908-110831-0ab56f
glm5,mla_q_b,65536,8,8192,16384,2048,0.38836801052093506,0.3938255921006203,1.415553802051277,66,20260908-110831-0ab56f
glm5,mla_q_b,131072,4,32768,16384,2048,1.5085440278053284,1.5148432075977325,1.457712347150517,66,20260908-110831-0ab56f
glm5,mla_q_b,131072,8,16384,16384,2048,0.7974720001220703,0.8013135969638825,1.378746373048453,66,20260908-110831-0ab56f
glm5,mla_q_b,262144,4,65536,16384,2048,3.041599988937378,3.0552271962165833,1.4459647971791696,66,20260908-110831-0ab56f
glm5,mla_q_b,262144,8,32768,16384,2048,1.5085440278053284,1.5148432075977325,1.457712347150517,66,20260908-110831-0ab56f
glm5,mla_q_b,524288,4,131072,16384,2048,6.082959890365601,6.120076870918274,1.4460218677653214,66,20260908-110831-0ab56f
glm5,mla_q_b,524288,8,65536,16384,2048,3.041599988937378,3.0552271962165833,1.4459647971791696,66,20260908-110831-0ab56f
glm5,mla_kv_b,65536,4,16384,28672,512,0.4227840006351471,0.4260416105389595,1.1377827364075759,66,20260908-110831-0ab56f
glm5,mla_kv_b,65536,8,8192,28672,512,0.2065119966864586,0.20926879495382308,1.164669231982547,66,20260908-110831-0ab56f
glm5,mla_kv_b,131072,4,32768,28672,512,0.8549119830131531,0.8610447943210602,1.1253470455673777,66,20260908-110831-0ab56f
glm5,mla_kv_b,131072,8,16384,28672,512,0.4227840006351471,0.4260416105389595,1.1377827364075759,66,20260908-110831-0ab56f
glm5,mla_kv_b,262144,4,65536,28672,512,1.600592017173767,1.609094399213791,1.202146035943341,66,20260908-110831-0ab56f
glm5,mla_kv_b,262144,8,32768,28672,512,0.8549119830131531,0.8610447943210602,1.1253470455673777,66,20260908-110831-0ab56f
glm5,mla_kv_b,524288,4,131072,28672,512,3.177135944366455,3.204580771923065,1.2112452109704668,66,20260908-110831-0ab56f
glm5,mla_kv_b,524288,8,65536,28672,512,1.600592017173767,1.609094399213791,1.202146035943341,66,20260908-110831-0ab56f
glm5,mla_o,65536,4,16384,6144,16384,2.291408061981201,2.3226816296577453,1.4395231203280376,66,20260908-110831-0ab56f
glm5,mla_o,65536,8,8192,6144,16384,1.174784004688263,1.1949312150478364,1.4038899364327355,66,20260908-110831-0ab56f
glm5,mla_o,131072,4,32768,6144,16384,4.37064003944397,4.429934453964234,1.509405878113741,66,20260908-110831-0ab56f
glm5,mla_o,131072,8,16384,6144,16384,2.291408061981201,2.3226816296577453,1.4395231203280376,66,20260908-110831-0ab56f
glm5,mla_o,262144,4,65536,6144,16384,8.855040073394775,8.951042890548706,1.4900146610238585,66,20260908-110831-0ab56f
glm5,mla_o,262144,8,32768,6144,16384,4.37064003944397,4.429934453964234,1.509405878113741,66,20260908-110831-0ab56f
glm5,mla_o,524288,4,131072,6144,16384,18.468591690063477,18.730389499664305,1.4288192358934166,66,20260908-110831-0ab56f
glm5,mla_o,524288,8,65536,6144,16384,8.855040073394775,8.951042890548706,1.4900146610238585,66,20260908-110831-0ab56f
glm5,index_q,65536,4,16384,4096,2048,0.2051520049571991,0.20906720012426375,1.339874338548862,66,20260908-110831-0ab56f
glm5,index_q,65536,8,8192,4096,2048,0.11303999647498131,0.11528159864246845,1.2158435753527188,66,20260908-110831-0ab56f
glm5,index_q,131072,4,32768,4096,2048,0.39638400077819824,0.4008384123444557,1.3869273553137755,66,20260908-110831-0ab56f
glm5,index_q,131072,8,16384,4096,2048,0.2051520049571991,0.20906720012426375,1.339874338548862,66,20260908-110831-0ab56f
glm5,index_q,262144,4,65536,4096,2048,0.7681599855422974,0.7786352097988128,1.4313575927803355,66,20260908-110831-0ab56f
glm5,index_q,262144,8,32768,4096,2048,0.39638400077819824,0.4008384123444557,1.3869273553137755,66,20260908-110831-0ab56f
glm5,index_q,524288,4,131072,4096,2048,1.4622880220413208,1.5079983830451966,1.5038236123155913,66,20260908-110831-0ab56f
glm5,index_q,524288,8,65536,4096,2048,0.7681599855422974,0.7786352097988128,1.4313575927803355,66,20260908-110831-0ab56f
glm5,index_k,65536,4,16384,128,6144,0.040192000567913055,0.041571199893951416,0.6411674813861619,66,20260908-110831-0ab56f
glm5,index_k,65536,8,8192,128,6144,0.021247999742627144,0.02231359938159585,0.6064054049356312,66,20260908-110831-0ab56f
glm5,index_k,131072,4,32768,128,6144,0.07103999704122543,0.07254720106720924,0.7255012626491368,66,20260908-110831-0ab56f
glm5,index_k,131072,8,16384,128,6144,0.040192000567913055,0.041571199893951416,0.6411674813861619,66,20260908-110831-0ab56f
glm5,index_k,262144,4,65536,128,6144,0.1313759982585907,0.1327536016702652,0.7846122310797332,66,20260908-110831-0ab56f
glm5,index_k,262144,8,32768,128,6144,0.07103999704122543,0.07254720106720924,0.7255012626491368,66,20260908-110831-0ab56f
glm5,index_k,524288,4,131072,128,6144,0.25731199979782104,0.2594272017478943,0.8012002175179774,66,20260908-110831-0ab56f
glm5,index_k,524288,8,65536,128,6144,0.1313759982585907,0.1327536016702652,0.7846122310797332,66,20260908-110831-0ab56f
glm5,index_weights,65536,4,16384,32,6144,0.03747199848294258,0.03837439958006143,0.1719270710083059,66,20260908-110831-0ab56f
glm5,index_weights,65536,8,8192,32,6144,0.017487999983131886,0.017763200122863053,0.18419633320602954,66,20260908-110831-0ab56f
glm5,index_weights,131072,4,32768,32,6144,0.06508799642324448,0.06653760001063347,0.19796126161595126,66,20260908-110831-0ab56f
glm5,index_weights,131072,8,16384,32,6144,0.03747199848294258,0.03837439958006143,0.1719270710083059,66,20260908-110831-0ab56f
glm5,index_weights,262144,4,65536,32,6144,0.1233920007944107,0.12470720335841179,0.20884501110356657,66,20260908-110831-0ab56f
glm5,index_weights,262144,8,32768,32,6144,0.06508799642324448,0.06653760001063347,0.19796126161595126,66,20260908-110831-0ab56f
glm5,index_weights,524288,4,131072,32,6144,0.25387199223041534,0.25595199763774873,0.20301415331086395,66,20260908-110831-0ab56f
glm5,index_weights,524288,8,65536,32,6144,0.1233920007944107,0.12470720335841179,0.20884501110356657,66,20260908-110831-0ab56f
qwen25_72b,qkv_packed,65536,4,16384,10240,8192,1.801535964012146,1.8676848232746124,1.5257974996614987,66,20260908-135227-2a9f00
qwen25_72b,qkv_packed,65536,8,8192,10240,8192,0.9784319996833801,0.9837775766849518,1.4046857984660677,66,20260908-135227-2a9f00
qwen25_72b,qkv_packed,131072,4,32768,10240,8192,3.6539840698242188,3.6802591562271116,1.5045380696321617,66,20260908-135227-2a9f00
qwen25_72b,qkv_packed,131072,8,16384,10240,8192,1.801535964012146,1.8676848232746124,1.5257974996614987,66,20260908-135227-2a9f00
qwen25_72b,qkv_packed,262144,4,65536,10240,8192,7.361055850982666,7.394342398643493,1.4936873867479492,66,20260908-135227-2a9f00
qwen25_72b,qkv_packed,262144,8,32768,10240,8192,3.6539840698242188,3.6802591562271116,1.5045380696321617,66,20260908-135227-2a9f00
qwen25_72b,qkv_packed,524288,4,131072,10240,8192,14.874064445495605,14.954526233673096,1.4784279465845278,66,20260908-135227-2a9f00
qwen25_72b,qkv_packed,524288,8,65536,10240,8192,7.361055850982666,7.394342398643493,1.4936873867479492,66,20260908-135227-2a9f00
qwen25_72b,o,65536,4,16384,8192,8192,1.5334879755973816,1.5599712014198304,1.4340009772136324,66,20260908-135227-2a9f00
qwen25_72b,o,65536,8,8192,8192,8192,0.7846879959106445,0.7938735961914063,1.4012086759400428,66,20260908-135227-2a9f00
qwen25_72b,o,131072,4,32768,8192,8192,2.9014240503311157,2.9232879757881163,1.515823414575366,66,20260908-135227-2a9f00
qwen25_72b,o,131072,8,16384,8192,8192,1.5334879755973816,1.5599712014198304,1.4340009772136324,66,20260908-135227-2a9f00
qwen25_72b,o,262144,4,65536,8192,8192,5.893696069717407,6.039785647392272,1.4924578597467035,66,20260908-135227-2a9f00
qwen25_72b,o,262144,8,32768,8192,8192,2.9014240503311157,2.9232879757881163,1.515823414575366,66,20260908-135227-2a9f00
qwen25_72b,o,524288,4,131072,8192,8192,11.89851188659668,11.972003269195557,1.4785198529097638,66,20260908-135227-2a9f00
qwen25_72b,o,524288,8,65536,8192,8192,5.893696069717407,6.039785647392272,1.4924578597467035,66,20260908-135227-2a9f00
qwen3_235b,qkv_packed,65536,4,16384,9216,4096,0.8585920035839081,0.8926783859729767,1.4406733070943583,66,20260908-135227-2a9f00
qwen3_235b,qkv_packed,65536,8,8192,9216,4096,0.4432799965143204,0.44968160092830656,1.39522490409517,66,20260908-135227-2a9f00
qwen3_235b,qkv_packed,131072,4,32768,9216,4096,1.6642560362815857,1.677591973543167,1.4864907253233632,66,20260908-135227-2a9f00
qwen3_235b,qkv_packed,131072,8,16384,9216,4096,0.8585920035839081,0.8926783859729767,1.4406733070943583,66,20260908-135227-2a9f00
qwen3_235b,qkv_packed,262144,4,65536,9216,4096,3.3139679431915283,3.3397535562515257,1.4930145402151964,66,20260908-135227-2a9f00
qwen3_235b,qkv_packed,262144,8,32768,9216,4096,1.6642560362815857,1.677591973543167,1.4864907253233632,66,20260908-135227-2a9f00
qwen3_235b,qkv_packed,524288,4,131072,9216,4096,6.704879999160767,6.760784077644348,1.4758809480889454,66,20260908-135227-2a9f00
qwen3_235b,qkv_packed,524288,8,65536,9216,4096,3.3139679431915283,3.3397535562515257,1.4930145402151964,66,20260908-135227-2a9f00
qwen3_235b,o,65536,4,16384,4096,8192,0.7641119956970215,0.7886143922805786,1.4389404092171432,66,20260908-135227-2a9f00
qwen3_235b,o,65536,8,8192,4096,8192,0.4191039949655533,0.4248879969120026,1.3117408101375534,66,20260908-135227-2a9f00
qwen3_235b,o,131072,4,32768,4096,8192,1.5545439720153809,1.5669568479061127,1.4145777122670176,66,20260908-135227-2a9f00
qwen3_235b,o,131072,8,16384,4096,8192,0.7641119956970215,0.7886143922805786,1.4389404092171432,66,20260908-135227-2a9f00
qwen3_235b,o,262144,4,65536,4096,8192,3.0799520015716553,3.1090047717094422,1.427959432114442,66,20260908-135227-2a9f00
qwen3_235b,o,262144,8,32768,4096,8192,1.5545439720153809,1.5669568479061127,1.4145777122670176,66,20260908-135227-2a9f00
qwen3_235b,o,524288,4,131072,4096,8192,5.934639930725098,5.999384045600891,1.4821611967844002,66,20260908-135227-2a9f00
qwen3_235b,o,524288,8,65536,4096,8192,3.0799520015716553,3.1090047717094422,1.427959432114442,66,20260908-135227-2a9f00
bloom_176b,qkv_native_packed,65536,4,16384,43008,14336,13.796784400939941,13.878531360626221,1.4643648529441093,66,20260908-135227-2a9f00
bloom_176b,qkv_native_packed,65536,8,8192,43008,14336,6.818064212799072,6.8513761281967165,1.4816174745360524,66,20260908-135227-2a9f00
bloom_176b,qkv_native_packed,131072,4,32768,43008,14336,27.631759643554688,27.999477577209472,1.4623409019914968,66,20260908-135227-2a9f00
bloom_176b,qkv_native_packed,131072,8,16384,43008,14336,13.796784400939941,13.878531360626221,1.4643648529441093,66,20260908-135227-2a9f00
bloom_176b,qkv_native_packed,262144,4,65536,43008,14336,55.94649696350098,56.63342418670654,1.4444890927533576,66,20260908-135227-2a9f00
bloom_176b,qkv_native_packed,262144,8,32768,43008,14336,27.631759643554688,27.999477577209472,1.4623409019914968,66,20260908-135227-2a9f00
bloom_176b,qkv_native_packed,524288,4,131072,43008,14336,112.35185241699219,113.44730186462402,1.4385896254134856,66,20260908-135227-2a9f00
bloom_176b,qkv_native_packed,524288,8,65536,43008,14336,55.94649696350098,56.63342418670654,1.4444890927533576,66,20260908-135227-2a9f00
bloom_176b,o,65536,4,16384,14336,14336,4.516767978668213,4.588707137107849,1.4910016967738282,66,20260908-135227-2a9f00
bloom_176b,o,65536,8,8192,14336,14336,2.291216015815735,2.3184480905532836,1.4696363576461673,66,20260908-135227-2a9f00
bloom_176b,o,131072,4,32768,14336,14336,9.046895980834961,9.101214456558228,1.4887998567452203,66,20260908-135227-2a9f00
bloom_176b,o,131072,8,16384,14336,14336,4.516767978668213,4.588707137107849,1.4910016967738282,66,20260908-135227-2a9f00
bloom_176b,o,262144,4,65536,14336,14336,18.284992218017578,18.383468055725096,1.4732319576252226,66,20260908-135227-2a9f00
bloom_176b,o,262144,8,32768,14336,14336,9.046895980834961,9.101214456558228,1.4887998567452203,66,20260908-135227-2a9f00
bloom_176b,o,524288,4,131072,14336,14336,36.78544044494629,37.32673873901367,1.4646030904986944,66,20260908-135227-2a9f00
bloom_176b,o,524288,8,65536,14336,14336,18.284992218017578,18.383468055725096,1.4732319576252226,66,20260908-135227-2a9f00
deepseek_v3,mla_input_packed,65536,4,16384,2112,7168,0.3859519958496094,0.39203839004039764,1.2853119766772727,66,20260908-140154-d4d2b3
deepseek_v3,mla_input_packed,65536,8,8192,2112,7168,0.19563200324773788,0.19792960211634636,1.267861889804924,66,20260908-140154-d4d2b3
deepseek_v3,mla_input_packed,131072,4,32768,2112,7168,0.7411039769649506,0.7513455867767334,1.338729080147578,66,20260908-140154-d4d2b3
deepseek_v3,mla_input_packed,131072,8,16384,2112,7168,0.3859519958496094,0.39203839004039764,1.2853119766772727,66,20260908-140154-d4d2b3
deepseek_v3,mla_input_packed,262144,4,65536,2112,7168,1.4369439482688904,1.4496528029441833,1.380899298920106,66,20260908-140154-d4d2b3
deepseek_v3,mla_input_packed,262144,8,32768,2112,7168,0.7411039769649506,0.7513455867767334,1.338729080147578,66,20260908-140154-d4d2b3
deepseek_v3,mla_input_packed,524288,4,131072,2112,7168,3.0351680517196655,3.074235200881958,1.3075222570478426,66,20260908-140154-d4d2b3
deepseek_v3,mla_input_packed,524288,8,65536,2112,7168,1.4369439482688904,1.4496528029441833,1.380899298920106,66,20260908-140154-d4d2b3
deepseek_v3,mla_q_b,65536,4,16384,24576,1536,0.8731359839439392,0.8795568019151687,1.4166757572637392,66,20260908-110831-0ab56f
deepseek_v3,mla_q_b,65536,8,8192,24576,1536,0.4557119905948639,0.4605391934514046,1.3571626452415109,66,20260908-110831-0ab56f
deepseek_v3,mla_q_b,131072,4,32768,24576,1536,1.7168320417404175,1.7305568277835846,1.4409686575910552,66,20260908-110831-0ab56f
deepseek_v3,mla_q_b,131072,8,16384,24576,1536,0.8731359839439392,0.8795568019151687,1.4166757572637392,66,20260908-110831-0ab56f
deepseek_v3,mla_q_b,262144,4,65536,24576,1536,3.467471957206726,3.4802752137184143,1.426919203977579,66,20260908-110831-0ab56f
deepseek_v3,mla_q_b,262144,8,32768,24576,1536,1.7168320417404175,1.7305568277835846,1.4409686575910552,66,20260908-110831-0ab56f
deepseek_v3,mla_q_b,524288,4,131072,24576,1536,6.997120141983032,7.048433709144592,1.414239637048667,66,20260908-110831-0ab56f
deepseek_v3,mla_q_b,524288,8,65536,24576,1536,3.467471957206726,3.4802752137184143,1.426919203977579,66,20260908-110831-0ab56f
deepseek_v3,mla_kv_b,65536,4,16384,32768,512,0.4591359943151474,0.461940798163414,1.1973703231610542,66,20260908-110831-0ab56f
deepseek_v3,mla_kv_b,65536,8,8192,32768,512,0.24451199918985367,0.24624640494585037,1.124189846939039,66,20260908-110831-0ab56f
deepseek_v3,mla_kv_b,131072,4,32768,32768,512,0.9204480051994324,0.9348784059286117,1.1945396389204734,66,20260908-110831-0ab56f
deepseek_v3,mla_kv_b,131072,8,16384,32768,512,0.4591359943151474,0.461940798163414,1.1973703231610542,66,20260908-110831-0ab56f
deepseek_v3,mla_kv_b,262144,4,65536,32768,512,1.8221279978752136,1.831430435180664,1.2068434589207149,66,20260908-110831-0ab56f
deepseek_v3,mla_kv_b,262144,8,32768,32768,512,0.9204480051994324,0.9348784059286117,1.1945396389204734,66,20260908-110831-0ab56f
deepseek_v3,mla_kv_b,524288,4,131072,32768,512,3.636623978614807,3.6555535316467287,1.2093762063294813,66,20260908-110831-0ab56f
deepseek_v3,mla_kv_b,524288,8,65536,32768,512,1.8221279978752136,1.831430435180664,1.2068434589207149,66,20260908-110831-0ab56f
deepseek_v3,mla_o,65536,4,16384,7168,16384,2.672368049621582,2.6923360347747805,1.4400302000919871,66,20260908-110831-0ab56f
deepseek_v3,mla_o,65536,8,8192,7168,16384,1.4344800114631653,1.449640017747879,1.341353893558529,66,20260908-110831-0ab56f
deepseek_v3,mla_o,131072,4,32768,7168,16384,5.209856033325195,5.265276718139648,1.4773117232415443,66,20260908-110831-0ab56f
deepseek_v3,mla_o,131072,8,16384,7168,16384,2.672368049621582,2.6923360347747805,1.4400302000919871,66,20260908-110831-0ab56f
deepseek_v3,mla_o,262144,4,65536,7168,16384,10.389951705932617,10.457391929626464,1.48154324721977,66,20260908-110831-0ab56f
deepseek_v3,mla_o,262144,8,32768,7168,16384,5.209856033325195,5.265276718139648,1.4773117232415443,66,20260908-110831-0ab56f
deepseek_v3,mla_o,524288,4,131072,7168,16384,20.948671340942383,21.20174112319946,1.469607550601969,66,20260908-110831-0ab56f
deepseek_v3,mla_o,524288,8,65536,7168,16384,10.389951705932617,10.457391929626464,1.48154324721977,66,20260908-110831-0ab56f
kimi_k3,kda_input_packed,65536,4,16384,49376,7168,7.936192035675049,7.949507141113282,1.4613413320759598,66,20260908-140154-d4d2b3
kimi_k3,kda_input_packed,65536,8,8192,49376,7168,3.8043839931488037,3.922777605056763,1.5242264532062944,66,20260908-140154-d4d2b3
kimi_k3,kda_input_packed,131072,4,32768,49376,7168,15.733999729156494,15.881585931777954,1.4741941833814618,66,20260908-140154-d4d2b3
kimi_k3,kda_input_packed,131072,8,16384,49376,7168,7.936192035675049,7.949507141113282,1.4613413320759598,66,20260908-140154-d4d2b3
kimi_k3,kda_input_packed,262144,4,65536,49376,7168,31.519360542297363,31.720312309265136,1.4717919705840188,66,20260908-140154-d4d2b3
kimi_k3,kda_input_packed,262144,8,32768,49376,7168,15.733999729156494,15.881585931777954,1.4741941833814618,66,20260908-140154-d4d2b3
kimi_k3,kda_input_packed,524288,4,131072,49376,7168,63.092369079589844,63.40079536437988,1.4705404929580614,66,20260908-140154-d4d2b3
kimi_k3,kda_input_packed,524288,8,65536,49376,7168,31.519360542297363,31.720312309265136,1.4717919705840188,66,20260908-140154-d4d2b3
kimi_k3,mla_input_packed,65536,4,16384,14400,7168,2.342992067337036,2.367552030086517,1.443575841656259,66,20260908-140154-d4d2b3
kimi_k3,mla_input_packed,65536,8,8192,14400,7168,1.2269279956817627,1.237606406211853,1.3783558438246317,66,20260908-140154-d4d2b3
kimi_k3,mla_input_packed,131072,4,32768,14400,7168,4.6824798583984375,4.722865557670593,1.444656185560979,66,20260908-140154-d4d2b3
kimi_k3,mla_input_packed,131072,8,16384,14400,7168,2.342992067337036,2.367552030086517,1.443575841656259,66,20260908-140154-d4d2b3
kimi_k3,mla_input_packed,262144,4,65536,14400,7168,9.3088960647583,9.36379828453064,1.4533567555468538,66,20260908-140154-d4d2b3
kimi_k3,mla_input_packed,262144,8,32768,14400,7168,4.6824798583984375,4.722865557670593,1.444656185560979,66,20260908-140154-d4d2b3
kimi_k3,mla_input_packed,524288,4,131072,14400,7168,18.70148754119873,18.793324565887453,1.4468524979733037,66,20260908-140154-d4d2b3
kimi_k3,mla_input_packed,524288,8,65536,14400,7168,9.3088960647583,9.36379828453064,1.4533567555468538,66,20260908-140154-d4d2b3
kimi_k3,kda_f_b,65536,4,16384,12288,128,0.08892799913883209,0.09017120115458965,0.5795655817189556,66,20260908-111451-443957
kimi_k3,kda_f_b,65536,8,8192,12288,128,0.04795200005173683,0.049457600340247154,0.5374083197404946,66,20260908-111451-443957
kimi_k3,kda_f_b,131072,4,32768,12288,128,0.1695839986205101,0.170883197337389,0.6078357388816354,66,20260908-111451-443957
kimi_k3,kda_f_b,131072,8,16384,12288,128,0.08892799913883209,0.09017120115458965,0.5795655817189556,66,20260908-111451-443957
kimi_k3,kda_f_b,262144,4,65536,12288,128,0.33883199095726013,0.3398816019296646,0.6084385055424255,66,20260908-111451-443957
kimi_k3,kda_f_b,262144,8,32768,12288,128,0.1695839986205101,0.170883197337389,0.6078357388816354,66,20260908-111451-443957
kimi_k3,kda_f_b,524288,4,131072,12288,128,0.6520319879055023,0.6565359950065612,0.6323567985375531,66,20260908-111451-443957
kimi_k3,kda_f_b,524288,8,65536,12288,128,0.33883199095726013,0.3398816019296646,0.6084385055424255,66,20260908-111451-443957
kimi_k3,kda_o,65536,4,16384,7168,12288,1.998687982559204,2.011363160610199,1.4440563249979446,66,20260908-135227-2a9f00
kimi_k3,kda_o,65536,8,8192,7168,12288,1.0601280331611633,1.0715903878211974,1.361259174661043,66,20260908-135227-2a9f00
kimi_k3,kda_o,131072,4,32768,7168,12288,3.875663995742798,3.913755178451538,1.4894056998141998,66,20260908-135227-2a9f00
kimi_k3,kda_o,131072,8,16384,7168,12288,1.998687982559204,2.011363160610199,1.4440563249979446,66,20260908-135227-2a9f00
kimi_k3,kda_o,262144,4,65536,7168,12288,7.764304161071777,7.791431879997253,1.486916515910211,66,20260908-135227-2a9f00
kimi_k3,kda_o,262144,8,32768,7168,12288,3.875663995742798,3.913755178451538,1.4894056998141998,66,20260908-135227-2a9f00
kimi_k3,kda_o,524288,4,131072,7168,12288,15.646719932556152,15.746776390075684,1.4756923037430443,66,20260908-135227-2a9f00
kimi_k3,kda_o,524288,8,65536,7168,12288,7.764304161071777,7.791431879997253,1.486916515910211,66,20260908-135227-2a9f00
kimi_k3,mla_q_b,65536,4,16384,18432,1536,0.6743199825286865,0.6905887991189956,1.3757755367964848,66,20260908-111451-443957
kimi_k3,mla_q_b,65536,8,8192,18432,1536,0.35337598621845245,0.35767200142145156,1.3126428678185562,66,20260908-111451-443957
kimi_k3,mla_q_b,131072,4,32768,18432,1536,1.3874399662017822,1.3948607921600342,1.3373017334590434,66,20260908-111451-443957
kimi_k3,mla_q_b,131072,8,16384,18432,1536,0.6743199825286865,0.6905887991189956,1.3757755367964848,66,20260908-111451-443957
kimi_k3,mla_q_b,262144,4,65536,18432,1536,2.5672320127487183,2.5990848541259766,1.445468008078793,66,20260908-111451-443957
kimi_k3,mla_q_b,262144,8,32768,18432,1536,1.3874399662017822,1.3948607921600342,1.3373017334590434,66,20260908-111451-443957
kimi_k3,mla_q_b,524288,4,131072,18432,1536,5.206815958023071,5.285895919799804,1.4253823348705184,66,20260908-111451-443957
kimi_k3,mla_q_b,524288,8,65536,18432,1536,2.5672320127487183,2.5990848541259766,1.445468008078793,66,20260908-111451-443957
kimi_k3,mla_kv_b,65536,4,16384,24576,512,0.36633598804473877,0.37203519344329833,1.1255155755149173,66,20260908-111451-443957
kimi_k3,mla_kv_b,65536,8,8192,24576,512,0.1834079995751381,0.186064001172781,1.1240427390602534,66,20260908-111451-443957
kimi_k3,mla_kv_b,131072,4,32768,24576,512,0.7111360132694244,0.7251759886741638,1.1596005622620258,66,20260908-111451-443957
kimi_k3,mla_kv_b,131072,8,16384,24576,512,0.36633598804473877,0.37203519344329833,1.1255155755149173,66,20260908-111451-443957
kimi_k3,mla_kv_b,262144,4,65536,24576,512,1.369696021080017,1.3770176470279694,1.2041120192227313,66,20260908-111451-443957
kimi_k3,mla_kv_b,262144,8,32768,24576,512,0.7111360132694244,0.7251759886741638,1.1596005622620258,66,20260908-111451-443957
kimi_k3,mla_kv_b,524288,4,131072,24576,512,2.7254559993743896,2.7474512100219726,1.2102689913486613,66,20260908-111451-443957
kimi_k3,mla_kv_b,524288,8,65536,24576,512,1.369696021080017,1.3770176470279694,1.2041120192227313,66,20260908-111451-443957
kimi_k3,mla_o,65536,4,16384,7168,12288,1.998687982559204,2.011363160610199,1.4440563249979446,66,20260908-135227-2a9f00
kimi_k3,mla_o,65536,8,8192,7168,12288,1.0601280331611633,1.0715903878211974,1.361259174661043,66,20260908-135227-2a9f00
kimi_k3,mla_o,131072,4,32768,7168,12288,3.875663995742798,3.913755178451538,1.4894056998141998,66,20260908-135227-2a9f00
kimi_k3,mla_o,131072,8,16384,7168,12288,1.998687982559204,2.011363160610199,1.4440563249979446,66,20260908-135227-2a9f00
kimi_k3,mla_o,262144,4,65536,7168,12288,7.764304161071777,7.791431879997253,1.486916515910211,66,20260908-135227-2a9f00
kimi_k3,mla_o,262144,8,32768,7168,12288,3.875663995742798,3.913755178451538,1.4894056998141998,66,20260908-135227-2a9f00
kimi_k3,mla_o,524288,4,131072,7168,12288,15.646719932556152,15.746776390075684,1.4756923037430443,66,20260908-135227-2a9f00
kimi_k3,mla_o,524288,8,65536,7168,12288,7.764304161071777,7.791431879997253,1.486916515910211,66,20260908-135227-2a9f00
kimi_linear_48b,kda_input_packed,65536,4,16384,12576,2304,0.6584480106830597,0.6869999885559082,1.4419607812119513,66,20260908-140154-d4d2b3
kimi_linear_48b,kda_input_packed,65536,8,8192,12576,2304,0.3444480001926422,0.34770079106092455,1.3782286547475815,66,20260908-140154-d4d2b3
kimi_linear_48b,kda_input_packed,131072,4,32768,12576,2304,1.3157920241355896,1.326118391752243,1.4431706386056655,66,20260908-140154-d4d2b3
kimi_linear_48b,kda_input_packed,131072,8,16384,12576,2304,0.6584480106830597,0.6869999885559082,1.4419607812119513,66,20260908-140154-d4d2b3
kimi_linear_48b,kda_input_packed,262144,4,65536,12576,2304,2.6267518997192383,2.645593547821045,1.4458254819931537,66,20260908-140154-d4d2b3
kimi_linear_48b,kda_input_packed,262144,8,32768,12576,2304,1.3157920241355896,1.326118391752243,1.4431706386056655,66,20260908-140154-d4d2b3
kimi_linear_48b,kda_input_packed,524288,4,131072,12576,2304,5.301584005355835,5.326963138580322,1.4327132523605444,66,20260908-140154-d4d2b3
kimi_linear_48b,kda_input_packed,524288,8,65536,12576,2304,2.6267518997192383,2.645593547821045,1.4458254819931537,66,20260908-140154-d4d2b3
kimi_linear_48b,mla_input_packed,65536,4,16384,6720,2304,0.3776959925889969,0.3886688083410263,1.3432575981606536,66,20260908-140154-d4d2b3
kimi_linear_48b,mla_input_packed,65536,8,8192,6720,2304,0.19888000190258026,0.20417920500040054,1.2755003192541143,66,20260908-140154-d4d2b3
kimi_linear_48b,mla_input_packed,131072,4,32768,6720,2304,0.723471999168396,0.7301679968833923,1.4025228686754203,66,20260908-140154-d4d2b3
kimi_linear_48b,mla_input_packed,131072,8,16384,6720,2304,0.3776959925889969,0.3886688083410263,1.3432575981606536,66,20260908-140154-d4d2b3
kimi_linear_48b,mla_input_packed,262144,4,65536,6720,2304,1.4478079676628113,1.4637343764305115,1.4016859229169767,66,20260908-140154-d4d2b3
kimi_linear_48b,mla_input_packed,262144,8,32768,6720,2304,0.723471999168396,0.7301679968833923,1.4025228686754203,66,20260908-140154-d4d2b3
kimi_linear_48b,mla_input_packed,524288,4,131072,6720,2304,2.8761279582977295,2.90588321685791,1.4111834221458686,66,20260908-140154-d4d2b3
kimi_linear_48b,mla_input_packed,524288,8,65536,6720,2304,1.4478079676628113,1.4637343764305115,1.4016859229169767,66,20260908-140154-d4d2b3
kimi_linear_48b,kda_f_b,65536,4,16384,4096,128,0.033583998680114746,0.03474080003798008,0.5115492454498066,66,20260908-111451-443957
kimi_linear_48b,kda_f_b,65536,8,8192,4096,128,0.019471999257802963,0.020195200014859437,0.4411429190332255,66,20260908-111451-443957
kimi_linear_48b,kda_f_b,131072,4,32768,4096,128,0.060816001147031784,0.0626240000128746,0.5649785865553737,66,20260908-111451-443957
kimi_linear_48b,kda_f_b,131072,8,16384,4096,128,0.033583998680114746,0.03474080003798008,0.5115492454498066,66,20260908-111451-443957
kimi_linear_48b,kda_f_b,262144,4,65536,4096,128,0.11523199826478958,0.11643359996378422,0.5963575896522312,66,20260908-111451-443957
kimi_linear_48b,kda_f_b,262144,8,32768,4096,128,0.060816001147031784,0.0626240000128746,0.5649785865553737,66,20260908-111451-443957
kimi_linear_48b,kda_f_b,524288,4,131072,4096,128,0.22566399723291397,0.22685759887099266,0.6090424487613126,66,20260908-111451-443957
kimi_linear_48b,kda_f_b,524288,8,65536,4096,128,0.11523199826478958,0.11643359996378422,0.5963575896522312,66,20260908-111451-443957
kimi_linear_48b,kda_g_b,65536,4,16384,4096,128,0.033583998680114746,0.03474080003798008,0.5115492454498066,66,20260908-111451-443957
kimi_linear_48b,kda_g_b,65536,8,8192,4096,128,0.019471999257802963,0.020195200014859437,0.4411429190332255,66,20260908-111451-443957
kimi_linear_48b,kda_g_b,131072,4,32768,4096,128,0.060816001147031784,0.0626240000128746,0.5649785865553737,66,20260908-111451-443957
kimi_linear_48b,kda_g_b,131072,8,16384,4096,128,0.033583998680114746,0.03474080003798008,0.5115492454498066,66,20260908-111451-443957
kimi_linear_48b,kda_g_b,262144,4,65536,4096,128,0.11523199826478958,0.11643359996378422,0.5963575896522312,66,20260908-111451-443957
kimi_linear_48b,kda_g_b,262144,8,32768,4096,128,0.060816001147031784,0.0626240000128746,0.5649785865553737,66,20260908-111451-443957
kimi_linear_48b,kda_g_b,524288,4,131072,4096,128,0.22566399723291397,0.22685759887099266,0.6090424487613126,66,20260908-111451-443957
kimi_linear_48b,kda_g_b,524288,8,65536,4096,128,0.11523199826478958,0.11643359996378422,0.5963575896522312,66,20260908-111451-443957
kimi_linear_48b,kda_o,65536,4,16384,2304,4096,0.2335040047764778,0.236183999478817,1.3243355102539607,66,20260908-135227-2a9f00
kimi_linear_48b,kda_o,65536,8,8192,2304,4096,0.1279039978981018,0.13022879734635354,1.2088662215170263,66,20260908-135227-2a9f00
kimi_linear_48b,kda_o,131072,4,32768,2304,4096,0.4508799910545349,0.46397120505571365,1.3717071125234166,66,20260908-135227-2a9f00
kimi_linear_48b,kda_o,131072,8,16384,2304,4096,0.2335040047764778,0.236183999478817,1.3243355102539607,66,20260908-135227-2a9f00
kimi_linear_48b,kda_o,262144,4,65536,2304,4096,0.8544319868087769,0.8650159865617753,1.447687587010751,66,20260908-135227-2a9f00
kimi_linear_48b,kda_o,262144,8,32768,2304,4096,0.4508799910545349,0.46397120505571365,1.3717071125234166,66,20260908-135227-2a9f00
kimi_linear_48b,kda_o,524288,4,131072,2304,4096,1.723855972290039,1.7397999882698059,1.4350973644332774,66,20260908-135227-2a9f00
kimi_linear_48b,kda_o,524288,8,65536,2304,4096,0.8544319868087769,0.8650159865617753,1.447687587010751,66,20260908-135227-2a9f00
kimi_linear_48b,mla_kv_b,65536,4,16384,8192,512,0.12036800011992455,0.1234384011477232,1.1418230205292719,66,20260908-111451-443957
kimi_linear_48b,mla_kv_b,65536,8,8192,8192,512,0.06667200103402138,0.06833759881556034,1.0307096782791,66,20260908-111451-443957
kimi_linear_48b,mla_kv_b,131072,4,32768,8192,512,0.2279520034790039,0.23045920059084893,1.2058587016074125,66,20260908-111451-443957
kimi_linear_48b,mla_kv_b,131072,8,16384,8192,512,0.12036800011992455,0.1234384011477232,1.1418230205292719,66,20260908-111451-443957
kimi_linear_48b,mla_kv_b,262144,4,65536,8192,512,0.48180800676345825,0.4906479999423027,1.141026728843675,66,20260908-111451-443957
kimi_linear_48b,mla_kv_b,262144,8,32768,8192,512,0.2279520034790039,0.23045920059084893,1.2058587016074125,66,20260908-111451-443957
kimi_linear_48b,mla_kv_b,524288,4,131072,8192,512,0.8842079937458038,0.8973327904939652,1.2434988549674801,66,20260908-111451-443957
kimi_linear_48b,mla_kv_b,524288,8,65536,8192,512,0.48180800676345825,0.4906479999423027,1.141026728843675,66,20260908-111451-443957
kimi_linear_48b,mla_o,65536,4,16384,2304,4096,0.2335040047764778,0.236183999478817,1.3243355102539607,66,20260908-135227-2a9f00
kimi_linear_48b,mla_o,65536,8,8192,2304,4096,0.1279039978981018,0.13022879734635354,1.2088662215170263,66,20260908-135227-2a9f00
kimi_linear_48b,mla_o,131072,4,32768,2304,4096,0.4508799910545349,0.46397120505571365,1.3717071125234166,66,20260908-135227-2a9f00
kimi_linear_48b,mla_o,131072,8,16384,2304,4096,0.2335040047764778,0.236183999478817,1.3243355102539607,66,20260908-135227-2a9f00
kimi_linear_48b,mla_o,262144,4,65536,2304,4096,0.8544319868087769,0.8650159865617753,1.447687587010751,66,20260908-135227-2a9f00
kimi_linear_48b,mla_o,262144,8,32768,2304,4096,0.4508799910545349,0.46397120505571365,1.3717071125234166,66,20260908-135227-2a9f00
kimi_linear_48b,mla_o,524288,4,131072,2304,4096,1.723855972290039,1.7397999882698059,1.4350973644332774,66,20260908-135227-2a9f00
kimi_linear_48b,mla_o,524288,8,65536,2304,4096,0.8544319868087769,0.8650159865617753,1.447687587010751,66,20260908-135227-2a9f00
