aliases,best_external_p50_ms,best_pure_gemm_p50_ms,best_separated,best_separated_p50_ms,comm_ctas,cp,cublaslt_boundary_p50_ms,eager_p50_ms,eager_p50_tflops_per_gpu,eager_p95_ms,eager_result_source,eager_speedup_over_best_external,eager_speedup_over_best_separated,eager_speedup_over_te_userbuffers,eager_throughput_as_best_pure_percent,exact_mismatches_eager,exact_mismatches_graph,global_seq,graph_epoch_mode,graph_p50_ms,graph_p50_tflops_per_gpu,graph_p95_ms,graph_result_source,graph_setup_timed,graph_speedup_over_best_external,graph_speedup_over_best_separated,graph_speedup_over_te_userbuffers,graph_throughput_as_best_pure_percent,head_dim,iterations,k,m,model,n,policy,process_model,q_heads,raster,suite,swizzle,te_boundary_p50_ms,te_userbuffers_launch,te_userbuffers_p50_ms,te_userbuffers_p95_ms,te_userbuffers_timed_boundary,te_userbuffers_timing,timing,warmup
single-digit-B median-like O-proj,0.04388799890875816,0.023520000280000005,TE+NCCL,0.05632000043988228,4,4,0.05748800002038479,0.04046399891,212.28585467061046,0.04169600084,v3_golden,1.084618428504158,1.3918545363039672,1.084618428504158,58.125743657499534,0,0,1024,preinstantiated_monotonic_epochs,0.03814399987,225.19753096884642,0.03965120018,formal_10w50_cuda_graph_preuploaded,False,1.1505872236350279,1.4765100836783922,1.1505872236350279,61.661074769713196,128,50,4096,256,representative_small,4096,m64n128,single_process_multi_gpu,32,n,artificial,1,0.05632000043988228,graph,0.04388799890875816,0.047515200451016426,pack+userbuffers_send_recv+all_gemm_accumulations,per_sample_local_cuda_event_then_dist_max,per_sample_max_rank_cuda_event,10
single-digit-B median-like O-proj,0.04705600067973137,0.022576000540000002,TE+NCCL,0.04705600067973137,4,8,0.048367999494075775,0.03206399828,133.94983552874618,0.03261119872,v3_golden,1.4675649701828568,1.4675649701828568,1.8133733329141444,70.40918709779821,0,0,1024,preinstantiated_monotonic_epochs,0.02892800048,148.47093558953094,0.02981279977,formal_10w50_cuda_graph_preuploaded,False,1.6266592885417213,1.6266592885417213,2.0099556990728105,78.04203596998835,128,50,4096,128,representative_small,4096,m64n128,single_process_multi_gpu,32,n,artificial,1,0.04705600067973137,graph,0.05814399942755699,0.05961599946022034,pack+userbuffers_send_recv+all_gemm_accumulations,per_sample_local_cuda_event_then_dist_max,per_sample_max_rank_cuda_event,10
single-digit-B median-like O-proj,0.07916799932718277,0.050624001769999996,cuBLASLt+NCCL,0.10945599898695946,10,4,0.10945599898695946,0.0736,466.84427130434784,0.0754,v3_golden,1.075652164771505,1.4871738992793404,1.075652164771505,68.78261110054348,0,0,4096,preinstantiated_monotonic_epochs,0.0707360059,485.7460911289593,0.07232639939,formal_10w50_cuda_graph_preuploaded,False,1.1192036971822121,1.547387325511398,1.1192036971822121,71.56751519384275,128,50,4096,1024,representative_small,4096,m128n160,single_process_multi_gpu,32,n,artificial,1,0.11060800030827522,graph,0.07916799932718277,0.08468319997191429,pack+userbuffers_send_recv+all_gemm_accumulations,per_sample_local_cuda_event_then_dist_max,per_sample_max_rank_cuda_event,10
single-digit-B median-like O-proj,0.08830400183796883,0.03903999925,cuBLASLt+NCCL,0.08830400183796883,4,8,0.08830400183796883,0.06107199937,281.3051703108177,0.06327199936,v3_golden,1.4458999664148187,1.4458999664148187,1.488603620032847,63.9245475057713,0,0,4096,preinstantiated_monotonic_epochs,0.05971200019,287.7121705743349,0.06126560271,formal_10w50_cuda_graph_preuploaded,False,1.478831751691298,1.478831751691298,1.5225080227684422,65.38049156916041,128,50,4096,512,representative_small,4096,m128n128,single_process_multi_gpu,32,n,artificial,1,0.08990399911999702,graph,0.09091199934482574,0.10244159810245035,pack+userbuffers_send_recv+all_gemm_accumulations,per_sample_local_cuda_event_then_dist_max,per_sample_max_rank_cuda_event,10
single-digit-B median-like O-proj,0.25068800151348114,0.1768639982,cuBLASLt+NCCL,0.3404480069875717,16,4,0.3404480069875717,0.228,602.8024275087719,0.2297,v3_golden,1.0995087785678996,1.4931930131033846,1.0995087785678996,77.57192903508772,0,0,16384,preinstantiated_monotonic_epochs,0.2249439955,610.9918745174953,0.2264351994,formal_10w50_cuda_graph_preuploaded,False,1.1144462912035416,1.513478971647286,1.1144462912035416,78.62579208076707,128,50,4096,4096,representative_small,4096,m128n320_cluster_m2,single_process_multi_gpu,32,n,artificial,1,0.3415199965238571,graph,0.25068800151348114,0.25243680328130724,pack+userbuffers_send_recv+all_gemm_accumulations,per_sample_local_cuda_event_then_dist_max,per_sample_max_rank_cuda_event,10
single-digit-B median-like O-proj,0.22420799732208252,0.1180799976,cuBLASLt+NCCL,0.22564800083637238,4,8,0.22564800083637238,0.1926880032,356.6359897594288,0.1964496076,v3_golden,1.1635804699754266,1.1710537090477897,1.1635804699754266,61.28040959428033,0,0,16384,preinstantiated_monotonic_epochs,0.1850560009,371.344222299143,0.1904672086,formal_10w50_cuda_graph_preuploaded,False,1.211568369745758,1.219349817022726,1.211568369745758,63.807710652845955,128,50,4096,2048,representative_small,4096,m128n256_cluster_m2,single_process_multi_gpu,32,n,artificial,1,0.22681599855422974,graph,0.22420799732208252,0.24173759371042247,pack+userbuffers_send_recv+all_gemm_accumulations,per_sample_local_cuda_event_then_dist_max,per_sample_max_rank_cuda_event,10
single-digit-B median-like O-proj,1.6789600253105164,1.5277600290000002,TE+NCCL,2.537071943283081,8,4,2.5390559434890747,1.520287991,723.2258850198338,1.584387183,v3_golden,1.1043697215592334,1.6688100927603007,1.1043697215592334,100.49148832617465,0,0,131072,preinstantiated_monotonic_epochs,1.539184093,714.3470574939213,1.619007945,formal_10w50_cuda_graph_preuploaded,False,1.0908117053354425,1.6483226111946838,1.0908117053354425,99.25778442929894,128,50,4096,32768,representative_small,4096,m128n320_cluster_m2,single_process_multi_gpu,32,n,artificial,1,2.537071943283081,graph,1.6789600253105164,1.8160336136817934,pack+userbuffers_send_recv+all_gemm_accumulations,per_sample_local_cuda_event_then_dist_max,per_sample_max_rank_cuda_event,10
single-digit-B median-like O-proj,1.1209759712219238,0.8478720188,cuBLASLt+NCCL,1.426431953907013,12,8,1.426431953907013,0.9361,587.2832110757397,0.9474,v3_golden,1.1974959632752096,1.5238029632592809,1.1974959632752096,90.57494058327102,0,0,131072,preinstantiated_monotonic_epochs,0.9286879897,591.9704141598634,0.9355216026,formal_10w50_cuda_graph_preuploaded,False,1.2070533738506082,1.5359646832170215,1.2070533738506082,91.29783395539481,128,50,4096,16384,representative_small,4096,m128n320_cluster_m2,single_process_multi_gpu,32,n,artificial,1,1.4870399832725525,graph,1.1209759712219238,1.142031991481781,pack+userbuffers_send_recv+all_gemm_accumulations,per_sample_local_cuda_event_then_dist_max,per_sample_max_rank_cuda_event,10
single-digit-B median-like O-proj,3.6769120693206787,2.951904058,cuBLASLt+NCCL,4.981296062469482,8,4,4.981296062469482,3.190351963,689.2729332233869,3.203927994,v3_golden,1.152509852192969,1.5613625456501028,1.152509852192969,92.52596867789538,0,0,262144,preinstantiated_monotonic_epochs,3.156975985,696.5600200953065,3.184936047,formal_10w50_cuda_graph_preuploaded,False,1.164694342557908,1.5778694821048767,1.164694342557908,93.5041657594364,128,50,4096,65536,representative_small,4096,m128n320_cluster_m2,single_process_multi_gpu,32,n,artificial,1,4.983152151107788,graph,3.6769120693206787,3.7016080260276794,pack+userbuffers_send_recv+all_gemm_accumulations,per_sample_local_cuda_event_then_dist_max,per_sample_max_rank_cuda_event,10
single-digit-B median-like O-proj,2.1101280450820923,1.619215965,cuBLASLt+NCCL,2.798080086708069,8,8,2.798080086708069,1.769024014,621.5357276523664,1.78966558,v3_golden,1.1928204639296052,1.5817083683229576,1.1928204639296052,91.53159890343919,0,0,262144,preinstantiated_monotonic_epochs,1.758623958,625.2113322886962,1.764583945,formal_10w50_cuda_graph_preuploaded,False,1.1998745015857974,1.591062190401519,1.1998745015857974,92.07289356170592,128,50,4096,32768,representative_small,4096,m128n320_cluster_m2,single_process_multi_gpu,32,n,artificial,1,2.911215901374817,graph,2.1101280450820923,2.125880002975464,pack+userbuffers_send_recv+all_gemm_accumulations,per_sample_local_cuda_event_then_dist_max,per_sample_max_rank_cuda_event,10
single-digit-B median-like O-proj,7.515007972717285,5.88977623,cuBLASLt+NCCL,9.84276819229126,8,4,9.84276819229126,6.369456291,690.4900999663678,6.469401836,v3_golden,1.1798507799379898,1.5453074395375046,1.1798507799379898,92.46905796845196,0,0,524288,preinstantiated_monotonic_epochs,6.362415791,691.2541801064444,6.467603207,formal_10w50_cuda_graph_preuploaded,False,1.1811563751221184,1.5470174404845431,1.1811563751221184,92.57138205791932,128,50,4096,131072,representative_small,4096,m128n320_cluster_m2,single_process_multi_gpu,32,n,artificial,1,9.929519653320312,graph,7.515007972717285,7.560009527206422,pack+userbuffers_send_recv+all_gemm_accumulations,per_sample_local_cuda_event_then_dist_max,per_sample_max_rank_cuda_event,10
single-digit-B median-like O-proj,4.193040132522583,3.191215992,cuBLASLt+NCCL,5.510655879974365,8,8,5.510655879974365,3.498415947,628.5768441679242,3.509927988,v3_golden,1.1985539158424672,1.575186016602721,1.1985539158424672,91.2188842134843,0,0,524288,preinstantiated_monotonic_epochs,3.480480194,631.8160520904261,3.50561595,formal_10w50_cuda_graph_preuploaded,False,1.2047303529412305,1.583303329659564,1.2047303529412305,91.68895710141771,128,50,4096,65536,representative_small,4096,m128n320_cluster_m2,single_process_multi_gpu,32,n,artificial,1,5.736287832260132,graph,4.193040132522583,4.253660941123963,pack+userbuffers_send_recv+all_gemm_accumulations,per_sample_local_cuda_event_then_dist_max,per_sample_max_rank_cuda_event,10
tens-of-B median-like O-proj,0.04841599985957146,0.03158399835,TE+NCCL,0.0631519965827465,4,4,0.06543999910354614,0.04335999861,309.5427405503785,0.04549599811,v3_golden,1.1166051986082262,1.456457532454393,1.1166051986082262,72.84132694302225,0,0,1024,preinstantiated_monotonic_epochs,0.04121600091,325.64471330704845,0.04262240231,formal_10w50_cuda_graph_preuploaded,False,1.1746894116509146,1.5322203801539682,1.1746894116509146,76.63042908740076,128,50,5120,256,representative_medium,5120,m128n128,single_process_multi_gpu,40,n,artificial,1,0.0631519965827465,graph,0.04841599985957146,0.0508992001414299,pack+userbuffers_send_recv+all_gemm_accumulations,per_sample_local_cuda_event_then_dist_max,per_sample_max_rank_cuda_event,10
tens-of-B median-like O-proj,0.05939200147986412,0.02800000086,TE+NCCL,0.05939200147986412,4,8,0.06147199869155884,0.03806399927,176.30534175869323,0.03975680098,v3_golden,1.5603195307612803,1.5603195307612803,1.6712904932722121,73.56032313206798,0,0,1024,preinstantiated_monotonic_epochs,0.035488002,189.10296499645148,0.0362560004,formal_10w50_cuda_graph_preuploaded,False,1.6735797490054278,1.6735797490054278,1.7926058535465432,78.89990780546056,128,50,5120,128,representative_medium,5120,m64n128,single_process_multi_gpu,40,n,artificial,1,0.05939200147986412,graph,0.06361600011587143,0.0661040000617504,pack+userbuffers_send_recv+all_gemm_accumulations,per_sample_local_cuda_event_then_dist_max,per_sample_max_rank_cuda_event,10
tens-of-B median-like O-proj,0.10630399733781815,0.07391999662,cuBLASLt+NCCL,0.1446560025215149,13,4,0.1446560025215149,0.1036,518.215166023166,0.1047,v3_golden,1.02610036040365,1.3962934606323831,1.02610036040365,71.35134808880309,0,0,4096,preinstantiated_monotonic_epochs,0.1007200032,533.0330569330243,0.1029648036,formal_10w50_cuda_graph_preuploaded,False,1.0554407660882414,1.4362192010088706,1.0554407660882414,73.39157493195948,128,50,5120,1024,representative_medium,5120,m128n128,single_process_multi_gpu,40,n,artificial,1,0.1650400012731552,graph,0.10630399733781815,0.11198239848017691,pack+userbuffers_send_recv+all_gemm_accumulations,per_sample_local_cuda_event_then_dist_max,per_sample_max_rank_cuda_event,10
tens-of-B median-like O-proj,0.10496000200510025,0.056432001290000006,cuBLASLt+NCCL,0.10496000200510025,4,8,0.10496000200510025,0.08292800188,323.69700211568636,0.08475999534,v3_golden,1.2656762447620695,1.2656762447620695,1.558749688253575,68.04939225674251,0,0,4096,preinstantiated_monotonic_epochs,0.07814399898,343.5138455976674,0.08107360452,formal_10w50_cuda_graph_preuploaded,False,1.3431613863524372,1.3431613863524372,1.6541768883753367,72.21539980881076,128,50,5120,512,representative_medium,5120,m128n160,single_process_multi_gpu,40,n,artificial,1,0.10811199992895126,graph,0.1292639970779419,0.1371439978480339,pack+userbuffers_send_recv+all_gemm_accumulations,per_sample_local_cuda_event_then_dist_max,per_sample_max_rank_cuda_event,10
tens-of-B median-like O-proj,0.3604799956083298,0.2823039889,TE+NCCL,0.47382399439811707,4,4,0.47417600452899933,0.357648015,600.4461252217492,0.3649168015,v3_golden,1.0079183456626477,1.3248332844741697,1.0079183456626477,78.93347007671775,0,0,16384,preinstantiated_monotonic_epochs,0.3542720079,606.1680291168158,0.360134393,formal_10w50_cuda_graph_preuploaded,False,1.0175232238785348,1.3374581785526303,1.0175232238785348,79.68566034144185,128,50,5120,4096,representative_medium,5120,m128n320_cluster_m2,single_process_multi_gpu,40,n,artificial,1,0.47382399439811707,graph,0.3604799956083298,0.3908784061670303,pack+userbuffers_send_recv+all_gemm_accumulations,per_sample_local_cuda_event_then_dist_max,per_sample_max_rank_cuda_event,10
tens-of-B median-like O-proj,0.2799680083990097,0.1811999977,cuBLASLt+NCCL,0.3032799959182739,4,8,0.3032799959182739,0.2580960095,416.0241865343524,0.2619968057,v3_golden,1.0847436538882624,1.1750665828030709,1.0847436538882624,70.20643133965231,0,0,16384,preinstantiated_monotonic_epochs,0.2503200173,428.94764692875407,0.2540976107,formal_10w50_cuda_graph_preuploaded,False,1.118440352548704,1.2115690913955284,1.118440352548704,72.38733827780061,128,50,5120,2048,representative_medium,5120,m128n320_cluster_m2,single_process_multi_gpu,40,n,artificial,1,0.3056640028953552,graph,0.2799680083990097,0.28334079682826996,pack+userbuffers_send_recv+all_gemm_accumulations,per_sample_local_cuda_event_then_dist_max,per_sample_max_rank_cuda_event,10
tens-of-B median-like O-proj,2.7995519638061523,2.1947999,cuBLASLt+NCCL,3.513327956199646,6,4,3.513327956199646,2.364448071,726.5910972929123,2.397958279,v3_golden,1.184019221290038,1.4858977024239524,1.184019221290038,92.82504136670465,0,0,131072,preinstantiated_monotonic_epochs,2.346240044,732.2298171465358,2.583945513,formal_10w50_cuda_graph_preuploaded,False,1.193207818170779,1.4974290312639664,1.193207818170779,93.54541133217485,128,50,5120,32768,representative_medium,5120,m128n320_cluster_m2,single_process_multi_gpu,40,n,artificial,1,3.515712022781372,graph,2.7995519638061523,2.838547241687775,pack+userbuffers_send_recv+all_gemm_accumulations,per_sample_local_cuda_event_then_dist_max,per_sample_max_rank_cuda_event,10
tens-of-B median-like O-proj,1.5952479839324951,1.281087995,cuBLASLt+NCCL,2.0636640787124634,6,8,2.0636640787124634,1.393,616.6500066044508,1.3997,v3_golden,1.1451887896141386,1.481453035687339,1.1451887896141386,91.966115936827,0,0,131072,preinstantiated_monotonic_epochs,1.384863973,620.2728036452429,1.392539144,formal_10w50_cuda_graph_preuploaded,False,1.1519167333646096,1.4901565200241247,1.1519167333646096,92.50641362449538,128,50,5120,16384,representative_medium,5120,m128n320_cluster_m2,single_process_multi_gpu,40,n,artificial,1,2.084976077079773,graph,1.5952479839324951,1.614467203617096,pack+userbuffers_send_recv+all_gemm_accumulations,per_sample_local_cuda_event_then_dist_max,per_sample_max_rank_cuda_event,10
tens-of-B median-like O-proj,5.719760179519653,4.386127949,TE+NCCL,7.103776216506958,6,4,7.637648105621338,4.788831711,717.4973029241203,4.801460743,v3_golden,1.1943957367266216,1.4834048563848055,1.1943957367266216,91.59077231561541,0,0,262144,preinstantiated_monotonic_epochs,4.753952026,722.7615714269305,4.75901413,formal_10w50_cuda_graph_preuploaded,False,1.2031590029174715,1.4942885787772897,1.2031590029174715,92.26277263657013,128,50,5120,65536,representative_medium,5120,m128n320_cluster_m2,single_process_multi_gpu,40,n,artificial,1,7.103776216506958,graph,5.719760179519653,5.797926449775696,pack+userbuffers_send_recv+all_gemm_accumulations,per_sample_local_cuda_event_then_dist_max,per_sample_max_rank_cuda_event,10
tens-of-B median-like O-proj,3.012735962867737,2.447455883,cuBLASLt+NCCL,3.955567955970764,8,8,3.955567955970764,2.733103991,628.5845412605086,2.748828888,v3_golden,1.1023129645957686,1.4472804434065765,1.1023129645957686,89.5485825295844,0,0,262144,preinstantiated_monotonic_epochs,2.722304106,631.0782526513223,2.733980894,formal_10w50_cuda_graph_preuploaded,False,1.1066860444531603,1.4530220731962427,1.1066860444531603,89.90383835537587,128,50,5120,32768,representative_medium,5120,m128n320_cluster_m2,single_process_multi_gpu,40,n,artificial,1,4.007264137268066,graph,3.012735962867737,3.0760112047195434,pack+userbuffers_send_recv+all_gemm_accumulations,per_sample_local_cuda_event_then_dist_max,per_sample_max_rank_cuda_event,10
tens-of-B median-like O-proj,11.256192207336426,9.372768402,TE+NCCL,14.507599830627441,6,4,14.732896327972412,9.511631966,722.4782979581488,9.666193962,v3_golden,1.1834133456353737,1.525248231059179,1.1834133456353737,98.540065842577,0,0,524288,preinstantiated_monotonic_epochs,9.54161644,720.2079141215197,9.601969719,formal_10w50_cuda_graph_preuploaded,False,1.1796944761003645,1.5204551473908796,1.1796944761003645,98.23040426051752,128,50,5120,131072,representative_medium,5120,m128n320_cluster_m2,single_process_multi_gpu,40,n,artificial,1,14.507599830627441,graph,11.256192207336426,11.372284889221191,pack+userbuffers_send_recv+all_gemm_accumulations,per_sample_local_cuda_event_then_dist_max,per_sample_max_rank_cuda_event,10
tens-of-B median-like O-proj,6.004479885101318,4.950160027,cuBLASLt+NCCL,7.929935932159424,8,8,7.929935932159424,5.352848053,641.8963891333159,5.378229141,v3_golden,1.1217355369794426,1.481442374908269,1.1217355369794426,92.47712578401486,0,0,524288,preinstantiated_monotonic_epochs,5.343343735,643.0381437551293,5.353739262,formal_10w50_cuda_graph_preuploaded,False,1.123730791596045,1.4840774476507497,1.123730791596045,92.64161679465676,128,50,5120,65536,representative_medium,5120,m128n320_cluster_m2,single_process_multi_gpu,40,n,artificial,1,7.996272087097168,graph,6.004479885101318,6.149176025390625,pack+userbuffers_send_recv+all_gemm_accumulations,per_sample_local_cuda_event_then_dist_max,per_sample_max_rank_cuda_event,10
wide-K stress shape; not one specific GQA checkpoint,0.12019199877977371,0.09651199728,TE+NCCL,0.15958400070667267,16,4,0.16020800173282623,0.1156,520.151748650519,0.1258,v3_golden,1.0397231728354128,1.3804844351788295,1.0397231728354128,83.48788692041524,0,0,1024,preinstantiated_monotonic_epochs,0.1237760037,485.7932098837022,0.1322336048,formal_10w50_cuda_graph_preuploaded,False,0.9710444285395338,1.2892967613776067,0.9710444285395338,77.97310819140625,128,50,16384,256,representative_large,7168,m128n128,single_process_multi_gpu,128,n,artificial,1,0.15958400070667267,graph,0.12019199877977371,0.12169279865920543,pack+userbuffers_send_recv+all_gemm_accumulations,per_sample_local_cuda_event_then_dist_max,per_sample_max_rank_cuda_event,10
wide-K stress shape; not one specific GQA checkpoint,0.11585600301623344,0.09385599941,cuBLASLt+NCCL,0.1409440040588379,4,8,0.1409440040588379,0.1116960049,269.16603775503523,0.1152879968,v3_golden,1.0372439293594953,1.2618535836176348,1.0372439293594953,84.02807199239406,0,0,1024,preinstantiated_monotonic_epochs,0.106912002,281.2104395164165,0.1125615984,formal_10w50_cuda_graph_preuploaded,False,1.083657595488984,1.3183178822040755,1.083657595488984,87.78808520487719,128,50,16384,128,representative_large,7168,m64n128,single_process_multi_gpu,128,n,artificial,1,0.14745600521564484,graph,0.11585600301623344,0.11693439967930316,pack+userbuffers_send_recv+all_gemm_accumulations,per_sample_local_cuda_event_then_dist_max,per_sample_max_rank_cuda_event,10
wide-K stress shape; not one specific GQA checkpoint,0.38940800726413727,0.338447988,cuBLASLt+NCCL,0.48238399624824524,4,4,0.48238399624824524,0.3851519823,624.4759981234037,0.3918463886,v3_golden,1.0110502481091275,1.2524510282086774,1.0110502481091275,87.87387928757391,0,0,4096,preinstantiated_monotonic_epochs,0.3804799914,632.1440654237778,0.3881087899,formal_10w50_cuda_graph_preuploaded,False,1.0234651389453782,1.2678301281317923,1.0234651389453782,88.95290045467553,128,50,16384,1024,representative_large,7168,m128n256_cluster_m2,single_process_multi_gpu,128,n,artificial,1,0.5031999945640564,graph,0.38940800726413727,0.3922735959291458,pack+userbuffers_send_recv+all_gemm_accumulations,per_sample_local_cuda_event_then_dist_max,per_sample_max_rank_cuda_event,10
wide-K stress shape; not one specific GQA checkpoint,0.25065600872039795,0.1962720007,cuBLASLt+NCCL,0.30931200087070465,20,8,0.30931200087070465,0.2365,508.49507098520087,0.2391,v3_golden,1.059856273659188,1.3078731537873347,1.059856273659188,82.99027513742072,0,0,4096,preinstantiated_monotonic_epochs,0.2374240011,506.5161219204135,0.2410496026,formal_10w50_cuda_graph_preuploaded,False,1.0557315501343303,1.3027832040469502,1.0557315501343303,82.66729555169644,128,50,16384,512,representative_large,7168,m128n128,single_process_multi_gpu,128,n,artificial,1,0.3094239979982376,graph,0.25065600872039795,0.25299201160669327,pack+userbuffers_send_recv+all_gemm_accumulations,per_sample_local_cuda_event_then_dist_max,per_sample_max_rank_cuda_event,10
wide-K stress shape; not one specific GQA checkpoint,1.502415955066681,1.2066559789999998,TE+NCCL,1.787376046180725,4,4,1.7971680164337158,1.479984045,650.0561121278845,1.540715218,v3_golden,1.0151568593880895,1.2076995371802979,1.0151568593880895,81.53168833654554,0,0,16384,preinstantiated_monotonic_epochs,1.467519999,655.5772152744611,1.544956803,formal_10w50_cuda_graph_preuploaded,False,1.0237788623599404,1.2179568574184214,1.0237788623599404,82.22415911348679,128,50,16384,4096,representative_large,7168,m128n256_cluster_m2,single_process_multi_gpu,128,n,artificial,1,1.787376046180725,graph,1.502415955066681,1.5777375757694245,pack+userbuffers_send_recv+all_gemm_accumulations,per_sample_local_cuda_event_then_dist_max,per_sample_max_rank_cuda_event,10
wide-K stress shape; not one specific GQA checkpoint,0.8546399772167206,0.6934880018000001,TE+NCCL,1.034175992012024,4,8,1.0360159873962402,0.800639987,600.8147793797364,0.8103663921,v3_golden,1.0674460320412658,1.2916866616755975,1.0674460320412658,86.6167082659088,0,0,16384,preinstantiated_monotonic_epochs,0.7985600233,602.3796873328909,0.8093439937,formal_10w50_cuda_graph_preuploaded,False,1.0702263477765561,1.2950510441761853,1.0702263477765561,86.84231386066682,128,50,16384,2048,representative_large,7168,m128n320_cluster_m2,single_process_multi_gpu,128,n,artificial,1,1.034175992012024,graph,0.8546399772167206,0.871246388554573,pack+userbuffers_send_recv+all_gemm_accumulations,per_sample_local_cuda_event_then_dist_max,per_sample_max_rank_cuda_event,10
wide-K stress shape; not one specific GQA checkpoint,12.467679977416992,10.1873436,TE+NCCL,14.888895988464355,6,4,15.071951866149902,11.14926434,690.3219046317812,11.17914295,v3_golden,1.11825135696953,1.335415103133554,1.11825135696953,91.3723389215113,0,0,131072,preinstantiated_monotonic_epochs,11.04171181,697.0460311653434,11.18602085,formal_10w50_cuda_graph_preuploaded,False,1.1291437588622404,1.3484228029733694,1.1291437588622404,92.2623572802703,128,50,16384,32768,representative_large,7168,m128n320_cluster_m2,single_process_multi_gpu,128,n,artificial,1,14.888895988464355,graph,12.467679977416992,15.839716482162475,pack+userbuffers_send_recv+all_gemm_accumulations,per_sample_local_cuda_event_then_dist_max,per_sample_max_rank_cuda_event,10
wide-K stress shape; not one specific GQA checkpoint,6.242720127105713,5.493776321,TE+NCCL,7.972752094268799,4,8,7.975744009017944,5.737775803,670.6938070330177,5.82648468,v3_golden,1.0880034949852349,1.389519627117574,1.0880034949852349,95.74749013594389,0,0,131072,preinstantiated_monotonic_epochs,5.75,669.2679473419131,5.812697411,formal_10w50_cuda_graph_preuploaded,False,1.08569045688795,1.386565581611965,1.08569045688795,95.5439360173913,128,50,16384,16384,representative_large,7168,m128n256_cluster_m2,single_process_multi_gpu,128,n,artificial,1,7.972752094268799,graph,6.242720127105713,6.303449583053588,pack+userbuffers_send_recv+all_gemm_accumulations,per_sample_local_cuda_event_then_dist_max,per_sample_max_rank_cuda_event,10
wide-K stress shape; not one specific GQA checkpoint,24.551295280456543,20.529121399999998,cuBLASLt+NCCL,30.260191917419434,6,4,30.260191917419434,22.55342484,682.5199675023724,27.82769203,v3_golden,1.0885839048672192,1.3417116084183793,1.0885839048672192,91.02440780342253,0,0,262144,preinstantiated_monotonic_epochs,22.41278458,686.8027814178902,26.82180786,formal_10w50_cuda_graph_preuploaded,False,1.0954147706557105,1.3501308509618233,1.0954147706557105,91.5955861116834,128,50,16384,65536,representative_large,7168,m128n320_cluster_m2,single_process_multi_gpu,128,n,artificial,1,30.471760749816895,graph,24.551295280456543,28.789139461517333,pack+userbuffers_send_recv+all_gemm_accumulations,per_sample_local_cuda_event_then_dist_max,per_sample_max_rank_cuda_event,10
wide-K stress shape; not one specific GQA checkpoint,12.986944198608398,10.91713619,cuBLASLt+NCCL,15.564239978790283,6,8,15.564239978790283,11.69273567,658.2361571876704,11.77287197,v3_golden,1.1106848358788222,1.331103380599237,1.1106848358788222,93.3668261911543,0,0,262144,preinstantiated_monotonic_epochs,11.69836807,657.9192369719992,11.79529762,formal_10w50_cuda_graph_preuploaded,False,1.1101500757112353,1.3304624957650424,1.1101500757112353,93.32187297129556,128,50,16384,32768,representative_large,7168,m128n320_cluster_m2,single_process_multi_gpu,128,n,artificial,1,15.868655681610107,graph,12.986944198608398,16.417628479003906,pack+userbuffers_send_recv+all_gemm_accumulations,per_sample_local_cuda_event_then_dist_max,per_sample_max_rank_cuda_event,10
wide-K stress shape; not one specific GQA checkpoint,49.46041488647461,41.695487979999996,cuBLASLt+NCCL,61.09895896911621,6,4,61.09895896911621,45.87843323,671.0413457972396,50.72131729,v3_golden,1.0780755009334613,1.3317577490672345,1.0780755009334613,90.88254555461853,0,0,524288,preinstantiated_monotonic_epochs,45.48624039,676.8272188196999,50.74124527,formal_10w50_cuda_graph_preuploaded,False,1.0873709161803646,1.3432404710798789,1.0873709161803646,91.66615579239347,128,50,16384,131072,representative_large,7168,m128n320_cluster_m2,single_process_multi_gpu,128,n,artificial,1,61.49665641784668,graph,49.46041488647461,52.5919132232666,pack+userbuffers_send_recv+all_gemm_accumulations,per_sample_local_cuda_event_then_dist_max,per_sample_max_rank_cuda_event,10
wide-K stress shape; not one specific GQA checkpoint,26.156208038330078,21.673999789999996,cuBLASLt+NCCL,31.32321548461914,6,8,31.32321548461914,23.75963211,647.8704180939442,26.55798721,v3_golden,1.100867552040985,1.3183375626188996,1.100867552040985,91.22195027959968,0,0,524288,preinstantiated_monotonic_epochs,23.60916901,651.9993474714848,26.86399651,formal_10w50_cuda_graph_preuploaded,False,1.1078834679548122,1.3267394320974089,1.1078834679548122,91.80331497825979,128,50,16384,65536,representative_large,7168,m128n320_cluster_m2,single_process_multi_gpu,128,n,artificial,1,31.695087432861328,graph,26.156208038330078,30.978607940673825,pack+userbuffers_send_recv+all_gemm_accumulations,per_sample_local_cuda_event_then_dist_max,per_sample_max_rank_cuda_event,10
current production Qwen dense,0.028672000393271446,0.01385600027,cuBLASLt+NCCL,0.03510399907827377,21,4,0.03510399907827377,0.02041600086,105.186302779182,0.02146399952,new_geometry_manual_comm_ctas,1.4043886748382244,1.7194356191006634,1.4043886748382244,67.86833702161198,0,0,1024,preinstantiated_monotonic_epochs,0.01715200022,125.20310287169526,0.01812960021,formal_10w50_cuda_graph_preuploaded,False,1.6716417925320808,2.0466417110548387,1.6716417925320808,80.78358262754266,128,50,2048,256,production_qwen_dense,2048,m64n128,single_process_multi_gpu,16,n,model,1,0.036000000312924385,graph,0.028672000393271446,0.0300976000726223,pack+userbuffers_send_recv+all_gemm_accumulations,per_sample_local_cuda_event_then_dist_max,per_sample_max_rank_cuda_event,10
current production Qwen dense,0.036288000643253326,0.0146239996,cuBLASLt+NCCL,0.036288000643253326,15,8,0.036288000643253326,0.02199999988,48.806446811671535,0.02269439958,new_geometry_manual_comm_ctas,1.649454583690358,1.649454583690358,2.136727298665589,66.47272581712396,0,0,1024,preinstantiated_monotonic_epochs,0.01948799938,55.097591243868365,0.02005599998,formal_10w50_cuda_graph_preuploaded,False,1.8620690577656067,1.8620690577656067,2.412151160189317,75.04105123796448,128,50,2048,128,production_qwen_dense,2048,m64n128,single_process_multi_gpu,16,n,model,1,0.03763199970126152,graph,0.04700800031423569,0.04795200005173683,pack+userbuffers_send_recv+all_gemm_accumulations,per_sample_local_cuda_event_then_dist_max,per_sample_max_rank_cuda_event,10
current production Qwen dense,0.0432640016078949,0.020767999810000003,cuBLASLt+NCCL,0.05820799991488457,14,4,0.05820799991488457,0.0314560011,273.0777686805206,0.03258080035,new_geometry_manual_comm_ctas,1.3753814882685422,1.8504577148836814,1.3753814882685422,66.02237755516865,0,0,4096,preinstantiated_monotonic_epochs,0.03097599931,277.3093615490528,0.03203519806,formal_10w50_cuda_graph_preuploaded,False,1.3966942978955954,1.879132270515426,1.3966942978955954,67.04545542553475,128,50,2048,1024,production_qwen_dense,2048,m128n160,single_process_multi_gpu,16,n,model,1,0.059487998485565186,graph,0.0432640016078949,0.0453056002035737,pack+userbuffers_send_recv+all_gemm_accumulations,per_sample_local_cuda_event_then_dist_max,per_sample_max_rank_cuda_event,10
current production Qwen dense,0.0568000003695488,0.01840000041,cuBLASLt+NCCL,0.06825599819421768,9,8,0.06825599819421768,0.03067200072,140.028925247104,0.03137759864,new_geometry_manual_comm_ctas,1.8518518204295609,2.2253520015637793,1.8518518204295609,59.989566960338806,0,0,4096,preinstantiated_monotonic_epochs,0.02828799933,151.8300126458607,0.02889920026,formal_10w50_cuda_graph_preuploaded,False,2.0079186126574613,2.41289592091551,2.0079186126574613,65.04525185874995,128,50,2048,512,production_qwen_dense,2048,m128n128,single_process_multi_gpu,16,n,model,1,0.06950400024652481,graph,0.0568000003695488,0.06173439919948577,pack+userbuffers_send_recv+all_gemm_accumulations,per_sample_local_cuda_event_then_dist_max,per_sample_max_rank_cuda_event,10
current production Qwen dense,0.10507200285792351,0.0511199981,TE+NCCL,0.14668799936771393,15,4,0.14787200093269348,0.07993599772,429.84061434193103,0.08302719891,new_geometry_manual_comm_ctas,1.3144516344935102,1.835068098874965,1.3144516344935102,63.951160375908806,0,0,16384,preinstantiated_monotonic_epochs,0.07863999903,436.92445055718105,0.0839536041,formal_10w50_cuda_graph_preuploaded,False,1.336113989750179,1.8653102896371427,1.336113989750179,65.00508485573414,128,50,2048,4096,production_qwen_dense,2048,m128n160,single_process_multi_gpu,16,n,model,1,0.14668799936771393,graph,0.10507200285792351,0.1093039970844984,pack+userbuffers_send_recv+all_gemm_accumulations,per_sample_local_cuda_event_then_dist_max,per_sample_max_rank_cuda_event,10
current production Qwen dense,0.09491200000047684,0.03751999885,cuBLASLt+NCCL,0.10761599987745285,15,8,0.10761599987745285,0.0580479987,295.95971555863474,0.06019200012,new_geometry_manual_comm_ctas,1.6350606760966049,1.8539140416128224,1.6350606760966049,64.63616264172774,0,0,16384,preinstantiated_monotonic_epochs,0.05729600042,299.84412625777486,0.05949439853,formal_10w50_cuda_graph_preuploaded,False,1.6565205128584581,1.87824628400917,1.6565205128584581,65.48449904873831,128,50,2048,2048,production_qwen_dense,2048,m128n160,single_process_multi_gpu,16,n,model,1,0.1085279993712902,graph,0.09491200000047684,0.09935839995741844,pack+userbuffers_send_recv+all_gemm_accumulations,per_sample_local_cuda_event_then_dist_max,per_sample_max_rank_cuda_event,10
current production Qwen dense,0.5782399773597717,0.3253120184,cuBLASLt+NCCL,0.9174239933490753,16,4,0.9174239933490753,0.422991991,649.8418712235145,0.431812793,new_geometry_manual_comm_ctas,1.3670234653680988,2.168892113489391,1.3670234653680988,76.90737066461384,0,0,131072,preinstantiated_monotonic_epochs,0.4206399918,653.4754476571383,0.4308384061,formal_10w50_cuda_graph_preuploaded,False,1.3746671468049694,2.1810194257166096,1.3746671468049694,77.33739652474004,128,50,2048,32768,production_qwen_dense,2048,m128n256_cluster_m2,single_process_multi_gpu,16,n,model,1,0.9183840155601501,graph,0.5782399773597717,0.5847680121660233,pack+userbuffers_send_recv+all_gemm_accumulations,per_sample_local_cuda_event_then_dist_max,per_sample_max_rank_cuda_event,10
current production Qwen dense,0.5363519787788391,0.2201759964,cuBLASLt+NCCL,0.5615360140800476,17,8,0.5615360140800476,0.3025439978,454.2775744070636,0.3102495968,new_geometry_manual_comm_ctas,1.7728065427805988,1.8560474448786026,1.7728065427805988,72.77486844923287,0,0,131072,preinstantiated_monotonic_epochs,0.2999039888,458.27651049901607,0.3065136075,formal_10w50_cuda_graph_preuploaded,False,1.788412287962337,1.872385947005609,1.788412287962337,73.41549449908483,128,50,2048,16384,production_qwen_dense,2048,m128n160,single_process_multi_gpu,16,n,model,1,0.5633120238780975,graph,0.5363519787788391,0.5866592049598693,pack+userbuffers_send_recv+all_gemm_accumulations,per_sample_local_cuda_event_then_dist_max,per_sample_max_rank_cuda_event,10
current production Qwen dense,1.1089119911193848,0.7116799951,cuBLASLt+NCCL,1.8116480112075806,16,4,1.8116480112075806,0.7855039835,699.8765447864848,0.7980160117,new_geometry_manual_comm_ctas,1.4117203915101277,2.3063511443129183,1.4117203915101277,90.60170413508794,0,0,262144,preinstantiated_monotonic_epochs,0.8026880026,684.8935228971616,0.8156992197,formal_10w50_cuda_graph_preuploaded,False,1.381498150623268,2.2569765654145093,1.381498150623268,88.66209446195603,128,50,2048,65536,production_qwen_dense,2048,m128n256_cluster_m2,single_process_multi_gpu,16,n,model,1,1.8234400153160095,graph,1.1089119911193848,1.164230352640152,pack+userbuffers_send_recv+all_gemm_accumulations,per_sample_local_cuda_event_then_dist_max,per_sample_max_rank_cuda_event,10
current production Qwen dense,0.9912320077419281,0.4036480188,cuBLASLt+NCCL,1.045632004737854,24,8,1.045632004737854,0.5584800243,492.1893263568962,0.567166388,new_geometry_manual_comm_ctas,1.7748745964268648,1.8722818350548014,1.7748745964268648,72.27617841944003,0,0,262144,preinstantiated_monotonic_epochs,0.5530719757,497.0020522122795,0.5646640062,formal_10w50_cuda_graph_preuploaded,False,1.7922296758706087,1.8905893819957909,1.7922296758706087,72.98290937433951,128,50,2048,32768,production_qwen_dense,2048,m128n256_cluster_m2,single_process_multi_gpu,16,n,model,1,1.0829439759254456,graph,0.9912320077419281,1.0060735881328582,pack+userbuffers_send_recv+all_gemm_accumulations,per_sample_local_cuda_event_then_dist_max,per_sample_max_rank_cuda_event,10
current production Qwen dense,2.177999973297119,1.3596800569999998,cuBLASLt+NCCL,3.546015977859497,16,4,3.546015977859497,1.633343935,673.1660149556927,1.741047978,new_geometry_manual_comm_ctas,1.3334607161578123,2.171016098859483,1.3334607161578123,83.24517744635332,0,0,524288,preinstantiated_monotonic_epochs,1.584303975,694.0029471149942,1.690692782,formal_10w50_cuda_graph_preuploaded,False,1.3747361665851523,2.238216929209874,1.3747361665851523,85.82191791824545,128,50,2048,131072,production_qwen_dense,2048,m128n256_cluster_m2,single_process_multi_gpu,16,n,model,1,3.549967885017395,graph,2.177999973297119,2.2292352437973024,pack+userbuffers_send_recv+all_gemm_accumulations,per_sample_local_cuda_event_then_dist_max,per_sample_max_rank_cuda_event,10
current production Qwen dense,1.8675040006637573,0.8479520082,cuBLASLt+NCCL,2.0389440059661865,20,8,2.0389440059661865,1.053951979,521.6137213477351,1.066632032,new_geometry_manual_comm_ctas,1.7719061568968857,1.9345701195046443,1.7719061568968857,80.4545202338863,0,0,524288,preinstantiated_monotonic_epochs,1.048287988,524.4320455649445,1.06240797,formal_10w50_cuda_graph_preuploaded,False,1.7814799196800082,1.945022769798433,1.7814799196800082,80.88922299088674,128,50,2048,65536,production_qwen_dense,2048,m128n256_cluster_m2,single_process_multi_gpu,16,n,model,1,2.127776026725769,graph,1.8675040006637573,1.894347208738327,pack+userbuffers_send_recv+all_gemm_accumulations,per_sample_local_cuda_event_then_dist_max,per_sample_max_rank_cuda_event,10
Llama 3/3.1 8B,0.04388799890875816,0.023520000280000005,cuBLASLt+NCCL,0.05536000058054924,4,4,0.05536000058054924,0.04046399891,212.28585467061046,0.04169600084,v3_golden_same_geometry,1.084618428504158,1.368129746733162,1.084618428504158,58.125743657499534,0,0,1024,preinstantiated_monotonic_epochs,0.03788799793,226.71914752187067,0.03958719969,formal_10w50_cuda_graph_preuploaded,False,1.1583615209714557,1.4611487438008641,1.1583615209714557,62.07770683332067,128,50,4096,256,llama3_8b,4096,m64n128,single_process_multi_gpu,32,n,model,1,0.05585600063204765,graph,0.04388799890875816,0.047515200451016426,pack+userbuffers_send_recv+all_gemm_accumulations,per_sample_local_cuda_event_then_dist_max,per_sample_max_rank_cuda_event,10
Llama 3/3.1 8B,0.04732799902558327,0.022576000540000002,TE+NCCL,0.04732799902558327,4,8,0.047488000243902206,0.03206399828,133.94983552874618,0.03261119872,v3_golden_same_geometry,1.4760479529810924,1.4760479529810924,1.8133733329141444,70.40918709779821,0,0,1024,preinstantiated_monotonic_epochs,0.02900799923,148.06147993682222,0.03005439974,formal_10w50_cuda_graph_preuploaded,False,1.6315499269814089,1.6315499269814089,2.00441260931311,77.82681032565651,128,50,4096,128,llama3_8b,4096,m64n128,single_process_multi_gpu,32,n,model,1,0.04732799902558327,graph,0.05814399942755699,0.05961599946022034,pack+userbuffers_send_recv+all_gemm_accumulations,per_sample_local_cuda_event_then_dist_max,per_sample_max_rank_cuda_event,10
Llama 3/3.1 8B,0.07916799932718277,0.050624001769999996,cuBLASLt+NCCL,0.11064000055193901,10,4,0.11064000055193901,0.0736,466.84427130434784,0.0754,v3_golden_same_geometry,1.075652164771505,1.5032608770643887,1.075652164771505,68.78261110054348,0,0,4096,preinstantiated_monotonic_epochs,0.07284800708,471.6633954071925,0.07532320172,formal_10w50_cuda_graph_preuploaded,False,1.086755870208533,1.5187786871154445,1.086755870208533,69.49263788974473,128,50,4096,1024,llama3_8b,4096,m128n160,single_process_multi_gpu,32,n,model,1,0.12622399628162384,graph,0.07916799932718277,0.08468319997191429,pack+userbuffers_send_recv+all_gemm_accumulations,per_sample_local_cuda_event_then_dist_max,per_sample_max_rank_cuda_event,10
Llama 3/3.1 8B,0.09091199934482574,0.03903999925,cuBLASLt+NCCL,0.09332800284028053,4,8,0.09332800284028053,0.06107199937,281.3051703108177,0.06327199936,v3_golden_same_geometry,1.488603620032847,1.528163541443273,1.488603620032847,63.9245475057713,0,0,4096,preinstantiated_monotonic_epochs,0.05945599824,288.9509837956427,0.06170240045,formal_10w50_cuda_graph_preuploaded,False,1.5290635433930566,1.5696986948827745,1.5290635433930566,65.66200283512387,128,50,4096,512,llama3_8b,4096,m128n128,single_process_multi_gpu,32,n,model,1,0.09408000111579895,graph,0.09091199934482574,0.10244159810245035,pack+userbuffers_send_recv+all_gemm_accumulations,per_sample_local_cuda_event_then_dist_max,per_sample_max_rank_cuda_event,10
Llama 3/3.1 8B,0.25068800151348114,0.1768639982,TE+NCCL,0.34095999598503113,16,4,0.344991996884346,0.228,602.8024275087719,0.2297,v3_golden_same_geometry,1.0995087785678996,1.4954385788817155,1.0995087785678996,77.57192903508772,0,0,16384,preinstantiated_monotonic_epochs,0.2249599993,610.9484081599568,0.2277952135,formal_10w50_cuda_graph_preuploaded,False,1.11436700877284,1.5156472130422483,1.11436700877284,78.62019859101237,128,50,4096,4096,llama3_8b,4096,m128n320_cluster_m2,single_process_multi_gpu,32,n,model,1,0.34095999598503113,graph,0.25068800151348114,0.25243680328130724,pack+userbuffers_send_recv+all_gemm_accumulations,per_sample_local_cuda_event_then_dist_max,per_sample_max_rank_cuda_event,10
Llama 3/3.1 8B,0.22420799732208252,0.1180799976,TE+NCCL,0.22785600274801254,4,8,0.2297920063138008,0.1926880032,356.6359897594288,0.1964496076,v3_golden_same_geometry,1.1635804699754266,1.1825126575810223,1.1635804699754266,61.28040959428033,0,0,16384,preinstantiated_monotonic_epochs,0.1846079975,372.2453938432434,0.1882784069,formal_10w50_cuda_graph_preuploaded,False,1.2145085822843753,1.2342694023752276,1.2145085822843753,63.96255806848237,128,50,4096,2048,llama3_8b,4096,m128n256_cluster_m2,single_process_multi_gpu,32,n,model,1,0.22785600274801254,graph,0.22420799732208252,0.24173759371042247,pack+userbuffers_send_recv+all_gemm_accumulations,per_sample_local_cuda_event_then_dist_max,per_sample_max_rank_cuda_event,10
Llama 3/3.1 8B,1.6789600253105164,1.5277600290000002,cuBLASLt+NCCL,2.526576042175293,8,4,2.526576042175293,1.520287991,723.2258850198338,1.584387183,v3_golden_same_geometry,1.1043697215592334,1.6619062027276732,1.1043697215592334,100.49148832617465,0,0,131072,preinstantiated_monotonic_epochs,1.543407917,712.3921133650632,1.591505527,formal_10w50_cuda_graph_preuploaded,False,1.0878264953920904,1.6370111973290422,1.0878264953920904,98.98614696557891,128,50,4096,32768,llama3_8b,4096,m128n320_cluster_m2,single_process_multi_gpu,32,n,model,1,2.5378400087356567,graph,1.6789600253105164,1.8160336136817934,pack+userbuffers_send_recv+all_gemm_accumulations,per_sample_local_cuda_event_then_dist_max,per_sample_max_rank_cuda_event,10
Llama 3/3.1 8B,1.1209759712219238,0.8478720188,cuBLASLt+NCCL,1.433888018131256,12,8,1.433888018131256,0.9361,587.2832110757397,0.9474,v3_golden_same_geometry,1.1974959632752096,1.5317679928760346,1.1974959632752096,90.57494058327102,0,0,131072,preinstantiated_monotonic_epochs,0.928303957,592.2153080814671,0.9369072318,formal_10w50_cuda_graph_preuploaded,False,1.207552723188407,1.5446320219997254,1.207552723188407,91.33560321557478,128,50,4096,16384,llama3_8b,4096,m128n320_cluster_m2,single_process_multi_gpu,32,n,model,1,1.491983950138092,graph,1.1209759712219238,1.142031991481781,pack+userbuffers_send_recv+all_gemm_accumulations,per_sample_local_cuda_event_then_dist_max,per_sample_max_rank_cuda_event,10
Llama 3/3.1 8B,3.6769120693206787,2.951904058,TE+NCCL,4.98801589012146,8,4,4.993776082992554,3.190351963,689.2729332233869,3.203927994,v3_golden_same_geometry,1.152509852192969,1.5634688423000995,1.152509852192969,92.52596867789538,0,0,262144,preinstantiated_monotonic_epochs,3.176304102,692.3213851492862,3.237844944,formal_10w50_cuda_graph_preuploaded,False,1.157607065080911,1.570383606210971,1.157607065080911,92.93518388687332,128,50,4096,65536,llama3_8b,4096,m128n320_cluster_m2,single_process_multi_gpu,32,n,model,1,4.98801589012146,graph,3.6769120693206787,3.7016080260276794,pack+userbuffers_send_recv+all_gemm_accumulations,per_sample_local_cuda_event_then_dist_max,per_sample_max_rank_cuda_event,10
Llama 3/3.1 8B,2.1101280450820923,1.619215965,cuBLASLt+NCCL,2.801200032234192,8,8,2.801200032234192,1.769024014,621.5357276523664,1.78966558,v3_golden_same_geometry,1.1928204639296052,1.5834720218977152,1.1928204639296052,91.53159890343919,0,0,262144,preinstantiated_monotonic_epochs,1.765872002,622.6451444559457,1.788652778,formal_10w50_cuda_graph_preuploaded,False,1.1949496014955745,1.5862984571144425,1.1949496014955745,91.69497920382113,128,50,4096,32768,llama3_8b,4096,m128n320_cluster_m2,single_process_multi_gpu,32,n,model,1,2.9184800386428833,graph,2.1101280450820923,2.125880002975464,pack+userbuffers_send_recv+all_gemm_accumulations,per_sample_local_cuda_event_then_dist_max,per_sample_max_rank_cuda_event,10
Llama 3/3.1 8B,7.515007972717285,5.88977623,TE+NCCL,9.945856094360352,8,4,10.083968162536621,6.369456291,690.4900999663678,6.469401836,v3_golden_same_geometry,1.1798507799379898,1.5614921651026605,1.1798507799379898,92.46905796845196,0,0,524288,preinstantiated_monotonic_epochs,6.359344006,691.5880799897712,6.46884346,formal_10w50_cuda_graph_preuploaded,False,1.1817269148558285,1.563975165516522,1.1817269148558285,92.61609726479703,128,50,4096,131072,llama3_8b,4096,m128n320_cluster_m2,single_process_multi_gpu,32,n,model,1,9.945856094360352,graph,7.515007972717285,7.560009527206422,pack+userbuffers_send_recv+all_gemm_accumulations,per_sample_local_cuda_event_then_dist_max,per_sample_max_rank_cuda_event,10
Llama 3/3.1 8B,4.193040132522583,3.191215992,cuBLASLt+NCCL,5.512095928192139,8,8,5.512095928192139,3.498415947,628.5768441679242,3.509927988,v3_golden_same_geometry,1.1985539158424672,1.5755976452482536,1.1985539158424672,91.2188842134843,0,0,524288,preinstantiated_monotonic_epochs,3.496639967,628.8961049194573,3.515654564,formal_10w50_cuda_graph_preuploaded,False,1.1991626739083667,1.5763979077666759,1.1991626739083667,91.26521523855818,128,50,4096,65536,llama3_8b,4096,m128n320_cluster_m2,single_process_multi_gpu,32,n,model,1,5.727312088012695,graph,4.193040132522583,4.253660941123963,pack+userbuffers_send_recv+all_gemm_accumulations,per_sample_local_cuda_event_then_dist_max,per_sample_max_rank_cuda_event,10
Qwen2.5 14B/32B,0.04841599985957146,0.03158399835,TE+NCCL,0.06321599707007408,4,4,0.06727999821305275,0.04335999861,309.5427405503785,0.04549599811,v3_golden_same_geometry,1.1166051986082262,1.4579335585009623,1.1166051986082262,72.84132694302225,0,0,1024,preinstantiated_monotonic_epochs,0.04099199921,327.4242061540087,0.04191999882,formal_10w50_cuda_graph_preuploaded,False,1.1811085283139928,1.5421545249896604,1.1811085283139928,77.04917778758907,128,50,5120,256,qwen25_14b_32b,5120,m128n128,single_process_multi_gpu,40,n,model,1,0.06321599707007408,graph,0.04841599985957146,0.0508992001414299,pack+userbuffers_send_recv+all_gemm_accumulations,per_sample_local_cuda_event_then_dist_max,per_sample_max_rank_cuda_event,10
Qwen2.5 14B/32B,0.05966399982571602,0.02800000086,TE+NCCL,0.05966399982571602,4,8,0.059808000922203064,0.03806399927,176.30534175869323,0.03975680098,v3_golden_same_geometry,1.567465347046178,1.567465347046178,1.6712904932722121,73.56032313206798,0,0,1024,preinstantiated_monotonic_epochs,0.03476800025,193.01905061393342,0.03571520001,formal_10w50_cuda_graph_preuploaded,False,1.7160607281609765,1.7160607281609765,1.829728476140109,80.53382610062538,128,50,5120,128,qwen25_14b_32b,5120,m64n128,single_process_multi_gpu,40,n,model,1,0.05966399982571602,graph,0.06361600011587143,0.0661040000617504,pack+userbuffers_send_recv+all_gemm_accumulations,per_sample_local_cuda_event_then_dist_max,per_sample_max_rank_cuda_event,10
Qwen2.5 14B/32B,0.10630399733781815,0.07391999662,TE+NCCL,0.14660800248384476,13,4,0.14668799936771393,0.1036,518.215166023166,0.1047,v3_golden_same_geometry,1.02610036040365,1.4151351591104706,1.02610036040365,71.35134808880309,0,0,4096,preinstantiated_monotonic_epochs,0.103712,517.6555384140697,0.1054527983,formal_10w50_cuda_graph_preuploaded,False,1.0249922606623934,1.4136069353965284,1.0249922606623934,71.27429479713051,128,50,5120,1024,qwen25_14b_32b,5120,m128n128,single_process_multi_gpu,40,n,model,1,0.14660800248384476,graph,0.10630399733781815,0.11198239848017691,pack+userbuffers_send_recv+all_gemm_accumulations,per_sample_local_cuda_event_then_dist_max,per_sample_max_rank_cuda_event,10
Qwen2.5 14B/32B,0.10545599833130836,0.056432001290000006,cuBLASLt+NCCL,0.10545599833130836,4,8,0.10545599833130836,0.08292800188,323.69700211568636,0.08475999534,v3_golden_same_geometry,1.271657292357137,1.271657292357137,1.558749688253575,68.04939225674251,0,0,4096,preinstantiated_monotonic_epochs,0.07860800624,341.4861524161206,0.08020959795,formal_10w50_cuda_graph_preuploaded,False,1.3415427177905785,1.3415427177905785,1.6444126147059737,71.78912681960931,128,50,5120,512,qwen25_14b_32b,5120,m128n160,single_process_multi_gpu,40,n,model,1,0.1085279993712902,graph,0.1292639970779419,0.1371439978480339,pack+userbuffers_send_recv+all_gemm_accumulations,per_sample_local_cuda_event_then_dist_max,per_sample_max_rank_cuda_event,10
Qwen2.5 14B/32B,0.3604799956083298,0.2823039889,cuBLASLt+NCCL,0.4724320024251938,4,4,0.4724320024251938,0.357648015,600.4461252217492,0.3649168015,v3_golden_same_geometry,1.0079183456626477,1.3209412120606732,1.0079183456626477,78.93347007671775,0,0,16384,preinstantiated_monotonic_epochs,0.3516960144,610.6079000251531,0.3624784052,formal_10w50_cuda_graph_preuploaded,False,1.0249760612821144,1.3432964352216834,1.0249760612821144,80.26931706394681,128,50,5120,4096,qwen25_14b_32b,5120,m128n320_cluster_m2,single_process_multi_gpu,40,n,model,1,0.47785599529743195,graph,0.3604799956083298,0.3908784061670303,pack+userbuffers_send_recv+all_gemm_accumulations,per_sample_local_cuda_event_then_dist_max,per_sample_max_rank_cuda_event,10
Qwen2.5 14B/32B,0.2799680083990097,0.1811999977,cuBLASLt+NCCL,0.306335985660553,4,8,0.306335985660553,0.2580960095,416.0241865343524,0.2619968057,v3_golden_same_geometry,1.0847436538882624,1.18690709807566,1.0847436538882624,70.20643133965231,0,0,16384,preinstantiated_monotonic_epochs,0.2489120066,431.374058112631,0.2517503798,formal_10w50_cuda_graph_preuploaded,False,1.1247669898419825,1.2306999161869798,1.1247669898419825,72.79680887036808,128,50,5120,2048,qwen25_14b_32b,5120,m128n320_cluster_m2,single_process_multi_gpu,40,n,model,1,0.307328000664711,graph,0.2799680083990097,0.28334079682826996,pack+userbuffers_send_recv+all_gemm_accumulations,per_sample_local_cuda_event_then_dist_max,per_sample_max_rank_cuda_event,10
Qwen2.5 14B/32B,2.7995519638061523,2.1947999,TE+NCCL,3.517504096031189,6,4,3.5262879133224487,2.364448071,726.5910972929123,2.397958279,v3_golden_same_geometry,1.184019221290038,1.4876639242677574,1.184019221290038,92.82504136670465,0,0,131072,preinstantiated_monotonic_epochs,2.364016056,726.723879069965,2.410678387,formal_10w50_cuda_graph_preuploaded,False,1.184235596328011,1.4879357892276468,1.184235596328011,92.84200479220434,128,50,5120,32768,qwen25_14b_32b,5120,m128n320_cluster_m2,single_process_multi_gpu,40,n,model,1,3.517504096031189,graph,2.7995519638061523,2.838547241687775,pack+userbuffers_send_recv+all_gemm_accumulations,per_sample_local_cuda_event_then_dist_max,per_sample_max_rank_cuda_event,10
Qwen2.5 14B/32B,1.5952479839324951,1.281087995,cuBLASLt+NCCL,2.061616063117981,6,8,2.061616063117981,1.393,616.6500066044508,1.3997,v3_golden_same_geometry,1.1451887896141386,1.4799828163086726,1.1451887896141386,91.966115936827,0,0,131072,preinstantiated_monotonic_epochs,1.390111923,617.931149994172,1.395017624,formal_10w50_cuda_graph_preuploaded,False,1.1475680177534129,1.4830576078139148,1.1475680177534129,92.15718344716333,128,50,5120,16384,qwen25_14b_32b,5120,m128n320_cluster_m2,single_process_multi_gpu,40,n,model,1,2.0886080265045166,graph,1.5952479839324951,1.614467203617096,pack+userbuffers_send_recv+all_gemm_accumulations,per_sample_local_cuda_event_then_dist_max,per_sample_max_rank_cuda_event,10
Qwen2.5 14B/32B,5.719760179519653,4.386127949,TE+NCCL,7.182447910308838,6,4,7.808607816696167,4.788831711,717.4973029241203,4.801460743,v3_golden_same_geometry,1.1943957367266216,1.4998330164350262,1.1943957367266216,91.59077231561541,0,0,262144,preinstantiated_monotonic_epochs,4.772943974,719.8856419679398,4.795078278,formal_10w50_cuda_graph_preuploaded,False,1.198371531423229,1.5048255226615483,1.198371531423229,91.89565125618212,128,50,5120,65536,qwen25_14b_32b,5120,m128n320_cluster_m2,single_process_multi_gpu,40,n,model,1,7.182447910308838,graph,5.719760179519653,5.797926449775696,pack+userbuffers_send_recv+all_gemm_accumulations,per_sample_local_cuda_event_then_dist_max,per_sample_max_rank_cuda_event,10
Qwen2.5 14B/32B,3.012735962867737,2.447455883,cuBLASLt+NCCL,3.9555200338363647,8,8,3.9555200338363647,2.733103991,628.5845412605086,2.748828888,v3_golden_same_geometry,1.1023129645957686,1.4472629094471818,1.1023129645957686,89.5485825295844,0,0,262144,preinstantiated_monotonic_epochs,2.726527929,630.1006126242398,2.733095884,formal_10w50_cuda_graph_preuploaded,False,1.104971612732648,1.4507535359401649,1.104971612732648,89.76456309023197,128,50,5120,32768,qwen25_14b_32b,5120,m128n320_cluster_m2,single_process_multi_gpu,40,n,model,1,4.013967990875244,graph,3.012735962867737,3.0760112047195434,pack+userbuffers_send_recv+all_gemm_accumulations,per_sample_local_cuda_event_then_dist_max,per_sample_max_rank_cuda_event,10
Qwen2.5 14B/32B,11.256192207336426,9.372768402,TE+NCCL,14.516272068023682,6,4,14.652063846588135,9.511631966,722.4782979581488,9.666193962,v3_golden_same_geometry,1.1834133456353737,1.5261599817899938,1.1834133456353737,98.540065842577,0,0,524288,preinstantiated_monotonic_epochs,9.498399734,723.4847833368729,9.518360138,formal_10w50_cuda_graph_preuploaded,False,1.1850619601788626,1.5282860770811693,1.1850619601788626,98.67734212584995,128,50,5120,131072,qwen25_14b_32b,5120,m128n320_cluster_m2,single_process_multi_gpu,40,n,model,1,14.516272068023682,graph,11.256192207336426,11.372284889221191,pack+userbuffers_send_recv+all_gemm_accumulations,per_sample_local_cuda_event_then_dist_max,per_sample_max_rank_cuda_event,10
Qwen2.5 14B/32B,6.004479885101318,4.950160027,cuBLASLt+NCCL,7.930992126464844,8,8,7.930992126464844,5.352848053,641.8963891333159,5.378229141,v3_golden_same_geometry,1.1217355369794426,1.4816396893649775,1.1217355369794426,92.47712578401486,0,0,524288,preinstantiated_monotonic_epochs,5.343152046,643.0612131601692,5.352712154,formal_10w50_cuda_graph_preuploaded,False,1.1237711061575353,1.4843283623946575,1.1237711061575353,92.6449403719626,128,50,5120,65536,qwen25_14b_32b,5120,m128n320_cluster_m2,single_process_multi_gpu,40,n,model,1,7.9899680614471436,graph,6.004479885101318,6.149176025390625,pack+userbuffers_send_recv+all_gemm_accumulations,per_sample_local_cuda_event_then_dist_max,per_sample_max_rank_cuda_event,10
Llama 3.1 405B,0.21876800060272217,0.1786560118,cuBLASLt+NCCL,0.2592160105705261,14,4,0.2592160105705261,0.2926720083,469.60060946832954,0.2957952023,new_geometry_manual_comm_ctas,0.7474852203100906,0.885687743341754,0.7474852203100906,61.04308124228633,0,0,1024,preinstantiated_monotonic_epochs,0.312063992,440.41913516250855,0.3150160015,formal_10w50_cuda_graph_preuploaded,False,0.7010357048906884,0.8306501782189792,0.7010357048906884,57.249800162781995,128,50,16384,256,llama31_405b,16384,m128n160,single_process_multi_gpu,128,n,model,1,0.26017600297927856,graph,0.21876800060272217,0.22237759381532668,pack+userbuffers_send_recv+all_gemm_accumulations,per_sample_local_cuda_event_then_dist_max,per_sample_max_rank_cuda_event,10
Llama 3.1 405B,0.2011680006980896,0.1490719914,cuBLASLt+NCCL,0.21025599539279938,12,8,0.21025599539279938,0.173999995,394.9395328201016,0.1758255959,new_geometry_manual_comm_ctas,1.1561379682688475,1.2083678243370028,1.1561379682688475,85.673560737746,0,0,1024,preinstantiated_monotonic_epochs,0.1721279919,399.23475535532583,0.1738976091,formal_10w50_cuda_graph_preuploaded,False,1.1687117154945998,1.2215096049859824,1.1687117154945998,86.60531605260654,128,50,16384,128,llama31_405b,16384,m128n160,single_process_multi_gpu,128,n,model,1,0.2109760046005249,graph,0.2011680006980896,0.20614719688892363,pack+userbuffers_send_recv+all_gemm_accumulations,per_sample_local_cuda_event_then_dist_max,per_sample_max_rank_cuda_event,10
Llama 3.1 405B,0.7723360061645508,0.7022719979000001,TE+NCCL,0.8757280111312866,4,4,0.8931199908256531,0.7201279998,763.4140236745174,0.7488847971,new_geometry_manual_comm_ctas,1.0724982313964329,1.2160727139820993,1.0724982313964329,97.52044054599195,0,0,4096,preinstantiated_monotonic_epochs,0.7214720249,761.9918651235288,0.7813935876,formal_10w50_cuda_graph_preuploaded,False,1.0705002820748328,1.2138073007788035,1.0705002820748328,97.3387704114153,128,50,16384,1024,llama31_405b,16384,m128n256_cluster_m2,single_process_multi_gpu,128,n,model,1,0.8757280111312866,graph,0.7723360061645508,0.8066303998231887,pack+userbuffers_send_recv+all_gemm_accumulations,per_sample_local_cuda_event_then_dist_max,per_sample_max_rank_cuda_event,10
Llama 3.1 405B,0.5271359980106354,0.41787201169999993,cuBLASLt+NCCL,0.5271520018577576,4,8,0.5271520018577576,0.4405919909,623.8831223021217,0.4431551993,new_geometry_manual_comm_ctas,1.1964266461899395,1.1964629696988838,1.1964266461899395,94.84330635389223,0,0,4096,preinstantiated_monotonic_epochs,0.4395520091,625.3592322483597,0.4438512027,formal_10w50_cuda_graph_preuploaded,False,1.19925739638858,1.1992938058390907,1.19925739638858,95.0677059935659,128,50,16384,512,llama31_405b,16384,m128n256_cluster_m2,single_process_multi_gpu,128,n,model,1,0.5330239832401276,graph,0.5271359980106354,0.5319136112928391,pack+userbuffers_send_recv+all_gemm_accumulations,per_sample_local_cuda_event_then_dist_max,per_sample_max_rank_cuda_event,10
Llama 3.1 405B,3.4617760181427,2.9239201549999994,TE+NCCL,3.658624053001404,4,4,3.6689120531082153,3.245520115,677.556501772598,3.316051245,new_geometry_manual_comm_ctas,1.0666321253543363,1.127284356085836,1.0666321253543363,90.09095773236332,0,0,16384,preinstantiated_monotonic_epochs,3.235584021,679.6371972662798,3.282985687,formal_10w50_cuda_graph_preuploaded,False,1.0699076258488853,1.1307461123728313,1.0699076258488853,90.36761635682461,128,50,16384,4096,llama31_405b,16384,m128n256_cluster_m2,single_process_multi_gpu,128,n,model,1,3.658624053001404,graph,3.4617760181427,3.4813807129859926,pack+userbuffers_send_recv+all_gemm_accumulations,per_sample_local_cuda_event_then_dist_max,per_sample_max_rank_cuda_event,10
Llama 3.1 405B,1.73716801404953,1.580464005,cuBLASLt+NCCL,1.8978079557418823,4,8,1.8978079557418823,1.638112068,671.2065976770522,1.65915525,new_geometry_manual_comm_ctas,1.0604695783545928,1.1585336515217481,1.0604695783545928,96.48082300801413,0,0,16384,preinstantiated_monotonic_epochs,1.64831996,667.049877728836,1.669257522,formal_10w50_cuda_graph_preuploaded,False,1.053902189020104,1.1513589605150947,1.053902189020104,95.88332625663284,128,50,16384,2048,llama31_405b,16384,m128n256_cluster_m2,single_process_multi_gpu,128,n,model,1,1.9195039868354797,graph,1.73716801404953,1.7649392127990722,pack+userbuffers_send_recv+all_gemm_accumulations,per_sample_local_cuda_event_then_dist_max,per_sample_max_rank_cuda_event,10
Llama 3.1 405B,27.286416053771973,22.76996803,TE+NCCL,30.3920955657959,4,4,30.52332878112793,26.20742416,671.2672690384694,33.03905106,new_geometry_manual_comm_ctas,1.0411712302279148,1.1596750363655692,1.0411712302279148,86.883655146672,0,0,131072,preinstantiated_monotonic_epochs,26.07527924,674.6691332620221,33.9877243,formal_10w50_cuda_graph_preuploaded,False,1.0464477025394252,1.165552065082924,1.0464477025394252,87.32396619964251,128,50,16384,32768,llama31_405b,16384,m128n256_cluster_m2,single_process_multi_gpu,128,n,model,1,30.3920955657959,graph,27.286416053771973,31.013837528228756,pack+userbuffers_send_recv+all_gemm_accumulations,per_sample_local_cuda_event_then_dist_max,per_sample_max_rank_cuda_event,10
Llama 3.1 405B,14.039471626281738,12.254591940000001,TE+NCCL,15.11404800415039,4,8,15.50223970413208,13.06395149,673.3102942812595,13.4905901,new_geometry_manual_comm_ctas,1.0746726698295277,1.1569277500547723,1.0746726698295277,93.80463445061368,0,0,131072,preinstantiated_monotonic_epochs,13.15703964,668.5465167609694,13.46883678,formal_10w50_cuda_graph_preuploaded,False,1.067069189606982,1.1487423020449599,1.067069189606982,93.14095172856072,128,50,16384,16384,llama31_405b,16384,m128n256_cluster_m2,single_process_multi_gpu,128,n,model,1,15.11404800415039,graph,14.039471626281738,18.519406986236568,pack+userbuffers_send_recv+all_gemm_accumulations,per_sample_local_cuda_event_then_dist_max,per_sample_max_rank_cuda_event,10
Llama 3.1 405B,54.805824279785156,46.32705688,TE+NCCL,60.30076789855957,4,4,60.86199951171875,53.30809784,660.0192750158724,61.19921112,new_geometry_manual_comm_ctas,1.0280956646451813,1.1311746309078128,1.0280956646451813,86.9043517910674,0,0,262144,preinstantiated_monotonic_epochs,53.39048004,659.0008567533381,60.46707535,formal_10w50_cuda_graph_preuploaded,False,1.0265092997613954,1.1294292138482815,1.0265092997613954,86.77025725427436,128,50,16384,65536,llama31_405b,16384,m128n256_cluster_m2,single_process_multi_gpu,128,n,model,1,60.30076789855957,graph,54.805824279785156,58.84056453704834,pack+userbuffers_send_recv+all_gemm_accumulations,per_sample_local_cuda_event_then_dist_max,per_sample_max_rank_cuda_event,10
Llama 3.1 405B,28.774911880493164,24.590736390000004,TE+NCCL,30.628015518188477,4,8,30.991936683654785,26.60777664,661.1670821818805,33.27931595,new_geometry_manual_comm_ctas,1.0814474380860242,1.1510926272638944,1.0814474380860242,92.41935815498488,0,0,262144,preinstantiated_monotonic_epochs,26.50912094,663.6276655206206,35.3385849,formal_10w50_cuda_graph_preuploaded,False,1.0854721265794325,1.1553765056001317,1.0854721265794325,92.7633037913931,128,50,16384,32768,llama31_405b,16384,m128n256_cluster_m2,single_process_multi_gpu,128,n,model,1,30.628015518188477,graph,28.774911880493164,33.4991883277893,pack+userbuffers_send_recv+all_gemm_accumulations,per_sample_local_cuda_event_then_dist_max,per_sample_max_rank_cuda_event,10
Llama 3.1 405B,109.4435043334961,93.98918152,TE+NCCL,121.55232238769531,4,4,122.84094619750977,108.7886505,646.8390209295225,114.0069733,new_geometry_manual_comm_ctas,1.0060195050723246,1.117325399561743,1.0060195050723246,86.39612780195301,0,0,524288,preinstantiated_monotonic_epochs,108.3036804,649.7354837598299,114.5334015,formal_10w50_cuda_graph_preuploaded,False,1.0105243324076,1.1223286405297017,1.0105243324076,86.78299866899076,128,50,16384,131072,llama31_405b,16384,m128n256_cluster_m2,single_process_multi_gpu,128,n,model,1,121.55232238769531,graph,109.4435043334961,112.79311599731446,pack+userbuffers_send_recv+all_gemm_accumulations,per_sample_local_cuda_event_then_dist_max,per_sample_max_rank_cuda_event,10
Llama 3.1 405B,56.97131156921387,48.99019241,cuBLASLt+NCCL,61.27672004699707,4,8,61.27672004699707,53.90055847,652.7645183567984,61.02301025,new_geometry_manual_comm_ctas,1.056970710255683,1.1368475909410567,1.056970710255683,90.88995327806666,0,0,524288,preinstantiated_monotonic_epochs,54.33955383,647.4910007341148,63.08853531,formal_10w50_cuda_graph_preuploaded,False,1.0484317141698891,1.1276632899618542,1.0484317141698891,90.15567658737989,128,50,16384,65536,llama31_405b,16384,m128n256_cluster_m2,single_process_multi_gpu,128,n,model,1,61.30788803100586,graph,56.97131156921387,61.14519538879394,pack+userbuffers_send_recv+all_gemm_accumulations,per_sample_local_cuda_event_then_dist_max,per_sample_max_rank_cuda_event,10
Nanbeige4.2-3B,0.04206399992108345,0.024895999580000005,TE+NCCL,0.06439999863505363,9,4,0.06680000200867653,0.03742399812,258.2213793676836,0.03833119944,new_geometry_manual_comm_ctas,1.123984663161998,1.720820913590128,1.123984663161998,66.52415784163684,0,0,1024,preinstantiated_monotonic_epochs,0.03585600108,269.5135019222841,0.03701280057,formal_10w50_cuda_graph_preuploaded,False,1.1731369548777204,1.7960730894493167,1.1731369548777204,69.43328544768106,128,50,6144,256,nanbeige42_3b,3072,m64n128,single_process_multi_gpu,48,n,model,1,0.06439999863505363,graph,0.04206399992108345,0.04973280075937507,pack+userbuffers_send_recv+all_gemm_accumulations,per_sample_local_cuda_event_then_dist_max,per_sample_max_rank_cuda_event,10
Nanbeige4.2-3B,0.05915199965238571,0.02459200099,TE+NCCL,0.05929600074887276,6,8,0.06032000109553337,0.03710399941,130.2241883579202,0.03771679848,new_geometry_manual_comm_ctas,1.5942216632432216,1.5981026760390615,1.5942216632432216,66.27857207051417,0,0,1024,preinstantiated_monotonic_epochs,0.03440000117,140.4604082459687,0.03495359793,formal_10w50_cuda_graph_preuploaded,False,1.7195348151316854,1.7237208933755614,1.7195348151316854,71.4883725394943,128,50,6144,128,nanbeige42_3b,3072,m64n128,single_process_multi_gpu,48,n,model,1,0.05929600074887276,graph,0.05915199965238571,0.06128640100359917,pack+userbuffers_send_recv+all_gemm_accumulations,per_sample_local_cuda_event_then_dist_max,per_sample_max_rank_cuda_event,10
Nanbeige4.2-3B,0.09216000139713287,0.05523199961,TE+NCCL,0.13196799904108047,14,4,0.13486400246620178,0.08883199841,435.1439386243568,0.09235520661,new_geometry_manual_comm_ctas,1.0374640112425775,1.4855907938937527,1.0374640112425775,62.17579318105537,0,0,4096,preinstantiated_monotonic_epochs,0.08944000304,432.18587153572173,0.09099999815,formal_10w50_cuda_graph_preuploaded,False,1.0304114296140667,1.4754918890382953,1.0304114296140667,61.75312805534985,128,50,6144,1024,nanbeige42_3b,3072,m128n128,single_process_multi_gpu,48,n,model,1,0.13196799904108047,graph,0.09216000139713287,0.0969248004257679,pack+userbuffers_send_recv+all_gemm_accumulations,per_sample_local_cuda_event_then_dist_max,per_sample_max_rank_cuda_event,10
Nanbeige4.2-3B,0.09092799946665764,0.04121600091,TE+NCCL,0.10105600208044052,11,8,0.10355199873447418,0.05660799891,341.4244135838152,0.05731679872,new_geometry_manual_comm_ctas,1.6062747529942256,1.785189443652788,1.6062747529942256,72.80949990040905,0,0,4096,preinstantiated_monotonic_epochs,0.05572799966,346.815836741268,0.0571615994,formal_10w50_cuda_graph_preuploaded,False,1.6316393917135916,1.8133793191392027,1.6316393917135916,73.95923263253911,128,50,6144,512,nanbeige42_3b,3072,m128n128,single_process_multi_gpu,48,n,model,1,0.10105600208044052,graph,0.09092799946665764,0.12755680009722706,pack+userbuffers_send_recv+all_gemm_accumulations,per_sample_local_cuda_event_then_dist_max,per_sample_max_rank_cuda_event,10
Nanbeige4.2-3B,0.2926560044288635,0.1961600035,TE+NCCL,0.43003199994564056,14,4,0.43190400302410126,0.2541279793,608.4289619816766,0.257379204,new_geometry_manual_comm_ctas,1.1516087493985891,1.6921867522425957,1.1516087493985891,77.18945550203729,0,0,16384,preinstantiated_monotonic_epochs,0.2500480115,618.3565377243563,0.2543151975,formal_10w50_cuda_graph_preuploaded,False,1.1703992472216223,1.7197977195097214,1.1703992472216223,78.44893559571459,128,50,6144,4096,nanbeige42_3b,3072,m128n320_cluster_m2,single_process_multi_gpu,48,n,model,1,0.43003199994564056,graph,0.2926560044288635,0.29618399292230607,pack+userbuffers_send_recv+all_gemm_accumulations,per_sample_local_cuda_event_then_dist_max,per_sample_max_rank_cuda_event,10
Nanbeige4.2-3B,0.24595199525356293,0.1328639984,cuBLASLt+NCCL,0.2808320075273514,13,8,0.2808320075273514,0.1777279973,434.9872417540599,0.179775998,new_geometry_manual_comm_ctas,1.3838674772123982,1.580122500639641,1.3838674772123982,74.75693217638029,0,0,16384,preinstantiated_monotonic_epochs,0.1764319986,438.18248357132194,0.1782383919,formal_10w50_cuda_graph_preuploaded,False,1.394032812671221,1.591729446788409,1.394032812671221,75.30606661732845,128,50,6144,2048,nanbeige42_3b,3072,m128n160,single_process_multi_gpu,48,n,model,1,0.28361600637435913,graph,0.24595199525356293,0.25091679245233534,pack+userbuffers_send_recv+all_gemm_accumulations,per_sample_local_cuda_event_then_dist_max,per_sample_max_rank_cuda_event,10
Nanbeige4.2-3B,2.0656319856643677,1.607311964,TE+NCCL,3.1703200340270996,10,4,3.1738559007644653,1.785952091,692.6000912798282,1.790017605,new_geometry_manual_comm_ctas,1.1565998864548308,1.7751428215814886,1.1565998864548308,89.99748493253395,0,0,131072,preinstantiated_monotonic_epochs,1.825520039,677.5880597430133,1.830313563,formal_10w50_cuda_graph_preuploaded,False,1.1315307098989165,1.7366667942816814,1.1315307098989165,88.04679924962467,128,50,6144,32768,nanbeige42_3b,3072,m128n320_cluster_m2,single_process_multi_gpu,48,n,model,1,3.1703200340270996,graph,2.0656319856643677,2.136992001533508,pack+userbuffers_send_recv+all_gemm_accumulations,per_sample_local_cuda_event_then_dist_max,per_sample_max_rank_cuda_event,10
Nanbeige4.2-3B,1.182159960269928,0.9106879830000001,cuBLASLt+NCCL,1.8599680066108704,12,8,1.8599680066108704,1.088271976,568.3094890463301,1.097692847,new_geometry_manual_comm_ctas,1.0862725369581032,1.709102179996658,1.0862725369581032,83.68202095465887,0,0,131072,preinstantiated_monotonic_epochs,1.072463989,576.6863008618931,1.07904315,formal_10w50_cuda_graph_preuploaded,False,1.1022840602528874,1.7342941354563937,1.1022840602528874,84.91548362842046,128,50,6144,16384,nanbeige42_3b,3072,m128n320_cluster_m2,single_process_multi_gpu,48,n,model,1,1.8729439973831177,graph,1.182159960269928,1.2179920077323914,pack+userbuffers_send_recv+all_gemm_accumulations,per_sample_local_cuda_event_then_dist_max,per_sample_max_rank_cuda_event,10
Nanbeige4.2-3B,4.149440050125122,3.197664022,cuBLASLt+NCCL,6.284016132354736,10,4,6.284016132354736,3.639343977,679.7656880280102,3.672963142,new_geometry_manual_comm_ctas,1.1401615445939812,1.7266892528072613,1.1401615445939812,87.8637480328505,0,0,262144,preinstantiated_monotonic_epochs,3.686064005,671.1498115985645,3.701731205,formal_10w50_cuda_graph_preuploaded,False,1.1257102547586182,1.7048038568594353,1.1257102547586182,86.75009488881624,128,50,6144,65536,nanbeige42_3b,3072,m128n320_cluster_m2,single_process_multi_gpu,48,n,model,1,6.301455974578857,graph,4.149440050125122,4.297100853919983,pack+userbuffers_send_recv+all_gemm_accumulations,per_sample_local_cuda_event_then_dist_max,per_sample_max_rank_cuda_event,10
Nanbeige4.2-3B,2.2326879501342773,1.770256042,TE+NCCL,3.652224063873291,10,8,3.655776023864746,2.048784018,603.74864816424,2.062476873,new_geometry_manual_comm_ctas,1.089762478874568,1.7826301024343947,1.089762478874568,86.40520554861142,0,0,262144,preinstantiated_monotonic_epochs,2.016927958,613.284463801359,2.027369738,formal_10w50_cuda_graph_preuploaded,False,1.1069745655904468,1.8107855808071904,1.1069745655904468,87.76991934582524,128,50,6144,32768,nanbeige42_3b,3072,m128n320_cluster_m2,single_process_multi_gpu,48,n,model,1,3.652224063873291,graph,2.2326879501342773,2.2628144145011904,pack+userbuffers_send_recv+all_gemm_accumulations,per_sample_local_cuda_event_then_dist_max,per_sample_max_rank_cuda_event,10
Nanbeige4.2-3B,8.45028829574585,6.43414402,TE+NCCL,12.518064022064209,10,4,12.61297607421875,7.386480331,669.8457321042043,7.452273846,new_geometry_manual_comm_ctas,1.1440209568122994,1.6947265085818597,1.1440209568122994,87.10703517339401,0,0,524288,preinstantiated_monotonic_epochs,7.3823843,670.217388302584,7.390580654,formal_10w50_cuda_graph_preuploaded,False,1.144655703679074,1.695666808088575,1.144655703679074,87.15536550975814,128,50,6144,131072,nanbeige42_3b,3072,m128n320_cluster_m2,single_process_multi_gpu,48,n,model,1,12.518064022064209,graph,8.45028829574585,8.476703691482545,pack+userbuffers_send_recv+all_gemm_accumulations,per_sample_local_cuda_event_then_dist_max,per_sample_max_rank_cuda_event,10
Nanbeige4.2-3B,4.455888032913208,3.520672083,TE+NCCL,7.172800064086914,10,8,7.175264120101929,4.02131176,615.1975549630104,4.038817406,new_geometry_manual_comm_ctas,1.1080682868799032,1.7836965876246598,1.1080682868799032,87.55033912118269,0,0,524288,preinstantiated_monotonic_epochs,4.015776157,616.0455826661754,4.033167839,formal_10w50_cuda_graph_preuploaded,False,1.1095957191603016,1.786155349217816,1.1095957191603016,87.67102411480352,128,50,6144,65536,nanbeige42_3b,3072,m128n320_cluster_m2,single_process_multi_gpu,48,n,model,1,7.172800064086914,graph,4.455888032913208,4.509196949005127,pack+userbuffers_send_recv+all_gemm_accumulations,per_sample_local_cuda_event_then_dist_max,per_sample_max_rank_cuda_event,10
