model,suite,aliases,global_seq,cp,m,n,k,q_heads,head_dim,q_heads_per_rank,native_max_context,beyond_native_context,a2a_input,gemm_input,gemm_weight,gemm_output,payload_mib_per_gpu,remote_payload_mib_per_gpu,gemm_gflop_per_gpu
representative_small,artificial,single-digit-B median-like O-proj,1024,4,256,4096,4096,32,128,8,,False,"[1,1024,8,128]","[256,4096]","[4096,4096]","[256,4096]",2.0,1.5,8.589934592
representative_small,artificial,single-digit-B median-like O-proj,1024,8,128,4096,4096,32,128,4,,False,"[1,1024,4,128]","[128,4096]","[4096,4096]","[128,4096]",1.0,0.875,4.294967296
representative_small,artificial,single-digit-B median-like O-proj,4096,4,1024,4096,4096,32,128,8,,False,"[1,4096,8,128]","[1024,4096]","[4096,4096]","[1024,4096]",8.0,6.0,34.359738368
representative_small,artificial,single-digit-B median-like O-proj,4096,8,512,4096,4096,32,128,4,,False,"[1,4096,4,128]","[512,4096]","[4096,4096]","[512,4096]",4.0,3.5,17.179869184
representative_small,artificial,single-digit-B median-like O-proj,16384,4,4096,4096,4096,32,128,8,,False,"[1,16384,8,128]","[4096,4096]","[4096,4096]","[4096,4096]",32.0,24.0,137.438953472
representative_small,artificial,single-digit-B median-like O-proj,16384,8,2048,4096,4096,32,128,4,,False,"[1,16384,4,128]","[2048,4096]","[4096,4096]","[2048,4096]",16.0,14.0,68.719476736
representative_small,artificial,single-digit-B median-like O-proj,131072,4,32768,4096,4096,32,128,8,,False,"[1,131072,8,128]","[32768,4096]","[4096,4096]","[32768,4096]",256.0,192.0,1099.511627776
representative_small,artificial,single-digit-B median-like O-proj,131072,8,16384,4096,4096,32,128,4,,False,"[1,131072,4,128]","[16384,4096]","[4096,4096]","[16384,4096]",128.0,112.0,549.755813888
representative_small,artificial,single-digit-B median-like O-proj,262144,4,65536,4096,4096,32,128,8,,False,"[1,262144,8,128]","[65536,4096]","[4096,4096]","[65536,4096]",512.0,384.0,2199.023255552
representative_small,artificial,single-digit-B median-like O-proj,262144,8,32768,4096,4096,32,128,4,,False,"[1,262144,4,128]","[32768,4096]","[4096,4096]","[32768,4096]",256.0,224.0,1099.511627776
representative_small,artificial,single-digit-B median-like O-proj,524288,4,131072,4096,4096,32,128,8,,False,"[1,524288,8,128]","[131072,4096]","[4096,4096]","[131072,4096]",1024.0,768.0,4398.046511104
representative_small,artificial,single-digit-B median-like O-proj,524288,8,65536,4096,4096,32,128,4,,False,"[1,524288,4,128]","[65536,4096]","[4096,4096]","[65536,4096]",512.0,448.0,2199.023255552
representative_medium,artificial,tens-of-B median-like O-proj,1024,4,256,5120,5120,40,128,10,,False,"[1,1024,10,128]","[256,5120]","[5120,5120]","[256,5120]",2.5,1.875,13.4217728
representative_medium,artificial,tens-of-B median-like O-proj,1024,8,128,5120,5120,40,128,5,,False,"[1,1024,5,128]","[128,5120]","[5120,5120]","[128,5120]",1.25,1.09375,6.7108864
representative_medium,artificial,tens-of-B median-like O-proj,4096,4,1024,5120,5120,40,128,10,,False,"[1,4096,10,128]","[1024,5120]","[5120,5120]","[1024,5120]",10.0,7.5,53.6870912
representative_medium,artificial,tens-of-B median-like O-proj,4096,8,512,5120,5120,40,128,5,,False,"[1,4096,5,128]","[512,5120]","[5120,5120]","[512,5120]",5.0,4.375,26.8435456
representative_medium,artificial,tens-of-B median-like O-proj,16384,4,4096,5120,5120,40,128,10,,False,"[1,16384,10,128]","[4096,5120]","[5120,5120]","[4096,5120]",40.0,30.0,214.7483648
representative_medium,artificial,tens-of-B median-like O-proj,16384,8,2048,5120,5120,40,128,5,,False,"[1,16384,5,128]","[2048,5120]","[5120,5120]","[2048,5120]",20.0,17.5,107.3741824
representative_medium,artificial,tens-of-B median-like O-proj,131072,4,32768,5120,5120,40,128,10,,False,"[1,131072,10,128]","[32768,5120]","[5120,5120]","[32768,5120]",320.0,240.0,1717.9869184
representative_medium,artificial,tens-of-B median-like O-proj,131072,8,16384,5120,5120,40,128,5,,False,"[1,131072,5,128]","[16384,5120]","[5120,5120]","[16384,5120]",160.0,140.0,858.9934592
representative_medium,artificial,tens-of-B median-like O-proj,262144,4,65536,5120,5120,40,128,10,,False,"[1,262144,10,128]","[65536,5120]","[5120,5120]","[65536,5120]",640.0,480.0,3435.9738368
representative_medium,artificial,tens-of-B median-like O-proj,262144,8,32768,5120,5120,40,128,5,,False,"[1,262144,5,128]","[32768,5120]","[5120,5120]","[32768,5120]",320.0,280.0,1717.9869184
representative_medium,artificial,tens-of-B median-like O-proj,524288,4,131072,5120,5120,40,128,10,,False,"[1,524288,10,128]","[131072,5120]","[5120,5120]","[131072,5120]",1280.0,960.0,6871.9476736
representative_medium,artificial,tens-of-B median-like O-proj,524288,8,65536,5120,5120,40,128,5,,False,"[1,524288,5,128]","[65536,5120]","[5120,5120]","[65536,5120]",640.0,560.0,3435.9738368
representative_large,artificial,wide-K stress shape; not one specific GQA checkpoint,1024,4,256,7168,16384,128,128,32,,False,"[1,1024,32,128]","[256,16384]","[7168,16384]","[256,7168]",8.0,6.0,60.129542144
representative_large,artificial,wide-K stress shape; not one specific GQA checkpoint,1024,8,128,7168,16384,128,128,16,,False,"[1,1024,16,128]","[128,16384]","[7168,16384]","[128,7168]",4.0,3.5,30.064771072
representative_large,artificial,wide-K stress shape; not one specific GQA checkpoint,4096,4,1024,7168,16384,128,128,32,,False,"[1,4096,32,128]","[1024,16384]","[7168,16384]","[1024,7168]",32.0,24.0,240.518168576
representative_large,artificial,wide-K stress shape; not one specific GQA checkpoint,4096,8,512,7168,16384,128,128,16,,False,"[1,4096,16,128]","[512,16384]","[7168,16384]","[512,7168]",16.0,14.0,120.259084288
representative_large,artificial,wide-K stress shape; not one specific GQA checkpoint,16384,4,4096,7168,16384,128,128,32,,False,"[1,16384,32,128]","[4096,16384]","[7168,16384]","[4096,7168]",128.0,96.0,962.072674304
representative_large,artificial,wide-K stress shape; not one specific GQA checkpoint,16384,8,2048,7168,16384,128,128,16,,False,"[1,16384,16,128]","[2048,16384]","[7168,16384]","[2048,7168]",64.0,56.0,481.036337152
representative_large,artificial,wide-K stress shape; not one specific GQA checkpoint,131072,4,32768,7168,16384,128,128,32,,False,"[1,131072,32,128]","[32768,16384]","[7168,16384]","[32768,7168]",1024.0,768.0,7696.581394432
representative_large,artificial,wide-K stress shape; not one specific GQA checkpoint,131072,8,16384,7168,16384,128,128,16,,False,"[1,131072,16,128]","[16384,16384]","[7168,16384]","[16384,7168]",512.0,448.0,3848.290697216
representative_large,artificial,wide-K stress shape; not one specific GQA checkpoint,262144,4,65536,7168,16384,128,128,32,,False,"[1,262144,32,128]","[65536,16384]","[7168,16384]","[65536,7168]",2048.0,1536.0,15393.162788864
representative_large,artificial,wide-K stress shape; not one specific GQA checkpoint,262144,8,32768,7168,16384,128,128,16,,False,"[1,262144,16,128]","[32768,16384]","[7168,16384]","[32768,7168]",1024.0,896.0,7696.581394432
representative_large,artificial,wide-K stress shape; not one specific GQA checkpoint,524288,4,131072,7168,16384,128,128,32,,False,"[1,524288,32,128]","[131072,16384]","[7168,16384]","[131072,7168]",4096.0,3072.0,30786.325577728
representative_large,artificial,wide-K stress shape; not one specific GQA checkpoint,524288,8,65536,7168,16384,128,128,16,,False,"[1,524288,16,128]","[65536,16384]","[7168,16384]","[65536,7168]",2048.0,1792.0,15393.162788864
production_qwen_dense,model,current production Qwen dense,1024,4,256,2048,2048,16,128,4,,False,"[1,1024,4,128]","[256,2048]","[2048,2048]","[256,2048]",1.0,0.75,2.147483648
production_qwen_dense,model,current production Qwen dense,1024,8,128,2048,2048,16,128,2,,False,"[1,1024,2,128]","[128,2048]","[2048,2048]","[128,2048]",0.5,0.4375,1.073741824
production_qwen_dense,model,current production Qwen dense,4096,4,1024,2048,2048,16,128,4,,False,"[1,4096,4,128]","[1024,2048]","[2048,2048]","[1024,2048]",4.0,3.0,8.589934592
production_qwen_dense,model,current production Qwen dense,4096,8,512,2048,2048,16,128,2,,False,"[1,4096,2,128]","[512,2048]","[2048,2048]","[512,2048]",2.0,1.75,4.294967296
production_qwen_dense,model,current production Qwen dense,16384,4,4096,2048,2048,16,128,4,,False,"[1,16384,4,128]","[4096,2048]","[2048,2048]","[4096,2048]",16.0,12.0,34.359738368
production_qwen_dense,model,current production Qwen dense,16384,8,2048,2048,2048,16,128,2,,False,"[1,16384,2,128]","[2048,2048]","[2048,2048]","[2048,2048]",8.0,7.0,17.179869184
production_qwen_dense,model,current production Qwen dense,131072,4,32768,2048,2048,16,128,4,,False,"[1,131072,4,128]","[32768,2048]","[2048,2048]","[32768,2048]",128.0,96.0,274.877906944
production_qwen_dense,model,current production Qwen dense,131072,8,16384,2048,2048,16,128,2,,False,"[1,131072,2,128]","[16384,2048]","[2048,2048]","[16384,2048]",64.0,56.0,137.438953472
production_qwen_dense,model,current production Qwen dense,262144,4,65536,2048,2048,16,128,4,,False,"[1,262144,4,128]","[65536,2048]","[2048,2048]","[65536,2048]",256.0,192.0,549.755813888
production_qwen_dense,model,current production Qwen dense,262144,8,32768,2048,2048,16,128,2,,False,"[1,262144,2,128]","[32768,2048]","[2048,2048]","[32768,2048]",128.0,112.0,274.877906944
production_qwen_dense,model,current production Qwen dense,524288,4,131072,2048,2048,16,128,4,,False,"[1,524288,4,128]","[131072,2048]","[2048,2048]","[131072,2048]",512.0,384.0,1099.511627776
production_qwen_dense,model,current production Qwen dense,524288,8,65536,2048,2048,16,128,2,,False,"[1,524288,2,128]","[65536,2048]","[2048,2048]","[65536,2048]",256.0,224.0,549.755813888
llama3_8b,model,Llama 3/3.1 8B,1024,4,256,4096,4096,32,128,8,,False,"[1,1024,8,128]","[256,4096]","[4096,4096]","[256,4096]",2.0,1.5,8.589934592
llama3_8b,model,Llama 3/3.1 8B,1024,8,128,4096,4096,32,128,4,,False,"[1,1024,4,128]","[128,4096]","[4096,4096]","[128,4096]",1.0,0.875,4.294967296
llama3_8b,model,Llama 3/3.1 8B,4096,4,1024,4096,4096,32,128,8,,False,"[1,4096,8,128]","[1024,4096]","[4096,4096]","[1024,4096]",8.0,6.0,34.359738368
llama3_8b,model,Llama 3/3.1 8B,4096,8,512,4096,4096,32,128,4,,False,"[1,4096,4,128]","[512,4096]","[4096,4096]","[512,4096]",4.0,3.5,17.179869184
llama3_8b,model,Llama 3/3.1 8B,16384,4,4096,4096,4096,32,128,8,,False,"[1,16384,8,128]","[4096,4096]","[4096,4096]","[4096,4096]",32.0,24.0,137.438953472
llama3_8b,model,Llama 3/3.1 8B,16384,8,2048,4096,4096,32,128,4,,False,"[1,16384,4,128]","[2048,4096]","[4096,4096]","[2048,4096]",16.0,14.0,68.719476736
llama3_8b,model,Llama 3/3.1 8B,131072,4,32768,4096,4096,32,128,8,,False,"[1,131072,8,128]","[32768,4096]","[4096,4096]","[32768,4096]",256.0,192.0,1099.511627776
llama3_8b,model,Llama 3/3.1 8B,131072,8,16384,4096,4096,32,128,4,,False,"[1,131072,4,128]","[16384,4096]","[4096,4096]","[16384,4096]",128.0,112.0,549.755813888
llama3_8b,model,Llama 3/3.1 8B,262144,4,65536,4096,4096,32,128,8,,False,"[1,262144,8,128]","[65536,4096]","[4096,4096]","[65536,4096]",512.0,384.0,2199.023255552
llama3_8b,model,Llama 3/3.1 8B,262144,8,32768,4096,4096,32,128,4,,False,"[1,262144,4,128]","[32768,4096]","[4096,4096]","[32768,4096]",256.0,224.0,1099.511627776
llama3_8b,model,Llama 3/3.1 8B,524288,4,131072,4096,4096,32,128,8,,False,"[1,524288,8,128]","[131072,4096]","[4096,4096]","[131072,4096]",1024.0,768.0,4398.046511104
llama3_8b,model,Llama 3/3.1 8B,524288,8,65536,4096,4096,32,128,4,,False,"[1,524288,4,128]","[65536,4096]","[4096,4096]","[65536,4096]",512.0,448.0,2199.023255552
qwen25_14b_32b,model,Qwen2.5 14B/32B,1024,4,256,5120,5120,40,128,10,,False,"[1,1024,10,128]","[256,5120]","[5120,5120]","[256,5120]",2.5,1.875,13.4217728
qwen25_14b_32b,model,Qwen2.5 14B/32B,1024,8,128,5120,5120,40,128,5,,False,"[1,1024,5,128]","[128,5120]","[5120,5120]","[128,5120]",1.25,1.09375,6.7108864
qwen25_14b_32b,model,Qwen2.5 14B/32B,4096,4,1024,5120,5120,40,128,10,,False,"[1,4096,10,128]","[1024,5120]","[5120,5120]","[1024,5120]",10.0,7.5,53.6870912
qwen25_14b_32b,model,Qwen2.5 14B/32B,4096,8,512,5120,5120,40,128,5,,False,"[1,4096,5,128]","[512,5120]","[5120,5120]","[512,5120]",5.0,4.375,26.8435456
qwen25_14b_32b,model,Qwen2.5 14B/32B,16384,4,4096,5120,5120,40,128,10,,False,"[1,16384,10,128]","[4096,5120]","[5120,5120]","[4096,5120]",40.0,30.0,214.7483648
qwen25_14b_32b,model,Qwen2.5 14B/32B,16384,8,2048,5120,5120,40,128,5,,False,"[1,16384,5,128]","[2048,5120]","[5120,5120]","[2048,5120]",20.0,17.5,107.3741824
qwen25_14b_32b,model,Qwen2.5 14B/32B,131072,4,32768,5120,5120,40,128,10,,False,"[1,131072,10,128]","[32768,5120]","[5120,5120]","[32768,5120]",320.0,240.0,1717.9869184
qwen25_14b_32b,model,Qwen2.5 14B/32B,131072,8,16384,5120,5120,40,128,5,,False,"[1,131072,5,128]","[16384,5120]","[5120,5120]","[16384,5120]",160.0,140.0,858.9934592
qwen25_14b_32b,model,Qwen2.5 14B/32B,262144,4,65536,5120,5120,40,128,10,,False,"[1,262144,10,128]","[65536,5120]","[5120,5120]","[65536,5120]",640.0,480.0,3435.9738368
qwen25_14b_32b,model,Qwen2.5 14B/32B,262144,8,32768,5120,5120,40,128,5,,False,"[1,262144,5,128]","[32768,5120]","[5120,5120]","[32768,5120]",320.0,280.0,1717.9869184
qwen25_14b_32b,model,Qwen2.5 14B/32B,524288,4,131072,5120,5120,40,128,10,,False,"[1,524288,10,128]","[131072,5120]","[5120,5120]","[131072,5120]",1280.0,960.0,6871.9476736
qwen25_14b_32b,model,Qwen2.5 14B/32B,524288,8,65536,5120,5120,40,128,5,,False,"[1,524288,5,128]","[65536,5120]","[5120,5120]","[65536,5120]",640.0,560.0,3435.9738368
llama31_405b,model,Llama 3.1 405B,1024,4,256,16384,16384,128,128,32,,False,"[1,1024,32,128]","[256,16384]","[16384,16384]","[256,16384]",8.0,6.0,137.438953472
llama31_405b,model,Llama 3.1 405B,1024,8,128,16384,16384,128,128,16,,False,"[1,1024,16,128]","[128,16384]","[16384,16384]","[128,16384]",4.0,3.5,68.719476736
llama31_405b,model,Llama 3.1 405B,4096,4,1024,16384,16384,128,128,32,,False,"[1,4096,32,128]","[1024,16384]","[16384,16384]","[1024,16384]",32.0,24.0,549.755813888
llama31_405b,model,Llama 3.1 405B,4096,8,512,16384,16384,128,128,16,,False,"[1,4096,16,128]","[512,16384]","[16384,16384]","[512,16384]",16.0,14.0,274.877906944
llama31_405b,model,Llama 3.1 405B,16384,4,4096,16384,16384,128,128,32,,False,"[1,16384,32,128]","[4096,16384]","[16384,16384]","[4096,16384]",128.0,96.0,2199.023255552
llama31_405b,model,Llama 3.1 405B,16384,8,2048,16384,16384,128,128,16,,False,"[1,16384,16,128]","[2048,16384]","[16384,16384]","[2048,16384]",64.0,56.0,1099.511627776
llama31_405b,model,Llama 3.1 405B,131072,4,32768,16384,16384,128,128,32,,False,"[1,131072,32,128]","[32768,16384]","[16384,16384]","[32768,16384]",1024.0,768.0,17592.186044416
llama31_405b,model,Llama 3.1 405B,131072,8,16384,16384,16384,128,128,16,,False,"[1,131072,16,128]","[16384,16384]","[16384,16384]","[16384,16384]",512.0,448.0,8796.093022208
llama31_405b,model,Llama 3.1 405B,262144,4,65536,16384,16384,128,128,32,,False,"[1,262144,32,128]","[65536,16384]","[16384,16384]","[65536,16384]",2048.0,1536.0,35184.372088832
llama31_405b,model,Llama 3.1 405B,262144,8,32768,16384,16384,128,128,16,,False,"[1,262144,16,128]","[32768,16384]","[16384,16384]","[32768,16384]",1024.0,896.0,17592.186044416
llama31_405b,model,Llama 3.1 405B,524288,4,131072,16384,16384,128,128,32,,False,"[1,524288,32,128]","[131072,16384]","[16384,16384]","[131072,16384]",4096.0,3072.0,70368.744177664
llama31_405b,model,Llama 3.1 405B,524288,8,65536,16384,16384,128,128,16,,False,"[1,524288,16,128]","[65536,16384]","[16384,16384]","[65536,16384]",2048.0,1792.0,35184.372088832
nanbeige42_3b,model,Nanbeige4.2-3B,1024,4,256,3072,6144,48,128,12,262144,False,"[1,1024,12,128]","[256,6144]","[3072,6144]","[256,3072]",3.0,2.25,9.663676416
nanbeige42_3b,model,Nanbeige4.2-3B,1024,8,128,3072,6144,48,128,6,262144,False,"[1,1024,6,128]","[128,6144]","[3072,6144]","[128,3072]",1.5,1.3125,4.831838208
nanbeige42_3b,model,Nanbeige4.2-3B,4096,4,1024,3072,6144,48,128,12,262144,False,"[1,4096,12,128]","[1024,6144]","[3072,6144]","[1024,3072]",12.0,9.0,38.654705664
nanbeige42_3b,model,Nanbeige4.2-3B,4096,8,512,3072,6144,48,128,6,262144,False,"[1,4096,6,128]","[512,6144]","[3072,6144]","[512,3072]",6.0,5.25,19.327352832
nanbeige42_3b,model,Nanbeige4.2-3B,16384,4,4096,3072,6144,48,128,12,262144,False,"[1,16384,12,128]","[4096,6144]","[3072,6144]","[4096,3072]",48.0,36.0,154.618822656
nanbeige42_3b,model,Nanbeige4.2-3B,16384,8,2048,3072,6144,48,128,6,262144,False,"[1,16384,6,128]","[2048,6144]","[3072,6144]","[2048,3072]",24.0,21.0,77.309411328
nanbeige42_3b,model,Nanbeige4.2-3B,131072,4,32768,3072,6144,48,128,12,262144,False,"[1,131072,12,128]","[32768,6144]","[3072,6144]","[32768,3072]",384.0,288.0,1236.950581248
nanbeige42_3b,model,Nanbeige4.2-3B,131072,8,16384,3072,6144,48,128,6,262144,False,"[1,131072,6,128]","[16384,6144]","[3072,6144]","[16384,3072]",192.0,168.0,618.475290624
nanbeige42_3b,model,Nanbeige4.2-3B,262144,4,65536,3072,6144,48,128,12,262144,False,"[1,262144,12,128]","[65536,6144]","[3072,6144]","[65536,3072]",768.0,576.0,2473.901162496
nanbeige42_3b,model,Nanbeige4.2-3B,262144,8,32768,3072,6144,48,128,6,262144,False,"[1,262144,6,128]","[32768,6144]","[3072,6144]","[32768,3072]",384.0,336.0,1236.950581248
nanbeige42_3b,model,Nanbeige4.2-3B,524288,4,131072,3072,6144,48,128,12,262144,True,"[1,524288,12,128]","[131072,6144]","[3072,6144]","[131072,3072]",1536.0,1152.0,4947.802324992
nanbeige42_3b,model,Nanbeige4.2-3B,524288,8,65536,3072,6144,48,128,6,262144,True,"[1,524288,6,128]","[65536,6144]","[3072,6144]","[65536,3072]",768.0,672.0,2473.901162496
