model,suite,aliases,global_seq,cp,m,n,k,q_heads,kv_heads,head_dim,max_context,within_native_context,comm_ctas,raster,swizzle,tile_m,tile_n,tile_k,cluster_m,warmup,iterations,process_model,timing,eager_epoch_mode,graph_epoch_mode,graph_kernel_nodes,correctness_scope,eager_p50_ms,eager_p95_ms,eager_p50_tflops_per_gpu,graph_p50_ms,graph_p95_ms,graph_p50_tflops_per_gpu,serial_diagnostic_p50_ms,best_separated,best_separated_p50_ms,eager_speedup_over_best_separated,graph_speedup_over_best_separated,te_boundary_p50_ms,cublas_boundary_p50_ms,cublaslt_boundary_p50_ms,te_userbuffers_p50_ms,te_userbuffers_p95_ms,te_userbuffers_launch,te_userbuffers_timing,te_userbuffers_timed_boundary,eager_speedup_over_te_userbuffers,graph_speedup_over_te_userbuffers,best_external_p50_ms,eager_speedup_over_best_external,graph_speedup_over_best_external
artificial_small,artificial,OProj-matched Mx4096x4096 stress shape,1024,4,256,4096,4096,16,8,128,,True,24,n,1,128,128,64,1,10,50,one_mpi_process_per_gpu,per_sample_max_rank_cuda_event,eager_monotonic_epochs,single_replay_monotonic_epoch_nodes,60,epoch_lifecycle_all_cases;fused_vs_separated_reference_at_s1024_per_geometry,0.04633599892,0.07846560329,185.3836065308679,0.04043199867,0.04091359675,212.45387006736368,0.06955200434,TE+NCCL,0.0554720014333725,1.1971685671252277,1.371982668631516,0.0554720014333725,0.057631999254226685,0.0565279982984066,0.05475199967622757,0.0560000017285347,graph,per_sample_local_cuda_event_then_dist_max,all_qkv_slab_gemms+userbuffers_send_recv+unpack,1.1816298548080932,1.354174947499017,0.05475199967622757,1.1816298548080932,1.354174947499017
artificial_small,artificial,OProj-matched Mx4096x4096 stress shape,1024,8,128,4096,4096,16,8,128,,True,24,n,1,128,128,64,1,10,50,one_mpi_process_per_gpu,per_sample_max_rank_cuda_event,eager_monotonic_epochs,single_replay_monotonic_epoch_nodes,60,epoch_lifecycle_all_cases;fused_vs_separated_reference_at_s1024_per_geometry,0.0568960011,0.07217600197,75.48803453605107,0.04988799989,0.05028960109,86.09219262087358,0.1202559993,cuBLAS+NCCL,0.04705600067973137,0.8270528643485169,0.9432328572700245,0.04878399893641472,0.04705600067973137,0.047887999564409256,0.08462399989366531,0.09077279940247535,graph,per_sample_local_cuda_event_then_dist_max,all_qkv_slab_gemms+userbuffers_send_recv+unpack,1.4873453012089686,1.6962796680615795,0.04705600067973137,0.8270528643485169,0.9432328572700245
artificial_small,artificial,OProj-matched Mx4096x4096 stress shape,4096,4,1024,4096,4096,16,8,128,,True,24,n,1,128,128,64,1,10,50,one_mpi_process_per_gpu,per_sample_max_rank_cuda_event,eager_monotonic_epochs,single_replay_monotonic_epoch_nodes,60,epoch_lifecycle_all_cases;fused_vs_separated_reference_at_s1024_per_geometry,0.09446399659,0.09634400159,363.7336933470094,0.08945600688,0.09070559591,384.0964912964602,0.1110720038,TE+NCCL,0.1027039997279644,1.0872290336574293,1.148095061584135,0.1027039997279644,0.10608000308275223,0.1059040017426014,0.09203200042247772,0.1056207988411188,graph,per_sample_local_cuda_event_then_dist_max,all_qkv_slab_gemms+userbuffers_send_recv+unpack,0.9742547821888394,1.0287962053340172,0.09203200042247772,0.9742547821888394,1.0287962053340172
artificial_small,artificial,OProj-matched Mx4096x4096 stress shape,4096,8,512,4096,4096,16,8,128,,True,24,n,1,128,128,64,1,10,50,one_mpi_process_per_gpu,per_sample_max_rank_cuda_event,eager_monotonic_epochs,single_replay_monotonic_epoch_nodes,60,epoch_lifecycle_all_cases;fused_vs_separated_reference_at_s1024_per_geometry,0.08292800188,0.08502879739,207.16608135403925,0.07583999634,0.07633759826,226.52782190258216,0.1425440013,cuBLASLt+NCCL,0.08574399724602699,1.0339571110142247,1.1305907355483793,0.08908800035715103,0.08775999769568443,0.08574399724602699,0.12252800166606903,0.12421919964253902,graph,per_sample_local_cuda_event_then_dist_max,all_qkv_slab_gemms+userbuffers_send_recv+unpack,1.4775226568628983,1.6156119142828145,0.08574399724602699,1.0339571110142247,1.1305907355483793
artificial_small,artificial,OProj-matched Mx4096x4096 stress shape,16384,4,4096,4096,4096,16,8,128,,True,32,n,1,128,256,64,2,10,50,one_mpi_process_per_gpu,per_sample_max_rank_cuda_event,eager_monotonic_epochs,single_replay_monotonic_epoch_nodes,60,epoch_lifecycle_all_cases;fused_vs_separated_reference_at_s1024_per_geometry,0.2793279886,0.2816176116,492.03430762827605,0.269600004,0.2717183828,509.7883955224274,0.2950240076,cuBLAS+NCCL,0.32607999444007874,1.1673731518076693,1.2094955103935336,0.32923200726509094,0.32607999444007874,0.3302080035209656,0.2781440019607544,0.2883296012878418,graph,per_sample_local_cuda_event_then_dist_max,all_qkv_slab_gemms+userbuffers_send_recv+unpack,0.9957613032436177,1.0316913866245876,0.2781440019607544,0.9957613032436177,1.0316913866245876
artificial_small,artificial,OProj-matched Mx4096x4096 stress shape,16384,8,2048,4096,4096,16,8,128,,True,24,n,1,128,256,64,2,10,50,one_mpi_process_per_gpu,per_sample_max_rank_cuda_event,eager_monotonic_epochs,single_replay_monotonic_epoch_nodes,60,epoch_lifecycle_all_cases;fused_vs_separated_reference_at_s1024_per_geometry,0.1938399971,0.1951071918,354.51649692580395,0.1861599982,0.1877119988,369.14201439866576,0.2549120188,TE+NCCL,0.218176007270813,1.1255468971053395,1.1719811419229642,0.218176007270813,0.23631999641656876,0.22097600251436234,0.21398400515317917,0.21538399681448936,graph,per_sample_local_cuda_event_then_dist_max,all_qkv_slab_gemms+userbuffers_send_recv+unpack,1.1039208024894216,1.149462866470844,0.21398400515317917,1.1039208024894216,1.149462866470844
artificial_small,artificial,OProj-matched Mx4096x4096 stress shape,131072,4,32768,4096,4096,16,8,128,,True,32,n,1,128,256,64,2,10,50,one_mpi_process_per_gpu,per_sample_max_rank_cuda_event,eager_monotonic_epochs,single_replay_monotonic_epoch_nodes,60,epoch_lifecycle_all_cases;fused_vs_separated_reference_at_s1024_per_geometry,1.788192034,1.800713658,614.8733507757031,1.769104004,1.78841114,621.5076249276298,1.6833601,TE+NCCL,2.404080033302307,1.344419384267488,1.3589252117832566,2.404080033302307,2.405184030532837,2.4584479331970215,2.0423200130462646,2.087332773208618,graph,per_sample_local_cuda_event_then_dist_max,all_qkv_slab_gemms+userbuffers_send_recv+unpack,1.1421144788783153,1.1544375053295424,2.0423200130462646,1.1421144788783153,1.1544375053295424
artificial_small,artificial,OProj-matched Mx4096x4096 stress shape,131072,8,16384,4096,4096,16,8,128,,True,32,n,1,128,256,64,2,10,50,one_mpi_process_per_gpu,per_sample_max_rank_cuda_event,eager_monotonic_epochs,single_replay_monotonic_epoch_nodes,60,epoch_lifecycle_all_cases;fused_vs_separated_reference_at_s1024_per_geometry,1.134736061,1.146296024,484.47901920339166,1.120815992,1.130103946,490.4960473547562,1.190783978,cuBLASLt+NCCL,1.3523520231246948,1.191776722009626,1.206578093797126,1.4152960181236267,1.4140959978103638,1.3523520231246948,1.270031988620758,1.2801632046699525,graph,per_sample_local_cuda_event_then_dist_max,all_qkv_slab_gemms+userbuffers_send_recv+unpack,1.1192311871198726,1.1331315735016367,1.270031988620758,1.1192311871198726,1.1331315735016367
artificial_small,artificial,OProj-matched Mx4096x4096 stress shape,262144,4,65536,4096,4096,16,8,128,,True,32,n,1,128,256,64,2,10,50,one_mpi_process_per_gpu,per_sample_max_rank_cuda_event,eager_monotonic_epochs,single_replay_monotonic_epoch_nodes,60,epoch_lifecycle_all_cases;fused_vs_separated_reference_at_s1024_per_geometry,3.588783979,3.6092031,612.7488498666194,3.574928045,3.5949471,615.1237809185051,3.603936195,cuBLAS+NCCL,4.814512014389038,1.3415441114766071,1.3467437536603728,4.815151929855347,4.814512014389038,5.178735971450806,4.339888095855713,4.3929647445678714,graph,per_sample_local_cuda_event_then_dist_max,all_qkv_slab_gemms+userbuffers_send_recv+unpack,1.209292094829571,1.2139791462168332,4.339888095855713,1.209292094829571,1.2139791462168332
artificial_small,artificial,OProj-matched Mx4096x4096 stress shape,262144,8,32768,4096,4096,16,8,128,,True,32,n,1,128,256,64,2,10,50,one_mpi_process_per_gpu,per_sample_max_rank_cuda_event,eager_monotonic_epochs,single_replay_monotonic_epoch_nodes,60,epoch_lifecycle_all_cases;fused_vs_separated_reference_at_s1024_per_geometry,2.192847967,2.429777622,501.4080521415372,2.152688026,2.194843292,510.76217942227737,2.214896202,cuBLASLt+NCCL,2.656383991241455,1.2113853906961052,1.2339846550721025,2.784175992012024,2.779279947280884,2.656383991241455,2.344208002090454,2.3635007619857786,graph,per_sample_local_cuda_event_then_dist_max,all_qkv_slab_gemms+userbuffers_send_recv+unpack,1.069024409064495,1.0889678270967695,2.344208002090454,1.069024409064495,1.0889678270967695
artificial_small,artificial,OProj-matched Mx4096x4096 stress shape,524288,4,131072,4096,4096,16,8,128,,True,32,n,1,128,256,64,2,10,50,one_mpi_process_per_gpu,per_sample_max_rank_cuda_event,eager_monotonic_epochs,single_replay_monotonic_epoch_nodes,60,epoch_lifecycle_all_cases;fused_vs_separated_reference_at_s1024_per_geometry,7.155488014,7.298037052,614.6396307979337,7.201007843,7.296375751,610.7543009245964,7.178912163,TE+NCCL,9.476272106170654,1.3243362420047307,1.3159646972725363,9.476272106170654,9.720479965209961,9.877439975738525,8.506896018981934,8.608606624603272,graph,per_sample_local_cuda_event_then_dist_max,all_qkv_slab_gemms+userbuffers_send_recv+unpack,1.18886314984217,1.18134797301344,8.506896018981934,1.18886314984217,1.18134797301344
artificial_small,artificial,OProj-matched Mx4096x4096 stress shape,524288,8,65536,4096,4096,16,8,128,,True,32,n,1,128,256,64,2,10,50,one_mpi_process_per_gpu,per_sample_max_rank_cuda_event,eager_monotonic_epochs,single_replay_monotonic_epoch_nodes,60,epoch_lifecycle_all_cases;fused_vs_separated_reference_at_s1024_per_geometry,4.276304245,4.286960125,514.2345187724126,4.270352364,4.290844917,514.9512424525537,4.31060791,cuBLASLt+NCCL,5.219071865081787,1.2204631770959942,1.2221642197678344,5.437727928161621,5.440927982330322,5.219071865081787,4.486304044723511,4.619204807281494,graph,per_sample_local_cuda_event_then_dist_max,all_qkv_slab_gemms+userbuffers_send_recv+unpack,1.0491077780466742,1.0505699910255721,4.486304044723511,1.0491077780466742,1.0505699910255721
artificial_medium,artificial,OProj-matched Mx5120x5120 stress shape,1024,4,256,5120,5120,24,8,128,,True,24,n,1,128,128,64,1,10,50,one_mpi_process_per_gpu,per_sample_max_rank_cuda_event,eager_monotonic_epochs,single_replay_monotonic_epoch_nodes,60,epoch_lifecycle_all_cases;fused_vs_separated_reference_at_s1024_per_geometry,0.05233599991,0.05313760042,256.4539289032569,0.04720000178,0.04830879718,284.35958249660894,0.0767680034,cuBLAS+NCCL,0.06136000156402588,1.1724243669662195,1.2999999841107184,0.061535999178886414,0.06136000156402588,0.06379200145602226,0.06276800110936165,0.06880640238523483,graph,per_sample_local_cuda_event_then_dist_max,all_qkv_slab_gemms+userbuffers_send_recv+unpack,1.199327446065827,1.329830481827614,0.06136000156402588,1.1724243669662195,1.2999999841107184
artificial_medium,artificial,OProj-matched Mx5120x5120 stress shape,1024,8,128,5120,5120,24,8,128,,True,24,n,1,128,128,64,1,10,50,one_mpi_process_per_gpu,per_sample_max_rank_cuda_event,eager_monotonic_epochs,single_replay_monotonic_epoch_nodes,60,epoch_lifecycle_all_cases;fused_vs_separated_reference_at_s1024_per_geometry,0.06564800441,0.06670880318,102.22529169489495,0.05881600082,0.05966559798,114.09967196746241,0.1266880035,cuBLASLt+NCCL,0.05689600110054016,0.8666828734838637,0.9673558267700691,0.05708799883723259,0.057023998349905014,0.05689600110054016,0.10233599692583084,0.10529600046575069,graph,per_sample_local_cuda_event_then_dist_max,all_qkv_slab_gemms+userbuffers_send_recv+unpack,1.5588592196451023,1.7399346351177305,0.05689600110054016,0.8666828734838637,0.9673558267700691
artificial_medium,artificial,OProj-matched Mx5120x5120 stress shape,4096,4,1024,5120,5120,24,8,128,,True,24,n,1,128,128,64,1,10,50,one_mpi_process_per_gpu,per_sample_max_rank_cuda_event,eager_monotonic_epochs,single_replay_monotonic_epoch_nodes,60,epoch_lifecycle_all_cases;fused_vs_separated_reference_at_s1024_per_geometry,0.1117120013,0.1142240018,480.58481251109765,0.1064479947,0.1072351933,504.3504234279389,0.1365280002,TE+NCCL,0.13875200599431992,1.2420510274603764,1.3034722390530848,0.13875200599431992,0.15558400005102158,0.15518400073051453,0.11737599968910217,0.11842400021851063,graph,per_sample_local_cuda_event_then_dist_max,all_qkv_slab_gemms+userbuffers_send_recv+unpack,1.0507017896303874,1.102660505910894,0.11737599968910217,1.0507017896303874,1.102660505910894
artificial_medium,artificial,OProj-matched Mx5120x5120 stress shape,4096,8,512,5120,5120,24,8,128,,True,24,n,1,128,128,64,1,10,50,one_mpi_process_per_gpu,per_sample_max_rank_cuda_event,eager_monotonic_epochs,single_replay_monotonic_epoch_nodes,60,epoch_lifecycle_all_cases;fused_vs_separated_reference_at_s1024_per_geometry,0.09927999973,0.1004479975,270.3822086321837,0.09190399945,0.09282720089,292.082453001451,0.158912003,TE+NCCL,0.10507200285792351,1.0583400800128457,1.1432799822284938,0.10507200285792351,0.10619199648499489,0.12091199681162834,0.14294399321079254,0.14648160040378572,graph,per_sample_local_cuda_event_then_dist_max,all_qkv_slab_gemms+userbuffers_send_recv+unpack,1.4398065431057645,1.5553620524268985,0.10507200285792351,1.0583400800128457,1.1432799822284938
artificial_medium,artificial,OProj-matched Mx5120x5120 stress shape,16384,4,4096,5120,5120,24,8,128,,True,32,n,1,128,256,64,2,10,50,one_mpi_process_per_gpu,per_sample_max_rank_cuda_event,eager_monotonic_epochs,single_replay_monotonic_epoch_nodes,60,epoch_lifecycle_all_cases;fused_vs_separated_reference_at_s1024_per_geometry,0.3835839927,0.3858720064,559.8470449416124,0.3762720227,0.3787232041,570.7263677459696,0.4049600065,cuBLASLt+NCCL,0.45153599977493286,1.17715026791558,1.2000254404642263,0.4578399956226349,0.4556320011615753,0.45153599977493286,0.3973439931869507,0.40117440074682237,graph,per_sample_local_cuda_event_then_dist_max,all_qkv_slab_gemms+userbuffers_send_recv+unpack,1.0358721968299454,1.0560019592627308,0.3973439931869507,1.0358721968299454,1.0560019592627308
artificial_medium,artificial,OProj-matched Mx5120x5120 stress shape,16384,8,2048,5120,5120,24,8,128,,True,24,n,1,128,256,64,2,10,50,one_mpi_process_per_gpu,per_sample_max_rank_cuda_event,eager_monotonic_epochs,single_replay_monotonic_epoch_nodes,60,epoch_lifecycle_all_cases;fused_vs_separated_reference_at_s1024_per_geometry,0.2448160052,0.2466095984,438.5913507259533,0.2339520007,0.2352816015,458.9581712433716,0.3061119914,cuBLASLt+NCCL,0.29447999596595764,1.2028625159755595,1.2587197163728194,0.2956160008907318,0.2945439964532852,0.29447999596595764,0.29025599360466003,0.34478240460157394,graph,per_sample_local_cuda_event_then_dist_max,all_qkv_slab_gemms+userbuffers_send_recv+unpack,1.1856087324337243,1.2406647206956758,0.29025599360466003,1.1856087324337243,1.2406647206956758
artificial_medium,artificial,OProj-matched Mx5120x5120 stress shape,131072,4,32768,5120,5120,24,8,128,,True,32,n,1,128,256,64,2,10,50,one_mpi_process_per_gpu,per_sample_max_rank_cuda_event,eager_monotonic_epochs,single_replay_monotonic_epoch_nodes,60,epoch_lifecycle_all_cases;fused_vs_separated_reference_at_s1024_per_geometry,2.746240139,2.796047926,625.5778196533016,2.728288174,2.777724743,629.694082455089,2.75921607,cuBLAS+NCCL,3.3258559703826904,1.2110579563496395,1.2190266417152642,3.3556480407714844,3.3258559703826904,3.4005439281463623,3.090767979621887,3.11220166683197,graph,per_sample_local_cuda_event_then_dist_max,all_qkv_slab_gemms+userbuffers_send_recv+unpack,1.1254543751397288,1.1328597943121412,3.090767979621887,1.1254543751397288,1.1328597943121412
artificial_medium,artificial,OProj-matched Mx5120x5120 stress shape,131072,8,16384,5120,5120,24,8,128,,True,32,n,1,128,256,64,2,10,50,one_mpi_process_per_gpu,per_sample_max_rank_cuda_event,eager_monotonic_epochs,single_replay_monotonic_epoch_nodes,60,epoch_lifecycle_all_cases;fused_vs_separated_reference_at_s1024_per_geometry,1.710319996,1.714126468,502.24137074288177,1.689087987,1.731791973,508.5545962147678,1.770112038,cuBLASLt+NCCL,1.9751999974250793,1.1548716041703107,1.1693884585214798,1.9833920001983643,1.9865599870681763,1.9751999974250793,1.848800003528595,1.8627728044986724,graph,per_sample_local_cuda_event_then_dist_max,all_qkv_slab_gemms+userbuffers_send_recv+unpack,1.080967308955321,1.0945551787460526,1.848800003528595,1.080967308955321,1.0945551787460526
artificial_medium,artificial,OProj-matched Mx5120x5120 stress shape,262144,4,65536,5120,5120,24,8,128,,True,32,n,1,128,256,64,2,10,50,one_mpi_process_per_gpu,per_sample_max_rank_cuda_event,eager_monotonic_epochs,single_replay_monotonic_epoch_nodes,60,epoch_lifecycle_all_cases;fused_vs_separated_reference_at_s1024_per_geometry,5.453567982,5.495764732,630.041442252255,5.491359711,5.52929306,625.7054750788297,5.52441597,TE+NCCL,6.936944007873535,1.2720010148896197,1.2632470595539056,6.936944007873535,7.593087911605835,7.0299999713897705,6.201040029525757,6.316580843925475,graph,per_sample_local_cuda_event_then_dist_max,all_qkv_slab_gemms+userbuffers_send_recv+unpack,1.1370611038485001,1.1292358096855617,6.201040029525757,1.1370611038485001,1.1292358096855617
artificial_medium,artificial,OProj-matched Mx5120x5120 stress shape,262144,8,32768,5120,5120,24,8,128,,True,32,n,1,128,256,64,2,10,50,one_mpi_process_per_gpu,per_sample_max_rank_cuda_event,eager_monotonic_epochs,single_replay_monotonic_epoch_nodes,60,epoch_lifecycle_all_cases;fused_vs_separated_reference_at_s1024_per_geometry,3.356080055,3.373814344,511.9028420792543,3.336895943,3.359025717,514.8458171145314,3.397920132,cuBLASLt+NCCL,3.819200038909912,1.1379943196587163,1.144536750365761,3.829327940940857,3.837488055229187,3.819200038909912,3.4305760860443115,3.458305549621582,graph,per_sample_local_cuda_event_then_dist_max,all_qkv_slab_gemms+userbuffers_send_recv+unpack,1.0221973343375181,1.0280740378616928,3.4305760860443115,1.0221973343375181,1.0280740378616928
artificial_medium,artificial,OProj-matched Mx5120x5120 stress shape,524288,4,131072,5120,5120,24,8,128,,True,32,n,1,128,256,64,2,10,50,one_mpi_process_per_gpu,per_sample_max_rank_cuda_event,eager_monotonic_epochs,single_replay_monotonic_epoch_nodes,60,epoch_lifecycle_all_cases;fused_vs_separated_reference_at_s1024_per_geometry,10.95455933,11.02093601,627.3139308105788,10.91622353,11.00960827,629.5169437227528,10.94166374,cuBLAS+NCCL,14.012736320495605,1.2791693301729194,1.2836615411901158,14.035727977752686,14.012736320495605,14.329872131347656,12.62656021118164,13.370887851715086,graph,per_sample_local_cuda_event_then_dist_max,all_qkv_slab_gemms+userbuffers_send_recv+unpack,1.1526305925061469,1.1566784223940896,12.62656021118164,1.1526305925061469,1.1566784223940896
artificial_medium,artificial,OProj-matched Mx5120x5120 stress shape,524288,8,65536,5120,5120,24,8,128,,True,32,n,1,128,256,64,2,10,50,one_mpi_process_per_gpu,per_sample_max_rank_cuda_event,eager_monotonic_epochs,single_replay_monotonic_epoch_nodes,60,epoch_lifecycle_all_cases;fused_vs_separated_reference_at_s1024_per_geometry,6.622272015,6.678275108,518.8512083190228,6.610799789,6.669918537,519.7516104658423,6.648591995,cuBLASLt+NCCL,7.56001615524292,1.141604594030395,1.1435857077115485,7.62393593788147,7.656831979751587,7.56001615524292,6.707376003265381,6.849777626991272,graph,per_sample_local_cuda_event_then_dist_max,all_qkv_slab_gemms+userbuffers_send_recv+unpack,1.0128511767672201,1.014608854805447,6.707376003265381,1.0128511767672201,1.014608854805447
artificial_large,artificial,OProj-matched Mx7168x16384 stress shape,1024,4,256,7168,16384,40,8,128,,True,24,n,1,128,128,64,1,10,50,one_mpi_process_per_gpu,per_sample_max_rank_cuda_event,eager_monotonic_epochs,single_replay_monotonic_epoch_nodes,60,epoch_lifecycle_all_cases;fused_vs_separated_reference_at_s1024_per_geometry,0.2035840005,0.2057296038,295.3549492903299,0.1989119947,0.2004400045,302.2921882347399,0.2119199932,cuBLAS+NCCL,0.13675200194120407,0.6717227365870732,0.6875000280775128,0.13755200058221817,0.13675200194120407,0.13848000019788742,0.14313600212335587,0.147832003980875,graph,per_sample_local_cuda_event_then_dist_max,all_qkv_slab_gemms+userbuffers_send_recv+unpack,0.703080800906827,0.7195946244430068,0.13675200194120407,0.6717227365870732,0.6875000280775128
artificial_large,artificial,OProj-matched Mx7168x16384 stress shape,1024,8,128,7168,16384,40,8,128,,True,24,n,1,128,128,64,1,10,50,one_mpi_process_per_gpu,per_sample_max_rank_cuda_event,eager_monotonic_epochs,single_replay_monotonic_epoch_nodes,60,epoch_lifecycle_all_cases;fused_vs_separated_reference_at_s1024_per_geometry,0.1341599971,0.1354880035,224.09639029427197,0.1261439919,0.1266911924,238.3369244873247,0.1951839924,cuBLASLt+NCCL,0.11955200135707855,0.8911151158416247,0.9477423344256679,0.12931199371814728,0.1318880021572113,0.11955200135707855,0.15476799756288528,0.16396959573030467,graph,per_sample_local_cuda_event_then_dist_max,all_qkv_slab_gemms+userbuffers_send_recv+unpack,1.153607639448028,1.2269153308988099,0.11955200135707855,0.8911151158416247,0.9477423344256679
artificial_large,artificial,OProj-matched Mx7168x16384 stress shape,4096,4,1024,7168,16384,40,8,128,,True,24,n,1,128,128,64,1,10,50,one_mpi_process_per_gpu,per_sample_max_rank_cuda_event,eager_monotonic_epochs,single_replay_monotonic_epoch_nodes,60,epoch_lifecycle_all_cases;fused_vs_separated_reference_at_s1024_per_geometry,0.5356000066,0.5501616001,449.06304259182957,0.528512001,0.5379216075,455.0855384947068,0.59651196,cuBLASLt+NCCL,0.40697599947452545,0.7598506244576388,0.7700411697454066,0.434128001332283,0.419295996427536,0.40697599947452545,0.3734399974346161,0.37629600018262865,graph,per_sample_local_cuda_event_then_dist_max,all_qkv_slab_gemms+userbuffers_send_recv+unpack,0.6972367304571577,0.7065875452743335,0.3734399974346161,0.6972367304571577,0.7065875452743335
artificial_large,artificial,OProj-matched Mx7168x16384 stress shape,4096,8,512,7168,16384,40,8,128,,True,24,n,1,128,128,64,1,10,50,one_mpi_process_per_gpu,per_sample_max_rank_cuda_event,eager_monotonic_epochs,single_replay_monotonic_epoch_nodes,60,epoch_lifecycle_all_cases;fused_vs_separated_reference_at_s1024_per_geometry,0.3379039764,0.3407711983,355.89721544336345,0.3303200006,0.3321295977,364.06843082331966,0.3991360068,cuBLASLt+NCCL,0.262703999876976,0.7774516378167606,0.7953015239761295,0.27060800790786743,0.26342399418354034,0.262703999876976,0.2998400032520294,0.3063919886946678,graph,per_sample_local_cuda_event_then_dist_max,all_qkv_slab_gemms+userbuffers_send_recv+unpack,0.8873526924616252,0.9077258498044136,0.262703999876976,0.7774516378167606,0.7953015239761295
artificial_large,artificial,OProj-matched Mx7168x16384 stress shape,16384,4,4096,7168,16384,40,8,128,,True,32,n,1,128,256,64,2,10,50,one_mpi_process_per_gpu,per_sample_max_rank_cuda_event,eager_monotonic_epochs,single_replay_monotonic_epoch_nodes,60,epoch_lifecycle_all_cases;fused_vs_separated_reference_at_s1024_per_geometry,1.513360023,1.532617569,635.7196302812606,1.53540802,1.546388865,626.5908877459165,1.457184076,TE+NCCL,1.5632480382919312,1.0329650674880628,1.018132000047734,1.5632480382919312,1.6282079815864563,1.6043359637260437,1.4808319807052612,1.7182384371757506,graph,per_sample_local_cuda_event_then_dist_max,all_qkv_slab_gemms+userbuffers_send_recv+unpack,0.9785060779983754,0.9644550252546299,1.4808319807052612,0.9785060779983754,0.9644550252546299
artificial_large,artificial,OProj-matched Mx7168x16384 stress shape,16384,8,2048,7168,16384,40,8,128,,True,24,n,1,128,256,64,2,10,50,one_mpi_process_per_gpu,per_sample_max_rank_cuda_event,eager_monotonic_epochs,single_replay_monotonic_epoch_nodes,60,epoch_lifecycle_all_cases;fused_vs_separated_reference_at_s1024_per_geometry,1.041584015,1.046473622,461.83152796560535,1.036080003,1.042452812,464.2849352937468,1.092880011,TE+NCCL,0.8404960036277771,0.8069401906362562,0.811226933435735,0.8404960036277771,0.84620800614357,0.8537279963493347,0.8318080008029938,0.8424671918153763,graph,per_sample_local_cuda_event_then_dist_max,all_qkv_slab_gemms+userbuffers_send_recv+unpack,0.7985990460913456,0.8028414778728181,0.8318080008029938,0.7985990460913456,0.8028414778728181
artificial_large,artificial,OProj-matched Mx7168x16384 stress shape,131072,4,32768,7168,16384,40,8,128,,True,32,n,1,128,256,64,2,10,50,one_mpi_process_per_gpu,per_sample_max_rank_cuda_event,eager_monotonic_epochs,single_replay_monotonic_epoch_nodes,60,epoch_lifecycle_all_cases;fused_vs_separated_reference_at_s1024_per_geometry,12.38120079,12.50815105,621.6344864262556,12.39251137,12.50203228,621.067123897422,12.44513607,cuBLASLt+NCCL,12.871551990509033,1.039604494654919,1.0386556530961677,13.13270378112793,13.226336002349854,12.871551990509033,11.977071762084961,12.097201585769653,graph,per_sample_local_cuda_event_then_dist_max,all_qkv_slab_gemms+userbuffers_send_recv+unpack,0.9673594641772191,0.9664765602781095,11.977071762084961,0.9673594641772191,0.9664765602781095
artificial_large,artificial,OProj-matched Mx7168x16384 stress shape,131072,8,16384,7168,16384,40,8,128,,True,32,n,1,128,256,64,2,10,50,one_mpi_process_per_gpu,per_sample_max_rank_cuda_event,eager_monotonic_epochs,single_replay_monotonic_epoch_nodes,60,epoch_lifecycle_all_cases;fused_vs_separated_reference_at_s1024_per_geometry,7.170576096,7.196256161,536.6780361431088,7.162464142,7.177097321,537.2858587381951,7.198831558,TE+NCCL,6.500463962554932,0.9065469601781536,0.907573683257531,6.500463962554932,6.7370240688323975,6.529887914657593,6.561919927597046,6.74793267250061,graph,per_sample_local_cuda_event_then_dist_max,all_qkv_slab_gemms+userbuffers_send_recv+unpack,0.9151175358500855,0.9161539656608652,6.500463962554932,0.9065469601781536,0.907573683257531
artificial_large,artificial,OProj-matched Mx7168x16384 stress shape,262144,4,65536,7168,16384,40,8,128,,True,32,n,1,128,256,64,2,10,50,one_mpi_process_per_gpu,per_sample_max_rank_cuda_event,eager_monotonic_epochs,single_replay_monotonic_epoch_nodes,60,epoch_lifecycle_all_cases;fused_vs_separated_reference_at_s1024_per_geometry,25.18252754,31.19686127,611.2636138057809,25.16260719,30.0348053,611.7475296829128,25.34515381,cuBLASLt+NCCL,26.100096702575684,1.0364367381756345,1.0372572486426708,26.11023998260498,26.116576194763184,26.100096702575684,24.27854347229004,27.76671962738037,graph,per_sample_local_cuda_event_then_dist_max,all_qkv_slab_gemms+userbuffers_send_recv+unpack,0.9641027269294526,0.9648659731070595,24.27854347229004,0.9641027269294526,0.9648659731070595
artificial_large,artificial,OProj-matched Mx7168x16384 stress shape,262144,8,32768,7168,16384,40,8,128,,True,32,n,1,128,256,64,2,10,50,one_mpi_process_per_gpu,per_sample_max_rank_cuda_event,eager_monotonic_epochs,single_replay_monotonic_epoch_nodes,60,epoch_lifecycle_all_cases;fused_vs_separated_reference_at_s1024_per_geometry,14.28864002,14.31481457,538.6503812580478,14.24123192,14.31378078,540.443512026732,14.3319521,cuBLASLt+NCCL,13.04308795928955,0.9128292084504169,0.9158679552835729,13.055824279785156,13.140160083770752,13.04308795928955,13.150559902191162,18.716532993316648,graph,per_sample_local_cuda_event_then_dist_max,all_qkv_slab_gemms+userbuffers_send_recv+unpack,0.9203507040407027,0.9234144894250947,13.04308795928955,0.9128292084504169,0.9158679552835729
artificial_large,artificial,OProj-matched Mx7168x16384 stress shape,524288,4,131072,7168,16384,40,8,128,,True,32,n,1,128,256,64,2,10,50,one_mpi_process_per_gpu,per_sample_max_rank_cuda_event,eager_monotonic_epochs,single_replay_monotonic_epoch_nodes,60,epoch_lifecycle_all_cases;fused_vs_separated_reference_at_s1024_per_geometry,52.20492554,57.44950867,589.7207066053409,51.85699081,59.09618378,593.6774405311468,52.27404785,TE+NCCL,52.65657615661621,1.0086514943167604,1.0154190463836559,52.65657615661621,53.08078384399414,52.68177604675293,50.854047775268555,53.94445838928223,graph,per_sample_local_cuda_event_then_dist_max,all_qkv_slab_gemms+userbuffers_send_recv+unpack,0.9741235572935281,0.980659444000402,50.854047775268555,0.9741235572935281,0.980659444000402
artificial_large,artificial,OProj-matched Mx7168x16384 stress shape,524288,8,65536,7168,16384,40,8,128,,True,32,n,1,128,256,64,2,10,50,one_mpi_process_per_gpu,per_sample_max_rank_cuda_event,eager_monotonic_epochs,single_replay_monotonic_epoch_nodes,60,epoch_lifecycle_all_cases;fused_vs_separated_reference_at_s1024_per_geometry,28.6267662,29.02665901,537.719233856879,28.57174301,28.83761978,538.7547684254494,28.60507202,TE+NCCL,26.56510353088379,0.927981293635737,0.929768391154369,26.56510353088379,26.97382354736328,26.6092472076416,25.42089557647705,32.96321582794189,graph,per_sample_local_cuda_event_then_dist_max,all_qkv_slab_gemms+userbuffers_send_recv+unpack,0.8880114295437621,0.8897215534795982,25.42089557647705,0.8880114295437621,0.8897215534795982
production_qwen_dense,model,current production Qwen dense,1024,4,256,4096,2048,16,8,128,,True,24,n,1,128,128,64,1,10,50,one_mpi_process_per_gpu,per_sample_max_rank_cuda_event,eager_monotonic_epochs,single_replay_monotonic_epoch_nodes,60,epoch_lifecycle_all_cases;fused_vs_separated_reference_at_s1024_per_geometry,0.03598399833,0.03683520108,119.35770051487772,0.03059200011,0.03111040033,140.395112465891,0.06151999906,cuBLAS+NCCL,0.04283199831843376,1.1903068115341855,1.400104542508573,0.043375998735427856,0.04283199831843376,0.04283199831843376,0.037776000797748566,0.039532799273729324,graph,per_sample_local_cuda_event_then_dist_max,all_qkv_slab_gemms+userbuffers_send_recv+unpack,1.049799981961831,1.234832657620194,0.037776000797748566,1.049799981961831,1.234832657620194
production_qwen_dense,model,current production Qwen dense,1024,8,128,4096,2048,16,8,128,,True,24,n,1,128,128,64,1,10,50,one_mpi_process_per_gpu,per_sample_max_rank_cuda_event,eager_monotonic_epochs,single_replay_monotonic_epoch_nodes,60,epoch_lifecycle_all_cases;fused_vs_separated_reference_at_s1024_per_geometry,0.04540799931,0.04634879902,47.29306907664327,0.03852799907,0.03902880102,55.73826048163887,0.1103359982,cuBLASLt+NCCL,0.04139200039207935,0.9115574572994626,1.0743355842818585,0.04224000126123428,0.0432640016078949,0.04139200039207935,0.06865600124001503,0.07048959955573081,graph,per_sample_local_cuda_event_then_dist_max,all_qkv_slab_gemms+userbuffers_send_recv+unpack,1.5119803180779037,1.7819768193846937,0.04139200039207935,0.9115574572994626,1.0743355842818585
production_qwen_dense,model,current production Qwen dense,4096,4,1024,4096,2048,16,8,128,,True,24,n,1,128,128,64,1,10,50,one_mpi_process_per_gpu,per_sample_max_rank_cuda_event,eager_monotonic_epochs,single_replay_monotonic_epoch_nodes,60,epoch_lifecycle_all_cases;fused_vs_separated_reference_at_s1024_per_geometry,0.05635200068,0.05736319721,304.86706730356326,0.05067199841,0.05125279725,339.04068761988265,0.08068799973,cuBLASLt+NCCL,0.08593599870800972,1.5249857621915708,1.695926772271339,0.08604799956083298,0.08859199658036232,0.08593599870800972,0.06945599988102913,0.07461920194327831,graph,per_sample_local_cuda_event_then_dist_max,all_qkv_slab_gemms+userbuffers_send_recv+unpack,1.2325383135097792,1.3706978619442438,0.06945599988102913,1.2325383135097792,1.3706978619442438
production_qwen_dense,model,current production Qwen dense,4096,8,512,4096,2048,16,8,128,,True,24,n,1,128,128,64,1,10,50,one_mpi_process_per_gpu,per_sample_max_rank_cuda_event,eager_monotonic_epochs,single_replay_monotonic_epoch_nodes,60,epoch_lifecycle_all_cases;fused_vs_separated_reference_at_s1024_per_geometry,0.05719999969,0.05791519955,150.17368249220002,0.05001600087,0.05090720206,171.74373085778458,0.1221919954,cuBLASLt+NCCL,0.06865600124001503,1.2002797484633172,1.3726807430778707,0.07291200011968613,0.06960000097751617,0.06865600124001503,0.08336000144481659,0.08443360216915607,graph,per_sample_local_cuda_event_then_dist_max,all_qkv_slab_gemms+userbuffers_send_recv+unpack,1.4573426904998745,1.6666666665630316,0.06865600124001503,1.2002797484633172,1.3726807430778707
production_qwen_dense,model,current production Qwen dense,16384,4,4096,4096,2048,16,8,128,,True,32,n,1,128,256,64,2,10,50,one_mpi_process_per_gpu,per_sample_max_rank_cuda_event,eager_monotonic_epochs,single_replay_monotonic_epoch_nodes,60,epoch_lifecycle_all_cases;fused_vs_separated_reference_at_s1024_per_geometry,0.1602880061,0.1651408076,428.725008240027,0.1548160017,0.158473596,443.87838454298486,0.1924000084,cuBLAS+NCCL,0.245216004550457,1.5298462468706011,1.5839189867829857,0.24616000056266785,0.245216004550457,0.2460160031914711,0.19222399592399597,0.201145601272583,graph,per_sample_local_cuda_event_then_dist_max,all_qkv_slab_gemms+userbuffers_send_recv+unpack,1.1992412944738475,1.241628732257823,0.19222399592399597,1.1992412944738475,1.241628732257823
production_qwen_dense,model,current production Qwen dense,16384,8,2048,4096,2048,16,8,128,,True,24,n,1,128,256,64,2,10,50,one_mpi_process_per_gpu,per_sample_max_rank_cuda_event,eager_monotonic_epochs,single_replay_monotonic_epoch_nodes,60,epoch_lifecycle_all_cases;fused_vs_separated_reference_at_s1024_per_geometry,0.1188639998,0.1203119978,289.067660736754,0.1118240058,0.1124159992,307.2662092740019,0.1796320081,TE+NCCL,0.1626719981431961,1.3685556469318485,1.45471445938128,0.1626719981431961,0.1637279987335205,0.16438399255275726,0.16526399552822113,0.16996159702539443,graph,per_sample_local_cuda_event_then_dist_max,all_qkv_slab_gemms+userbuffers_send_recv+unpack,1.390362059212996,1.4778937165227284,0.1626719981431961,1.3685556469318485,1.45471445938128
production_qwen_dense,model,current production Qwen dense,131072,4,32768,4096,2048,16,8,128,,True,32,n,1,128,256,64,2,10,50,one_mpi_process_per_gpu,per_sample_max_rank_cuda_event,eager_monotonic_epochs,single_replay_monotonic_epoch_nodes,60,epoch_lifecycle_all_cases;fused_vs_separated_reference_at_s1024_per_geometry,0.9367359877,0.9668287635,586.8844809067647,0.9316959977,0.9432191849,590.0592202232663,0.947856009,TE+NCCL,1.671887993812561,1.784801711224531,1.7944565587271075,1.671887993812561,1.6761119961738586,1.6732800006866455,1.2611519694328308,1.2679839730262756,graph,per_sample_local_cuda_event_then_dist_max,all_qkv_slab_gemms+userbuffers_send_recv+unpack,1.34632595095378,1.3536088730080749,1.2611519694328308,1.34632595095378,1.3536088730080749
production_qwen_dense,model,current production Qwen dense,131072,8,16384,4096,2048,16,8,128,,True,32,n,1,128,256,64,2,10,50,one_mpi_process_per_gpu,per_sample_max_rank_cuda_event,eager_monotonic_epochs,single_replay_monotonic_epoch_nodes,60,epoch_lifecycle_all_cases;fused_vs_separated_reference_at_s1024_per_geometry,0.6285760403,0.6421376467,437.30255262801495,0.615087986,0.6196975708,446.89201090004707,0.6836960316,cuBLASLt+NCCL,0.9716960191726685,1.5458686887093371,1.5797675150375452,1.0205599665641785,1.0173280239105225,0.9716960191726685,0.8418720066547394,0.9554784029722212,graph,per_sample_local_cuda_event_then_dist_max,all_qkv_slab_gemms+userbuffers_send_recv+unpack,1.3393320023030781,1.368701756198404,0.8418720066547394,1.3393320023030781,1.368701756198404
production_qwen_dense,model,current production Qwen dense,262144,4,65536,4096,2048,16,8,128,,True,32,n,1,128,256,64,2,10,50,one_mpi_process_per_gpu,per_sample_max_rank_cuda_event,eager_monotonic_epochs,single_replay_monotonic_epoch_nodes,60,epoch_lifecycle_all_cases;fused_vs_separated_reference_at_s1024_per_geometry,1.882240057,1.905719995,584.1505836022063,1.86204803,1.932188869,590.485105680115,1.866976023,TE+NCCL,3.2234400510787964,1.712555228591013,1.731126157405723,3.2234400510787964,3.2277920246124268,3.2284319400787354,2.5018399953842163,2.5765984058380127,graph,per_sample_local_cuda_event_then_dist_max,all_qkv_slab_gemms+userbuffers_send_recv+unpack,1.32918220823106,1.343595844509025,2.5018399953842163,1.32918220823106,1.343595844509025
production_qwen_dense,model,current production Qwen dense,262144,8,32768,4096,2048,16,8,128,,True,32,n,1,128,256,64,2,10,50,one_mpi_process_per_gpu,per_sample_max_rank_cuda_event,eager_monotonic_epochs,single_replay_monotonic_epoch_nodes,60,epoch_lifecycle_all_cases;fused_vs_separated_reference_at_s1024_per_geometry,1.173327923,1.188668847,468.5440473302364,1.16939199,1.176390409,470.1210702563475,1.238463998,cuBLASLt+NCCL,1.892352044582367,1.6128074747798933,1.618235853131136,1.9920479655265808,1.9922720193862915,1.892352044582367,1.540448009967804,1.610094428062439,graph,per_sample_local_cuda_event_then_dist_max,all_qkv_slab_gemms+userbuffers_send_recv+unpack,1.312887880507557,1.3173067911708578,1.540448009967804,1.312887880507557,1.3173067911708578
production_qwen_dense,model,current production Qwen dense,524288,4,131072,4096,2048,16,8,128,,True,32,n,1,128,256,64,2,10,50,one_mpi_process_per_gpu,per_sample_max_rank_cuda_event,eager_monotonic_epochs,single_replay_monotonic_epoch_nodes,60,epoch_lifecycle_all_cases;fused_vs_separated_reference_at_s1024_per_geometry,3.789999962,3.838409662,580.2172236412282,3.797327995,3.83643508,579.0975281691462,3.808671951,cuBLAS+NCCL,6.381103992462158,1.6836686164753472,1.6804194951987965,6.405791997909546,6.381103992462158,6.435184001922607,5.136559963226318,5.216576099395752,graph,per_sample_local_cuda_event_then_dist_max,all_qkv_slab_gemms+userbuffers_send_recv+unpack,1.355292879875316,1.3526774537226454,5.136559963226318,1.355292879875316,1.3526774537226454
production_qwen_dense,model,current production Qwen dense,524288,8,65536,4096,2048,16,8,128,,True,32,n,1,128,256,64,2,10,50,one_mpi_process_per_gpu,per_sample_max_rank_cuda_event,eager_monotonic_epochs,single_replay_monotonic_epoch_nodes,60,epoch_lifecycle_all_cases;fused_vs_separated_reference_at_s1024_per_geometry,2.308080196,2.32251358,476.3749672483217,2.291311979,2.304638386,479.8611615760247,2.364799976,cuBLASLt+NCCL,3.7019200325012207,1.603895756705856,1.615633343005894,3.8614240884780884,3.88427197933197,3.7019200325012207,2.9404799938201904,2.9789519906044006,graph,per_sample_local_cuda_event_then_dist_max,all_qkv_slab_gemms+userbuffers_send_recv+unpack,1.2739938581493684,1.2833171653488704,2.9404799938201904,1.2739938581493684,1.2833171653488704
nanbeige42_3b,model,Nanbeige/Nanbeige4.2-3B,1024,4,256,8192,3072,48,8,128,262144,True,24,n,1,128,128,64,1,10,50,one_mpi_process_per_gpu,per_sample_max_rank_cuda_event,eager_monotonic_epochs,single_replay_monotonic_epoch_nodes,60,epoch_lifecycle_all_cases;fused_vs_separated_reference_at_s1024_per_geometry,0.05696000159,0.05820000172,226.20964761809446,0.05079999939,0.05208159983,253.63980399055671,0.07968000323,cuBLAS+NCCL,0.06513599678874016,1.1435392375441147,1.2822046765922246,0.06862400099635124,0.06513599678874016,0.06828799843788147,0.05825600028038025,0.05910240095108747,graph,per_sample_local_cuda_event_then_dist_max,all_qkv_slab_gemms+userbuffers_send_recv+unpack,1.0227527853617155,1.146771672832893,0.05825600028038025,1.0227527853617155,1.146771672832893
nanbeige42_3b,model,Nanbeige/Nanbeige4.2-3B,1024,8,128,8192,3072,48,8,128,262144,True,24,n,1,128,128,64,1,10,50,one_mpi_process_per_gpu,per_sample_max_rank_cuda_event,eager_monotonic_epochs,single_replay_monotonic_epoch_nodes,60,epoch_lifecycle_all_cases;fused_vs_separated_reference_at_s1024_per_geometry,0.05609599873,0.05936479941,114.84688908042551,0.04950400069,0.05038560182,130.14000594302271,0.1198080033,cuBLASLt+NCCL,0.06224000081419945,1.1095265655893145,1.2572721385480299,0.06340799853205681,0.06323199719190598,0.06224000081419945,0.09542399644851685,0.09664639830589294,graph,per_sample_local_cuda_event_then_dist_max,all_qkv_slab_gemms+userbuffers_send_recv+unpack,1.7010838314477559,1.9276017113459853,0.06224000081419945,1.1095265655893145,1.2572721385480299
nanbeige42_3b,model,Nanbeige/Nanbeige4.2-3B,4096,4,1024,8192,3072,48,8,128,262144,True,24,n,1,128,128,64,1,10,50,one_mpi_process_per_gpu,per_sample_max_rank_cuda_event,eager_monotonic_epochs,single_replay_monotonic_epoch_nodes,60,epoch_lifecycle_all_cases;fused_vs_separated_reference_at_s1024_per_geometry,0.1220639944,0.1234415993,422.2343190171729,0.113071993,0.1143359989,455.812320845888,0.1462080032,cuBLAS+NCCL,0.16052799671888351,1.3151134165971838,1.4196972429669965,0.16238399595022202,0.16052799671888351,0.160800002515316,0.13300800323486328,0.14042560383677483,graph,per_sample_local_cuda_event_then_dist_max,all_qkv_slab_gemms+userbuffers_send_recv+unpack,1.08965796088075,1.176312539523941,0.13300800323486328,1.08965796088075,1.176312539523941
nanbeige42_3b,model,Nanbeige/Nanbeige4.2-3B,4096,8,512,8192,3072,48,8,128,262144,True,24,n,1,128,128,64,1,10,50,one_mpi_process_per_gpu,per_sample_max_rank_cuda_event,eager_monotonic_epochs,single_replay_monotonic_epoch_nodes,60,epoch_lifecycle_all_cases;fused_vs_separated_reference_at_s1024_per_geometry,0.09227199852,0.09728959948,279.28086731983365,0.08620800078,0.08737760037,298.9258948454645,0.15377599,cuBLASLt+NCCL,0.11129599809646606,1.2061730522975787,1.2910170412197566,0.11214399710297585,0.11184000223875046,0.11129599809646606,0.12601600587368011,0.12787840515375137,graph,per_sample_local_cuda_event_then_dist_max,all_qkv_slab_gemms+userbuffers_send_recv+unpack,1.3657014901044555,1.4617669442917351,0.11129599809646606,1.2061730522975787,1.2910170412197566
nanbeige42_3b,model,Nanbeige/Nanbeige4.2-3B,16384,4,4096,8192,3072,48,8,128,262144,True,32,n,1,128,256,64,2,10,50,one_mpi_process_per_gpu,per_sample_max_rank_cuda_event,eager_monotonic_epochs,single_replay_monotonic_epoch_nodes,60,epoch_lifecycle_all_cases;fused_vs_separated_reference_at_s1024_per_geometry,0.3784319758,0.3809936047,544.7701129699304,0.3713440001,0.3735888004,555.168334892938,0.4037280083,cuBLASLt+NCCL,0.5225760042667389,1.380898120889548,1.407255817048379,0.5314239859580994,0.5300959944725037,0.5225760042667389,0.4253759980201721,0.4289519980549812,graph,per_sample_local_cuda_event_then_dist_max,all_qkv_slab_gemms+userbuffers_send_recv+unpack,1.1240487728895876,1.1455038937093953,0.4253759980201721,1.1240487728895876,1.1455038937093953
nanbeige42_3b,model,Nanbeige/Nanbeige4.2-3B,16384,8,2048,8192,3072,48,8,128,262144,True,32,n,1,128,256,64,2,10,50,one_mpi_process_per_gpu,per_sample_max_rank_cuda_event,eager_monotonic_epochs,single_replay_monotonic_epoch_nodes,60,epoch_lifecycle_all_cases;fused_vs_separated_reference_at_s1024_per_geometry,0.2838239968,0.2869344056,363.1800561833256,0.2748479843,0.2778176069,375.0408261735249,0.3413119912,cuBLASLt+NCCL,0.3354080021381378,1.1817464552670898,1.220340047216922,0.3405759930610657,0.3389599919319153,0.3354080021381378,0.30638399720191956,0.31291520446538923,graph,per_sample_local_cuda_event_then_dist_max,all_qkv_slab_gemms+userbuffers_send_recv+unpack,1.0794858808848948,1.1147398369401813,0.30638399720191956,1.0794858808848948,1.1147398369401813
nanbeige42_3b,model,Nanbeige/Nanbeige4.2-3B,131072,4,32768,8192,3072,48,8,128,262144,True,32,n,1,128,256,64,2,10,50,one_mpi_process_per_gpu,per_sample_max_rank_cuda_event,eager_monotonic_epochs,single_replay_monotonic_epoch_nodes,60,epoch_lifecycle_all_cases;fused_vs_separated_reference_at_s1024_per_geometry,2.840816021,2.889758348,580.561159002278,2.812463999,2.872609615,586.4137077844956,2.815936089,TE+NCCL,3.9765920639038086,1.3998062649984642,1.4139174991458472,3.9765920639038086,3.990399956703186,4.019855976104736,3.4466240406036377,3.4601343393325807,graph,per_sample_local_cuda_event_then_dist_max,all_qkv_slab_gemms+userbuffers_send_recv+unpack,1.213251409146301,1.2254820121534424,3.4466240406036377,1.213251409146301,1.2254820121534424
nanbeige42_3b,model,Nanbeige/Nanbeige4.2-3B,131072,8,16384,8192,3072,48,8,128,262144,True,32,n,1,128,256,64,2,10,50,one_mpi_process_per_gpu,per_sample_max_rank_cuda_event,eager_monotonic_epochs,single_replay_monotonic_epoch_nodes,60,epoch_lifecycle_all_cases;fused_vs_separated_reference_at_s1024_per_geometry,1.675552011,1.690492749,492.1564448123837,1.667024016,1.672816038,494.67416960836397,1.73644805,cuBLASLt+NCCL,2.2870079278945923,1.364928043343557,1.3719106059325017,2.385200023651123,2.3798240423202515,2.2870079278945923,1.9352800250053406,1.9454624474048612,graph,per_sample_local_cuda_event_then_dist_max,all_qkv_slab_gemms+userbuffers_send_recv+unpack,1.15501041585115,1.16091910280274,1.9352800250053406,1.15501041585115,1.16091910280274
nanbeige42_3b,model,Nanbeige/Nanbeige4.2-3B,262144,4,65536,8192,3072,48,8,128,262144,True,32,n,1,128,256,64,2,10,50,one_mpi_process_per_gpu,per_sample_max_rank_cuda_event,eager_monotonic_epochs,single_replay_monotonic_epoch_nodes,60,epoch_lifecycle_all_cases;fused_vs_separated_reference_at_s1024_per_geometry,5.6358881,5.706585884,585.2733100446051,5.641216278,5.663449764,584.7205142961548,5.677519798,cuBLASLt+NCCL,7.748064041137695,1.3747725120975514,1.3734740274635673,7.863680124282837,8.369887828826904,7.748064041137695,6.692608118057251,6.842595219612122,graph,per_sample_local_cuda_event_then_dist_max,all_qkv_slab_gemms+userbuffers_send_recv+unpack,1.1874984029681588,1.1863768003644073,6.692608118057251,1.1874984029681588,1.1863768003644073
nanbeige42_3b,model,Nanbeige/Nanbeige4.2-3B,262144,8,32768,8192,3072,48,8,128,262144,True,32,n,1,128,256,64,2,10,50,one_mpi_process_per_gpu,per_sample_max_rank_cuda_event,eager_monotonic_epochs,single_replay_monotonic_epoch_nodes,60,epoch_lifecycle_all_cases;fused_vs_separated_reference_at_s1024_per_geometry,3.30102396,3.320707083,499.62298415549816,3.295056105,3.304260731,500.52787846657924,3.337520123,cuBLASLt+NCCL,4.467535972595215,1.3533788384241885,1.3558300163132473,4.6553120613098145,4.666032075881958,4.467535972595215,3.6800320148468018,3.698915207386017,graph,per_sample_local_cuda_event_then_dist_max,all_qkv_slab_gemms+userbuffers_send_recv+unpack,1.1148152995674716,1.1168344020797187,3.6800320148468018,1.1148152995674716,1.1168344020797187
nanbeige42_3b,model,Nanbeige/Nanbeige4.2-3B,524288,4,131072,8192,3072,48,8,128,262144,False,32,n,1,128,256,64,2,10,50,one_mpi_process_per_gpu,per_sample_max_rank_cuda_event,eager_monotonic_epochs,single_replay_monotonic_epoch_nodes,60,epoch_lifecycle_all_cases;fused_vs_separated_reference_at_s1024_per_geometry,11.22411156,11.30953121,587.758748778509,11.24652863,11.43518162,586.5872024776057,11.24796867,TE+NCCL,15.75264024734497,1.4034643332915135,1.4006668871428436,15.75264024734497,15.9834885597229,15.97811222076416,13.542416095733643,17.15023889541626,graph,per_sample_local_cuda_event_then_dist_max,all_qkv_slab_gemms+userbuffers_send_recv+unpack,1.206546818725102,1.204141877130814,13.542416095733643,1.206546818725102,1.204141877130814
nanbeige42_3b,model,Nanbeige/Nanbeige4.2-3B,524288,8,65536,8192,3072,48,8,128,262144,False,32,n,1,128,256,64,2,10,50,one_mpi_process_per_gpu,per_sample_max_rank_cuda_event,eager_monotonic_epochs,single_replay_monotonic_epoch_nodes,60,epoch_lifecycle_all_cases;fused_vs_separated_reference_at_s1024_per_geometry,6.533120155,6.554062366,504.8942626294006,6.503280163,6.537178993,507.2109459615172,6.569839954,cuBLASLt+NCCL,8.80299186706543,1.3474406804424417,1.3536233479759172,9.024911880493164,9.05564832687378,8.80299186706543,7.058495998382568,7.205249643325805,graph,per_sample_local_cuda_event_then_dist_max,all_qkv_slab_gemms+userbuffers_send_recv+unpack,1.0804172938684562,1.085374737281262,7.058495998382568,1.0804172938684562,1.085374737281262
llama3_8b,model,Llama 3/3.1 8B,1024,4,256,6144,4096,32,8,128,,True,24,n,1,128,128,64,1,10,50,one_mpi_process_per_gpu,per_sample_max_rank_cuda_event,eager_monotonic_epochs,single_replay_monotonic_epoch_nodes,60,epoch_lifecycle_all_cases;fused_vs_separated_reference_at_s1024_per_geometry,0.0498239994,0.05131679773,258.6083422279425,0.04591999948,0.04657760262,280.59455648756904,0.07420799881,cuBLASLt+NCCL,0.06273600086569786,1.2591522483379338,1.3662021249155698,0.06539199873805046,0.06358399987220764,0.06273600086569786,0.05804799869656563,0.06008640099316835,graph,per_sample_local_cuda_event_then_dist_max,all_qkv_slab_gemms+userbuffers_send_recv+unpack,1.1650610026413422,1.264111484187796,0.05804799869656563,1.1650610026413422,1.264111484187796
llama3_8b,model,Llama 3/3.1 8B,1024,8,128,6144,4096,32,8,128,,True,24,n,1,128,128,64,1,10,50,one_mpi_process_per_gpu,per_sample_max_rank_cuda_event,eager_monotonic_epochs,single_replay_monotonic_epoch_nodes,60,epoch_lifecycle_all_cases;fused_vs_separated_reference_at_s1024_per_geometry,0.06054399908,0.06155359745,106.40940542244736,0.05420799926,0.05490399897,118.84686821035054,0.1228799969,TE+NCCL,0.05655999854207039,0.9341966074512961,1.0433884171003878,0.05655999854207039,0.05862399935722351,0.05788800120353699,0.09966399893164635,0.15726560056209563,graph,per_sample_local_cuda_event_then_dist_max,all_qkv_slab_gemms+userbuffers_send_recv+unpack,1.646141656416766,1.8385478212103699,0.05655999854207039,0.9341966074512961,1.0433884171003878
llama3_8b,model,Llama 3/3.1 8B,4096,4,1024,6144,4096,32,8,128,,True,24,n,1,128,128,64,1,10,50,one_mpi_process_per_gpu,per_sample_max_rank_cuda_event,eager_monotonic_epochs,single_replay_monotonic_epoch_nodes,60,epoch_lifecycle_all_cases;fused_vs_separated_reference_at_s1024_per_geometry,0.1230559945,0.1255663931,418.8305312668047,0.118975997,0.120579198,433.1933234566633,0.1450559944,TE+NCCL,0.14609599858522415,1.1872318709774365,1.2279451508628598,0.14609599858522415,0.14636800438165665,0.1467999964952469,0.11911999806761742,0.1308304004371166,graph,per_sample_local_cuda_event_then_dist_max,all_qkv_slab_gemms+userbuffers_send_recv+unpack,0.96801459003785,1.0012103371373087,0.11911999806761742,0.96801459003785,1.0012103371373087
llama3_8b,model,Llama 3/3.1 8B,4096,8,512,6144,4096,32,8,128,,True,24,n,1,128,128,64,1,10,50,one_mpi_process_per_gpu,per_sample_max_rank_cuda_event,eager_monotonic_epochs,single_replay_monotonic_epoch_nodes,60,epoch_lifecycle_all_cases;fused_vs_separated_reference_at_s1024_per_geometry,0.08959999681,0.09108959883,287.6094273825231,0.08367999643,0.08504799753,307.95655921851,0.1518079937,TE+NCCL,0.10459199920296669,1.1673214612357383,1.2499044415048464,0.10459199920296669,0.12326399981975555,0.10697600245475769,0.1287200003862381,0.13060639947652816,graph,per_sample_local_cuda_event_then_dist_max,all_qkv_slab_gemms+userbuffers_send_recv+unpack,1.4366071983149002,1.5382409880229257,0.10459199920296669,1.1673214612357383,1.2499044415048464
llama3_8b,model,Llama 3/3.1 8B,16384,4,4096,6144,4096,32,8,128,,True,32,n,1,128,256,64,2,10,50,one_mpi_process_per_gpu,per_sample_max_rank_cuda_event,eager_monotonic_epochs,single_replay_monotonic_epoch_nodes,60,epoch_lifecycle_all_cases;fused_vs_separated_reference_at_s1024_per_geometry,0.3600959778,0.3630735874,572.5096721921784,0.3529279828,0.3542576134,584.1373885188002,0.3924639821,cuBLASLt+NCCL,0.4715680032968521,1.309561984496157,1.3361592910701106,0.47308799624443054,0.47275200486183167,0.4715680032968521,0.39795199036598206,0.40259999930858614,graph,per_sample_local_cuda_event_then_dist_max,all_qkv_slab_gemms+userbuffers_send_recv+unpack,1.105127562927147,1.1275727903715038,0.39795199036598206,1.105127562927147,1.1275727903715038
llama3_8b,model,Llama 3/3.1 8B,16384,8,2048,6144,4096,32,8,128,,True,24,n,1,128,256,64,2,10,50,one_mpi_process_per_gpu,per_sample_max_rank_cuda_event,eager_monotonic_epochs,single_replay_monotonic_epoch_nodes,60,epoch_lifecycle_all_cases;fused_vs_separated_reference_at_s1024_per_geometry,0.2523199916,0.2783871889,408.5257551348143,0.2417759895,0.2432751954,426.34181879338354,0.3131039739,cuBLASLt+NCCL,0.3050079941749573,1.2088142213419337,1.2615313654830778,0.30561599135398865,0.3073599934577942,0.3050079941749573,0.2922400087118149,0.3004511997103691,graph,per_sample_local_cuda_event_then_dist_max,all_qkv_slab_gemms+userbuffers_send_recv+unpack,1.1582118676315574,1.2087222114825213,0.2922400087118149,1.1582118676315574,1.2087222114825213
llama3_8b,model,Llama 3/3.1 8B,131072,4,32768,6144,4096,32,8,128,,True,32,n,1,128,256,64,2,10,50,one_mpi_process_per_gpu,per_sample_max_rank_cuda_event,eager_monotonic_epochs,single_replay_monotonic_epoch_nodes,60,epoch_lifecycle_all_cases;fused_vs_separated_reference_at_s1024_per_geometry,2.728399992,2.775366306,604.4815446781456,2.750159979,2.782035112,599.6987281676969,2.783567905,cuBLASLt+NCCL,3.5035200119018555,1.2840932495875244,1.2739331670355367,3.521216034889221,3.5340319871902466,3.5035200119018555,3.082319974899292,3.8757647037506104,graph,per_sample_local_cuda_event_then_dist_max,all_qkv_slab_gemms+userbuffers_send_recv+unpack,1.129717044398559,1.1207784268681236,3.082319974899292,1.129717044398559,1.1207784268681236
llama3_8b,model,Llama 3/3.1 8B,131072,8,16384,6144,4096,32,8,128,,True,32,n,1,128,256,64,2,10,50,one_mpi_process_per_gpu,per_sample_max_rank_cuda_event,eager_monotonic_epochs,single_replay_monotonic_epoch_nodes,60,epoch_lifecycle_all_cases;fused_vs_separated_reference_at_s1024_per_geometry,1.655856013,1.664334416,498.01052407809806,1.64489603,1.652161598,501.32878053818393,1.715120077,cuBLASLt+NCCL,2.0103679895401,1.2140958958731034,1.2221854469063922,2.065392017364502,2.0565760135650635,2.0103679895401,1.7508800029754639,1.7694848239421845,graph,per_sample_local_cuda_event_then_dist_max,all_qkv_slab_gemms+userbuffers_send_recv+unpack,1.0573866261495188,1.0644320194361852,1.7508800029754639,1.0573866261495188,1.0644320194361852
llama3_8b,model,Llama 3/3.1 8B,262144,4,65536,6144,4096,32,8,128,,True,32,n,1,128,256,64,2,10,50,one_mpi_process_per_gpu,per_sample_max_rank_cuda_event,eager_monotonic_epochs,single_replay_monotonic_epoch_nodes,60,epoch_lifecycle_all_cases;fused_vs_separated_reference_at_s1024_per_geometry,5.513407707,5.596870422,598.2751609571834,5.478735924,5.505102158,602.0613019288862,5.512320042,TE+NCCL,7.0027360916137695,1.2701284693172374,1.2781663852309026,7.0027360916137695,7.675055980682373,7.0528481006622314,6.343407869338989,6.433244824409485,graph,per_sample_local_cuda_event_then_dist_max,all_qkv_slab_gemms+userbuffers_send_recv+unpack,1.150542134093438,1.1578232565565407,6.343407869338989,1.150542134093438,1.1578232565565407
llama3_8b,model,Llama 3/3.1 8B,262144,8,32768,6144,4096,32,8,128,,True,32,n,1,128,256,64,2,10,50,one_mpi_process_per_gpu,per_sample_max_rank_cuda_event,eager_monotonic_epochs,single_replay_monotonic_epoch_nodes,60,epoch_lifecycle_all_cases;fused_vs_separated_reference_at_s1024_per_geometry,3.238143921,3.265428782,509.3249348703053,3.249936104,3.263446331,507.47688227903694,3.308207989,cuBLASLt+NCCL,3.9288159608840942,1.2132925702915645,1.208890216656424,4.037344217300415,4.055248022079468,3.9288159608840942,3.3852479457855225,3.415129625797272,graph,per_sample_local_cuda_event_then_dist_max,all_qkv_slab_gemms+userbuffers_send_recv+unpack,1.045428501133481,1.0416352314185444,3.3852479457855225,1.045428501133481,1.0416352314185444
llama3_8b,model,Llama 3/3.1 8B,524288,4,131072,6144,4096,32,8,128,,True,32,n,1,128,256,64,2,10,50,one_mpi_process_per_gpu,per_sample_max_rank_cuda_event,eager_monotonic_epochs,single_replay_monotonic_epoch_nodes,60,epoch_lifecycle_all_cases;fused_vs_separated_reference_at_s1024_per_geometry,10.94356823,11.01370716,602.8262106111983,10.94761658,11.01279163,602.6032898072139,10.97228813,TE+NCCL,14.344128131866455,1.3107359346053489,1.3102512338687016,14.344128131866455,14.732128143310547,14.605247974395752,12.887872219085693,15.38797755241394,graph,per_sample_local_cuda_event_then_dist_max,all_qkv_slab_gemms+userbuffers_send_recv+unpack,1.1776663651400008,1.1772308725746123,12.887872219085693,1.1776663651400008,1.1772308725746123
llama3_8b,model,Llama 3/3.1 8B,524288,8,65536,6144,4096,32,8,128,,True,32,n,1,128,256,64,2,10,50,one_mpi_process_per_gpu,per_sample_max_rank_cuda_event,eager_monotonic_epochs,single_replay_monotonic_epoch_nodes,60,epoch_lifecycle_all_cases;fused_vs_separated_reference_at_s1024_per_geometry,6.408816338,6.449697495,514.6870669034298,6.405216217,6.421980858,514.9763523319325,6.460464001,cuBLASLt+NCCL,7.757631778717041,1.2104624894178144,1.2111428429422277,7.953696012496948,7.928207874298096,7.757631778717041,6.592031955718994,6.666598272323609,graph,per_sample_local_cuda_event_then_dist_max,all_qkv_slab_gemms+userbuffers_send_recv+unpack,1.0285880587079157,1.0291661877429161,6.592031955718994,1.0285880587079157,1.0291661877429161
qwen25_14b_32b,model,Qwen2.5 14B/32B; Llama 4 uses the same QKV shape,1024,4,256,7168,5120,40,8,128,,True,24,n,1,128,128,64,1,10,50,one_mpi_process_per_gpu,per_sample_max_rank_cuda_event,eager_monotonic_epochs,single_replay_monotonic_epoch_nodes,60,epoch_lifecycle_all_cases;fused_vs_separated_reference_at_s1024_per_geometry,0.07705599815,0.1393456012,243.8548895755236,0.07035200298,0.0712447986,267.0923516611439,0.09939199686,cuBLAS+NCCL,0.07222399860620499,0.9372923632189039,1.0266089883288352,0.07288000360131264,0.07222399860620499,0.0729920007288456,0.06572800129652023,0.06707199662923813,graph,per_sample_local_cuda_event_then_dist_max,all_qkv_slab_gemms+userbuffers_send_recv+unpack,0.852990070527303,0.934273347060292,0.06572800129652023,0.852990070527303,0.934273347060292
qwen25_14b_32b,model,Qwen2.5 14B/32B; Llama 4 uses the same QKV shape,1024,8,128,7168,5120,40,8,128,,True,24,n,1,128,128,64,1,10,50,one_mpi_process_per_gpu,per_sample_max_rank_cuda_event,eager_monotonic_epochs,single_replay_monotonic_epoch_nodes,60,epoch_lifecycle_all_cases;fused_vs_separated_reference_at_s1024_per_geometry,0.06703999639,0.06794879586,140.14381661573952,0.05999999866,0.06056159735,156.5873528304509,0.1293439865,cuBLAS+NCCL,0.06761600077152252,1.0085919512610302,1.1269333713602208,0.06961600109934807,0.06761600077152252,0.08283199742436409,0.10673600062727928,0.10773280076682568,graph,per_sample_local_cuda_event_then_dist_max,all_qkv_slab_gemms+userbuffers_send_recv+unpack,1.5921242001021427,1.7789333835175003,0.06761600077152252,1.0085919512610302,1.1269333713602208
qwen25_14b_32b,model,Qwen2.5 14B/32B; Llama 4 uses the same QKV shape,4096,4,1024,7168,5120,40,8,128,,True,24,n,1,128,128,64,1,10,50,one_mpi_process_per_gpu,per_sample_max_rank_cuda_event,eager_monotonic_epochs,single_replay_monotonic_epoch_nodes,60,epoch_lifecycle_all_cases;fused_vs_separated_reference_at_s1024_per_geometry,0.1754560024,0.1780896038,428.38048657148704,0.1685439944,0.1728959978,445.94841808258457,0.1970240027,cuBLASLt+NCCL,0.19059199839830399,1.0862666183616638,1.1308145334800725,0.19793599843978882,0.19680000096559525,0.19059199839830399,0.15438400208950043,0.15906080082058904,graph,per_sample_local_cuda_event_then_dist_max,all_qkv_slab_gemms+userbuffers_send_recv+unpack,0.8799015136429463,0.9159863728108038,0.15438400208950043,0.8799015136429463,0.9159863728108038
qwen25_14b_32b,model,Qwen2.5 14B/32B; Llama 4 uses the same QKV shape,4096,8,512,7168,5120,40,8,128,,True,24,n,1,128,128,64,1,10,50,one_mpi_process_per_gpu,per_sample_max_rank_cuda_event,eager_monotonic_epochs,single_replay_monotonic_epoch_nodes,60,epoch_lifecycle_all_cases;fused_vs_separated_reference_at_s1024_per_geometry,0.1305759996,0.1633983999,287.8091223128573,0.1235039979,0.1250240058,304.28945199352125,0.1924320012,cuBLASLt+NCCL,0.1313759982585907,1.0061266899050467,1.0637388302600908,0.13155199587345123,0.13225599378347397,0.1313759982585907,0.1502240002155304,0.15271680057048798,graph,per_sample_local_cuda_event_then_dist_max,all_qkv_slab_gemms+userbuffers_send_recv+unpack,1.1504717610871762,1.216349290467223,0.1313759982585907,1.0061266899050467,1.0637388302600908
qwen25_14b_32b,model,Qwen2.5 14B/32B; Llama 4 uses the same QKV shape,16384,4,4096,7168,5120,40,8,128,,True,32,n,1,128,256,64,2,10,50,one_mpi_process_per_gpu,per_sample_max_rank_cuda_event,eager_monotonic_epochs,single_replay_monotonic_epoch_nodes,60,epoch_lifecycle_all_cases;fused_vs_separated_reference_at_s1024_per_geometry,0.4862880111,0.4894255996,618.2503040531982,0.4787679911,0.4815536141,627.9611759951678,0.5078879595,cuBLAS+NCCL,0.6177439987659454,1.2703253723417682,1.2902784025862697,0.6200800240039825,0.6177439987659454,0.6217119991779327,0.5313119888305664,0.5426335990428924,graph,per_sample_local_cuda_event_then_dist_max,all_qkv_slab_gemms+userbuffers_send_recv+unpack,1.0925870609656214,1.1097483514088802,0.5313119888305664,1.0925870609656214,1.1097483514088802
qwen25_14b_32b,model,Qwen2.5 14B/32B; Llama 4 uses the same QKV shape,16384,8,2048,7168,5120,40,8,128,,True,24,n,1,128,256,64,2,10,50,one_mpi_process_per_gpu,per_sample_max_rank_cuda_event,eager_monotonic_epochs,single_replay_monotonic_epoch_nodes,60,epoch_lifecycle_all_cases;fused_vs_separated_reference_at_s1024_per_geometry,0.3660160005,0.3685472012,410.7029614952585,0.3595199883,0.3630895913,418.12377684704103,0.4233280122,cuBLASLt+NCCL,0.3852960020303726,1.0526752969925768,1.071695634649565,0.3863840103149414,0.3872160017490387,0.3852960020303726,0.3697279989719391,0.3721136063337326,graph,per_sample_local_cuda_event_then_dist_max,all_qkv_slab_gemms+userbuffers_send_recv+unpack,1.0101416289639478,1.0283934440480151,0.3697279989719391,1.0101416289639478,1.0283934440480151
qwen25_14b_32b,model,Qwen2.5 14B/32B; Llama 4 uses the same QKV shape,131072,4,32768,7168,5120,40,8,128,,True,32,n,1,128,256,64,2,10,50,one_mpi_process_per_gpu,per_sample_max_rank_cuda_event,eager_monotonic_epochs,single_replay_monotonic_epoch_nodes,60,epoch_lifecycle_all_cases;fused_vs_separated_reference_at_s1024_per_geometry,3.90753603,3.919619083,615.5238665220957,3.901184082,3.946511984,616.5260688049736,3.913951874,cuBLAS+NCCL,4.926864147186279,1.2608621160138809,1.2629150646642773,4.9303200244903564,4.926864147186279,5.329871892929077,4.326031923294067,4.378206443786621,graph,per_sample_local_cuda_event_then_dist_max,all_qkv_slab_gemms+userbuffers_send_recv+unpack,1.107099688929565,1.108902280016549,4.326031923294067,1.107099688929565,1.108902280016549
qwen25_14b_32b,model,Qwen2.5 14B/32B; Llama 4 uses the same QKV shape,131072,8,16384,7168,5120,40,8,128,,True,32,n,1,128,256,64,2,10,50,one_mpi_process_per_gpu,per_sample_max_rank_cuda_event,eager_monotonic_epochs,single_replay_monotonic_epoch_nodes,60,epoch_lifecycle_all_cases;fused_vs_separated_reference_at_s1024_per_geometry,2.353888035,2.370435238,510.8955162686826,2.343679905,2.348176003,513.1207723010281,2.415040016,cuBLASLt+NCCL,2.677567958831787,1.1375086321095076,1.1424631636425568,2.765007972717285,2.762495994567871,2.677567958831787,2.403856039047241,2.4451903343200683,graph,per_sample_local_cuda_event_then_dist_max,all_qkv_slab_gemms+userbuffers_send_recv+unpack,1.0212278593137252,1.0256759184216502,2.403856039047241,1.0212278593137252,1.0256759184216502
qwen25_14b_32b,model,Qwen2.5 14B/32B; Llama 4 uses the same QKV shape,262144,4,65536,7168,5120,40,8,128,,True,32,n,1,128,256,64,2,10,50,one_mpi_process_per_gpu,per_sample_max_rank_cuda_event,eager_monotonic_epochs,single_replay_monotonic_epoch_nodes,60,epoch_lifecycle_all_cases;fused_vs_separated_reference_at_s1024_per_geometry,7.793503761,7.83095026,617.2273112373238,7.765775681,7.834532738,619.43115139022,7.856944084,TE+NCCL,9.77623987197876,1.2544088219859089,1.258887749732152,9.77623987197876,9.823391914367676,10.228336334228516,8.681727886199951,10.590840101242065,graph,per_sample_local_cuda_event_then_dist_max,all_qkv_slab_gemms+userbuffers_send_recv+unpack,1.1139698077320208,1.1179472911432338,8.681727886199951,1.1139698077320208,1.1179472911432338
qwen25_14b_32b,model,Qwen2.5 14B/32B; Llama 4 uses the same QKV shape,262144,8,32768,7168,5120,40,8,128,,True,32,n,1,128,256,64,2,10,50,one_mpi_process_per_gpu,per_sample_max_rank_cuda_event,eager_monotonic_epochs,single_replay_monotonic_epoch_nodes,60,epoch_lifecycle_all_cases;fused_vs_separated_reference_at_s1024_per_geometry,4.653887749,4.690641403,516.8112802627892,4.638847828,4.650756836,518.4868689251601,4.677951813,cuBLASLt+NCCL,5.388672113418579,1.1578861382242116,1.1616401988641778,5.4199841022491455,5.435343980789185,5.388672113418579,4.742480039596558,4.841240048408508,graph,per_sample_local_cuda_event_then_dist_max,all_qkv_slab_gemms+userbuffers_send_recv+unpack,1.019036189821208,1.0223400756910013,4.742480039596558,1.019036189821208,1.0223400756910013
qwen25_14b_32b,model,Qwen2.5 14B/32B; Llama 4 uses the same QKV shape,524288,4,131072,7168,5120,40,8,128,,True,32,n,1,128,256,64,2,10,50,one_mpi_process_per_gpu,per_sample_max_rank_cuda_event,eager_monotonic_epochs,single_replay_monotonic_epoch_nodes,60,epoch_lifecycle_all_cases;fused_vs_separated_reference_at_s1024_per_geometry,15.5737114,20.13080025,617.7542716657765,15.70059204,19.53663063,612.7620358856226,15.59313583,cuBLASLt+NCCL,20.022496223449707,1.2856598988632668,1.2752701409245524,20.31044864654541,20.318880081176758,20.022496223449707,17.898751258850098,20.712997245788575,graph,per_sample_local_cuda_event_then_dist_max,all_qkv_slab_gemms+userbuffers_send_recv+unpack,1.1492925995052212,1.1400048618071155,17.898751258850098,1.1492925995052212,1.1400048618071155
qwen25_14b_32b,model,Qwen2.5 14B/32B; Llama 4 uses the same QKV shape,524288,8,65536,7168,5120,40,8,128,,True,32,n,1,128,256,64,2,10,50,one_mpi_process_per_gpu,per_sample_max_rank_cuda_event,eager_monotonic_epochs,single_replay_monotonic_epoch_nodes,60,epoch_lifecycle_all_cases;fused_vs_separated_reference_at_s1024_per_geometry,9.251600266,9.337663651,519.9493312738853,9.247119904,9.33139801,520.2012541698734,9.289823532,cuBLASLt+NCCL,10.553087711334229,1.1406770080758077,1.141229682419205,10.660287857055664,10.710319995880127,10.553087711334229,9.285119533538818,9.476502227783204,graph,per_sample_local_cuda_event_then_dist_max,all_qkv_slab_gemms+userbuffers_send_recv+unpack,1.0036230778000648,1.0041093475518124,9.285119533538818,1.0036230778000648,1.0041093475518124
llama31_405b,model,Llama 3.1 405B,1024,4,256,18432,16384,128,8,128,,True,24,n,1,128,128,64,1,10,50,one_mpi_process_per_gpu,per_sample_max_rank_cuda_event,eager_monotonic_epochs,single_replay_monotonic_epoch_nodes,60,epoch_lifecycle_all_cases;fused_vs_separated_reference_at_s1024_per_geometry,0.3754560053,0.3798559904,411.81608623480446,0.3777120113,0.3815568089,409.3563827208902,0.3930079937,cuBLAS+NCCL,0.29231999814510345,0.7785732389911608,0.7739229608796491,0.2953280061483383,0.29231999814510345,0.29603199660778046,0.27161601185798645,0.2745056048035622,graph,per_sample_local_cuda_event_then_dist_max,all_qkv_slab_gemms+userbuffers_send_recv+unpack,0.7234296642584197,0.7191087488140636,0.27161601185798645,0.7234296642584197,0.7191087488140636
llama31_405b,model,Llama 3.1 405B,1024,8,128,18432,16384,128,8,128,,True,24,n,1,128,128,64,1,10,50,one_mpi_process_per_gpu,per_sample_max_rank_cuda_event,eager_monotonic_epochs,single_replay_monotonic_epoch_nodes,60,epoch_lifecycle_all_cases;fused_vs_separated_reference_at_s1024_per_geometry,0.2630720139,0.2666479945,293.87166723628445,0.2612159848,0.2670255899,295.95972615225645,0.3203839958,TE+NCCL,0.22377599775791168,0.8506263910040021,0.8566703830519626,0.22377599775791168,0.22615999728441238,0.2239679992198944,0.27376000583171844,0.2764207988977432,graph,per_sample_local_cuda_event_then_dist_max,all_qkv_slab_gemms+userbuffers_send_recv+unpack,1.040627628052375,1.0480216440097367,0.22377599775791168,0.8506263910040021,0.8566703830519626
llama31_405b,model,Llama 3.1 405B,4096,4,1024,18432,16384,128,8,128,,True,32,n,1,128,128,64,1,10,50,one_mpi_process_per_gpu,per_sample_max_rank_cuda_event,eager_monotonic_epochs,single_replay_monotonic_epoch_nodes,60,epoch_lifecycle_all_cases;fused_vs_separated_reference_at_s1024_per_geometry,1.529536009,1.542792082,404.3548415890874,1.520063996,1.533478379,406.87450808090847,1.489856005,TE+NCCL,1.0117120146751404,0.6614502755882097,0.6655719873225261,1.0117120146751404,1.039199948310852,1.0438399910926819,0.9214879870414734,0.9633968144655228,graph,per_sample_local_cuda_event_then_dist_max,all_qkv_slab_gemms+userbuffers_send_recv+unpack,0.6024624341102867,0.6062165734247635,0.9214879870414734,0.6024624341102867,0.6062165734247635
llama31_405b,model,Llama 3.1 405B,4096,8,512,18432,16384,128,8,128,,True,24,n,1,128,128,64,1,10,50,one_mpi_process_per_gpu,per_sample_max_rank_cuda_event,eager_monotonic_epochs,single_replay_monotonic_epoch_nodes,60,epoch_lifecycle_all_cases;fused_vs_separated_reference_at_s1024_per_geometry,0.7743200064,0.7829583883,399.36672532809814,0.7482879758,0.7541279793,413.2602090543976,0.7835680246,cuBLASLt+NCCL,0.5766080021858215,0.7446637015962055,0.7705696480948606,0.5892800092697144,0.5907839834690094,0.5766080021858215,0.6090239882469177,0.6128991931676865,graph,per_sample_local_cuda_event_then_dist_max,all_qkv_slab_gemms+userbuffers_send_recv+unpack,0.7865275121566557,0.8138898498212616,0.5766080021858215,0.7446637015962055,0.7705696480948606
llama31_405b,model,Llama 3.1 405B,16384,4,4096,18432,16384,128,8,128,,True,32,n,1,128,256,64,2,10,50,one_mpi_process_per_gpu,per_sample_max_rank_cuda_event,eager_monotonic_epochs,single_replay_monotonic_epoch_nodes,60,epoch_lifecycle_all_cases;fused_vs_separated_reference_at_s1024_per_geometry,4.229231834,4.405798435,584.9528376778978,4.237616062,4.245992184,583.795494046813,4.31016016,cuBLAS+NCCL,4.117631912231445,0.9736122477676983,0.971685931898246,4.1594719886779785,4.117631912231445,4.133455991744995,3.9810879230499268,4.077249574661255,graph,per_sample_local_cuda_event_then_dist_max,all_qkv_slab_gemms+userbuffers_send_recv+unpack,0.9413264818080735,0.9394640441236667,3.9810879230499268,0.9413264818080735,0.9394640441236667
llama31_405b,model,Llama 3.1 405B,16384,8,2048,18432,16384,128,8,128,,True,32,n,1,128,256,64,2,10,50,one_mpi_process_per_gpu,per_sample_max_rank_cuda_event,eager_monotonic_epochs,single_replay_monotonic_epoch_nodes,60,epoch_lifecycle_all_cases;fused_vs_separated_reference_at_s1024_per_geometry,2.427263975,2.456849575,509.6069459227236,2.424511909,2.454385519,510.18540129926004,2.480271816,cuBLAS+NCCL,2.123471975326538,0.874841796029432,0.8758348298657658,2.1274880170822144,2.123471975326538,2.127679944038391,2.083407998085022,2.113111972808838,graph,per_sample_local_cuda_event_then_dist_max,all_qkv_slab_gemms+userbuffers_send_recv+unpack,0.8583359780985593,0.8593102761637217,2.083407998085022,0.8583359780985593,0.8593102761637217
llama31_405b,model,Llama 3.1 405B,131072,4,32768,18432,16384,128,8,128,,True,32,n,1,128,256,64,2,10,50,one_mpi_process_per_gpu,per_sample_max_rank_cuda_event,eager_monotonic_epochs,single_replay_monotonic_epoch_nodes,60,epoch_lifecycle_all_cases;fused_vs_separated_reference_at_s1024_per_geometry,34.685009,40.38137436,570.5983613833861,34.3314743,40.40340424,576.4742034386795,34.05120087,cuBLAS+NCCL,33.441505432128906,0.9641486739164146,0.9740771730309555,33.55135917663574,33.441505432128906,33.99393653869629,31.946112632751465,35.24505214691162,graph,per_sample_local_cuda_event_then_dist_max,all_qkv_slab_gemms+userbuffers_send_recv+unpack,0.9210351547768508,0.9305196844620058,31.946112632751465,0.9210351547768508,0.9305196844620058
llama31_405b,model,Llama 3.1 405B,131072,8,16384,18432,16384,128,8,128,,True,32,n,1,128,256,64,2,10,50,one_mpi_process_per_gpu,per_sample_max_rank_cuda_event,eager_monotonic_epochs,single_replay_monotonic_epoch_nodes,60,epoch_lifecycle_all_cases;fused_vs_separated_reference_at_s1024_per_geometry,18.52049637,21.92732811,534.3055851361072,18.51491165,21.57181931,534.4667496689891,18.56827164,TE+NCCL,16.785855293273926,0.9063393851832237,0.9066127676214932,16.785855293273926,16.983600616455078,16.99884796142578,16.031295776367188,19.85783405303955,graph,per_sample_local_cuda_event_then_dist_max,all_qkv_slab_gemms+userbuffers_send_recv+unpack,0.8655975226633296,0.8658586159857365,16.031295776367188,0.8655975226633296,0.8658586159857365
llama31_405b,model,Llama 3.1 405B,262144,4,65536,18432,16384,128,8,128,,True,32,n,1,128,256,64,2,10,50,one_mpi_process_per_gpu,per_sample_max_rank_cuda_event,eager_monotonic_epochs,single_replay_monotonic_epoch_nodes,60,epoch_lifecycle_all_cases;fused_vs_separated_reference_at_s1024_per_geometry,70.38853455,79.8476181,562.3418480437167,70.53762817,76.33027649,561.1532401477966,70.7017746,TE+NCCL,67.11259078979492,0.953459128235181,0.9514438255288293,67.11259078979492,67.20156478881836,67.31401443481445,64.6260986328125,67.66217308044433,graph,per_sample_local_cuda_event_then_dist_max,all_qkv_slab_gemms+userbuffers_send_recv+unpack,0.9181338842465289,0.9161932476246528,64.6260986328125,0.9181338842465289,0.9161932476246528
llama31_405b,model,Llama 3.1 405B,262144,8,32768,18432,16384,128,8,128,,True,32,n,1,128,256,64,2,10,50,one_mpi_process_per_gpu,per_sample_max_rank_cuda_event,eager_monotonic_epochs,single_replay_monotonic_epoch_nodes,60,epoch_lifecycle_all_cases;fused_vs_separated_reference_at_s1024_per_geometry,36.79679871,37.67176819,537.8513890826456,36.78969574,38.40444946,537.9552318082857,36.98976135,TE+NCCL,33.89737510681152,0.9212044605825854,0.921382317113219,33.89737510681152,34.29623985290527,34.59636878967285,32.008063316345215,35.20587387084961,graph,per_sample_local_cuda_event_then_dist_max,all_qkv_slab_gemms+userbuffers_send_recv+unpack,0.8698599997408638,0.8700279432195493,32.008063316345215,0.8698599997408638,0.8700279432195493
llama31_405b,model,Llama 3.1 405B,524288,4,131072,18432,16384,128,8,128,,True,32,n,1,128,256,64,2,10,50,one_mpi_process_per_gpu,per_sample_max_rank_cuda_event,eager_monotonic_epochs,single_replay_monotonic_epoch_nodes,60,epoch_lifecycle_all_cases;fused_vs_separated_reference_at_s1024_per_geometry,144.0537109,147.0075378,549.5508356242699,142.6772003,148.2081299,554.8527517600302,144.0030518,cuBLAS+NCCL,134.1626205444336,0.9313374831250779,0.9403227724004729,134.17526245117188,134.1626205444336,134.54523468017578,130.39297485351562,133.77492675781252,graph,per_sample_local_cuda_event_then_dist_max,all_qkv_slab_gemms+userbuffers_send_recv+unpack,0.9051691486381253,0.9139019729805815,130.39297485351562,0.9051691486381253,0.9139019729805815
llama31_405b,model,Llama 3.1 405B,524288,8,65536,18432,16384,128,8,128,,True,32,n,1,128,256,64,2,10,50,one_mpi_process_per_gpu,per_sample_max_rank_cuda_event,eager_monotonic_epochs,single_replay_monotonic_epoch_nodes,60,epoch_lifecycle_all_cases;fused_vs_separated_reference_at_s1024_per_geometry,73.58943939,74.0007019,537.8817793428499,73.1918869,73.60527039,540.8033632746254,73.66534424,cuBLAS+NCCL,68.25753402709961,0.927545237372403,0.9325833356415301,68.30350112915039,68.25753402709961,68.65280151367188,65.22315216064453,67.72053527832031,graph,per_sample_local_cuda_event_then_dist_max,all_qkv_slab_gemms+userbuffers_send_recv+unpack,0.8863113063680663,0.8911254364811919,65.22315216064453,0.8863113063680663,0.8911254364811919
