model,suite,aliases,global_seq,cp,m,n,k,q_heads,kv_heads,head_dim,max_context,within_native_context,requested_comm_ctas,comm_ctas,qkv_policy_request,qkv_comm_policy_request,qkv_policy_model,launch_plan_cache,raster,swizzle,tile_m,tile_n,tile_k,cluster_m,warmup,iterations,process_model,timing,eager_epoch_mode,graph_epoch_mode,graph_kernel_nodes,correctness_scope,eager_p50_ms,eager_p95_ms,eager_p50_tflops_per_gpu,graph_p50_ms,graph_p95_ms,graph_p50_tflops_per_gpu,serial_diagnostic_p50_ms
artificial_small,artificial,OProj-matched Mx4096x4096 stress shape,1024,4,256,4096,4096,16,8,128,,True,0,4,auto,auto,calibrated_pipeline_independent_progress_v3,per_process_v1,n,1,128,64,64,1,10,50,one_mpi_process_per_gpu,per_sample_max_rank_cuda_event,eager_monotonic_epochs,single_replay_monotonic_epoch_nodes,60,epoch_lifecycle_all_cases;fused_vs_separated_reference_at_s1024_per_geometry,0.0463199988,0.04922559857,185.44764280088884,0.04073600098,0.04144639894,210.8683814156762,
artificial_small,artificial,OProj-matched Mx4096x4096 stress shape,1024,8,128,4096,4096,16,8,128,,True,0,24,auto,auto,calibrated_pipeline_independent_progress_v3,per_process_v1,n,1,128,64,64,1,10,50,one_mpi_process_per_gpu,per_sample_max_rank_cuda_event,eager_monotonic_epochs,single_replay_monotonic_epoch_nodes,60,epoch_lifecycle_all_cases;fused_vs_separated_reference_at_s1024_per_geometry,0.03830400109,0.03954719752,112.12842454521767,0.03067200072,0.03146560118,140.028925247104,
artificial_small,artificial,OProj-matched Mx4096x4096 stress shape,4096,4,1024,4096,4096,16,8,128,,True,0,24,auto,auto,calibrated_pipeline_independent_progress_v3,per_process_v1,n,1,128,320,64,2,10,50,one_mpi_process_per_gpu,per_sample_max_rank_cuda_event,eager_monotonic_epochs,single_replay_monotonic_epoch_nodes,60,epoch_lifecycle_all_cases;fused_vs_separated_reference_at_s1024_per_geometry,0.09027200192,0.09278719872,380.6245307204992,0.08278399706,0.08369279653,415.05290380092214,
artificial_small,artificial,OProj-matched Mx4096x4096 stress shape,4096,8,512,4096,4096,16,8,128,,True,0,24,auto,auto,calibrated_pipeline_independent_progress_v3,per_process_v1,n,1,128,160,64,1,10,50,one_mpi_process_per_gpu,per_sample_max_rank_cuda_event,eager_monotonic_epochs,single_replay_monotonic_epoch_nodes,60,epoch_lifecycle_all_cases;fused_vs_separated_reference_at_s1024_per_geometry,0.06585600227,0.06689120084,260.87021063873635,0.05820799991,0.05896160007,295.1461862727315,
artificial_small,artificial,OProj-matched Mx4096x4096 stress shape,16384,4,4096,4096,4096,16,8,128,,True,0,28,auto,auto,calibrated_pipeline_independent_progress_v3,per_process_v1,n,1,128,256,64,2,10,50,one_mpi_process_per_gpu,per_sample_max_rank_cuda_event,eager_monotonic_epochs,single_replay_monotonic_epoch_nodes,60,epoch_lifecycle_all_cases;fused_vs_separated_reference_at_s1024_per_geometry,0.2365120053,0.2405584008,581.1077255789518,0.2289119959,0.2308191955,600.4008349655913,
artificial_small,artificial,OProj-matched Mx4096x4096 stress shape,16384,8,2048,4096,4096,16,8,128,,True,0,24,auto,auto,calibrated_pipeline_independent_progress_v3,per_process_v1,n,1,128,320,64,2,10,50,one_mpi_process_per_gpu,per_sample_max_rank_cuda_event,eager_monotonic_epochs,single_replay_monotonic_epoch_nodes,60,epoch_lifecycle_all_cases;fused_vs_separated_reference_at_s1024_per_geometry,0.1746560037,0.177193597,393.45613823866506,0.1646080017,0.1655279994,417.47348869007016,
artificial_small,artificial,OProj-matched Mx4096x4096 stress shape,131072,4,32768,4096,4096,16,8,128,,True,0,6,auto,auto,calibrated_pipeline_independent_progress_v3,per_process_v1,n,1,128,256,64,2,10,50,one_mpi_process_per_gpu,per_sample_max_rank_cuda_event,eager_monotonic_epochs,single_replay_monotonic_epoch_nodes,60,epoch_lifecycle_all_cases;fused_vs_separated_reference_at_s1024_per_geometry,1.51433599,1.579478383,726.0684782219301,1.496608019,1.564166427,734.6690742113417,
artificial_small,artificial,OProj-matched Mx4096x4096 stress shape,131072,8,16384,4096,4096,16,8,128,,True,0,10,auto,auto,calibrated_pipeline_independent_progress_v3,per_process_v1,n,1,128,256,64,2,10,50,one_mpi_process_per_gpu,per_sample_max_rank_cuda_event,eager_monotonic_epochs,single_replay_monotonic_epoch_nodes,60,epoch_lifecycle_all_cases;fused_vs_separated_reference_at_s1024_per_geometry,0.9319840074,0.9453759789,589.8768750567726,0.918192029,0.9267168045,598.7372973458911,
artificial_small,artificial,OProj-matched Mx4096x4096 stress shape,262144,4,65536,4096,4096,16,8,128,,True,0,6,auto,auto,calibrated_pipeline_independent_progress_v3,per_process_v1,n,1,128,256,64,2,10,50,one_mpi_process_per_gpu,per_sample_max_rank_cuda_event,eager_monotonic_epochs,single_replay_monotonic_epoch_nodes,60,epoch_lifecycle_all_cases;fused_vs_separated_reference_at_s1024_per_geometry,3.205327988,3.254548788,686.05249253263,3.164368153,3.246348858,694.93281098383,
artificial_small,artificial,OProj-matched Mx4096x4096 stress shape,262144,8,32768,4096,4096,16,8,128,,True,0,6,auto,auto,calibrated_pipeline_independent_progress_v3,per_process_v1,n,1,128,256,64,2,10,50,one_mpi_process_per_gpu,per_sample_max_rank_cuda_event,eager_monotonic_epochs,single_replay_monotonic_epoch_nodes,60,epoch_lifecycle_all_cases;fused_vs_separated_reference_at_s1024_per_geometry,1.745872021,1.765787125,629.7779072868251,1.735487938,1.757580757,633.5461075247185,
artificial_small,artificial,OProj-matched Mx4096x4096 stress shape,524288,4,131072,4096,4096,16,8,128,,True,0,6,auto,auto,calibrated_pipeline_independent_progress_v3,per_process_v1,n,1,128,256,64,2,10,50,one_mpi_process_per_gpu,per_sample_max_rank_cuda_event,eager_monotonic_epochs,single_replay_monotonic_epoch_nodes,60,epoch_lifecycle_all_cases;fused_vs_separated_reference_at_s1024_per_geometry,6.321424007,6.388742447,695.7366736092758,6.34512043,6.42896986,693.1383824190079,
artificial_small,artificial,OProj-matched Mx4096x4096 stress shape,524288,8,65536,4096,4096,16,8,128,,True,0,6,auto,auto,calibrated_pipeline_independent_progress_v3,per_process_v1,n,1,128,256,64,2,10,50,one_mpi_process_per_gpu,per_sample_max_rank_cuda_event,eager_monotonic_epochs,single_replay_monotonic_epoch_nodes,60,epoch_lifecycle_all_cases;fused_vs_separated_reference_at_s1024_per_geometry,3.434767962,3.469921589,640.224690541119,3.422480106,3.443291187,642.5233127569859,
artificial_medium,artificial,OProj-matched Mx5120x5120 stress shape,1024,4,256,5120,5120,24,8,128,,True,0,24,auto,auto,calibrated_pipeline_independent_progress_v3,per_process_v1,n,1,128,128,64,1,10,50,one_mpi_process_per_gpu,per_sample_max_rank_cuda_event,eager_monotonic_epochs,single_replay_monotonic_epoch_nodes,60,epoch_lifecycle_all_cases;fused_vs_separated_reference_at_s1024_per_geometry,0.04972799867,0.0522431992,269.9037395224415,0.04369600117,0.04451839998,307.1624963525238,
artificial_medium,artificial,OProj-matched Mx5120x5120 stress shape,1024,8,128,5120,5120,24,8,128,,True,0,24,auto,auto,calibrated_pipeline_independent_progress_v3,per_process_v1,n,1,128,64,64,1,10,50,one_mpi_process_per_gpu,per_sample_max_rank_cuda_event,eager_monotonic_epochs,single_replay_monotonic_epoch_nodes,60,epoch_lifecycle_all_cases;fused_vs_separated_reference_at_s1024_per_geometry,0.04399999976,0.04539360106,152.52014628647353,0.0357280001,0.03679840267,187.8326909207549,
artificial_medium,artificial,OProj-matched Mx5120x5120 stress shape,4096,4,1024,5120,5120,24,8,128,,True,0,24,auto,auto,calibrated_pipeline_independent_progress_v3,per_process_v1,n,1,128,192,64,1,10,50,one_mpi_process_per_gpu,per_sample_max_rank_cuda_event,eager_monotonic_epochs,single_replay_monotonic_epoch_nodes,60,epoch_lifecycle_all_cases;fused_vs_separated_reference_at_s1024_per_geometry,0.1071360037,0.1090880036,501.1115717022027,0.1008159965,0.1021040007,532.5255223758066,
artificial_medium,artificial,OProj-matched Mx5120x5120 stress shape,4096,8,512,5120,5120,24,8,128,,True,0,24,auto,auto,calibrated_pipeline_independent_progress_v3,per_process_v1,n,1,128,192,64,1,10,50,one_mpi_process_per_gpu,per_sample_max_rank_cuda_event,eager_monotonic_epochs,single_replay_monotonic_epoch_nodes,60,epoch_lifecycle_all_cases;fused_vs_separated_reference_at_s1024_per_geometry,0.08505599946,0.086481601,315.5984971127632,0.07719999552,0.07835680246,347.7143414217649,
artificial_medium,artificial,OProj-matched Mx5120x5120 stress shape,16384,4,4096,5120,5120,24,8,128,,True,0,4,auto,auto,calibrated_pipeline_independent_progress_v3,per_process_v1,n,1,128,256,64,2,10,50,one_mpi_process_per_gpu,per_sample_max_rank_cuda_event,eager_monotonic_epochs,single_replay_monotonic_epoch_nodes,60,epoch_lifecycle_all_cases;fused_vs_separated_reference_at_s1024_per_geometry,0.3463039994,0.34922719,620.1151738705563,0.3358559906,0.3372960091,639.4060871635976,
artificial_medium,artificial,OProj-matched Mx5120x5120 stress shape,16384,8,2048,5120,5120,24,8,128,,True,0,24,auto,auto,calibrated_pipeline_independent_progress_v3,per_process_v1,n,1,128,256,64,2,10,50,one_mpi_process_per_gpu,per_sample_max_rank_cuda_event,eager_monotonic_epochs,single_replay_monotonic_epoch_nodes,60,epoch_lifecycle_all_cases;fused_vs_separated_reference_at_s1024_per_geometry,0.2343519926,0.239447996,458.17482159526554,0.2231040001,0.224503994,481.274124855998,
artificial_medium,artificial,OProj-matched Mx5120x5120 stress shape,131072,4,32768,5120,5120,24,8,128,,True,0,4,auto,auto,calibrated_pipeline_independent_progress_v3,per_process_v1,n,1,128,256,64,2,10,50,one_mpi_process_per_gpu,per_sample_max_rank_cuda_event,eager_monotonic_epochs,single_replay_monotonic_epoch_nodes,60,epoch_lifecycle_all_cases;fused_vs_separated_reference_at_s1024_per_geometry,2.495296001,2.558471918,688.4902303019401,2.577983856,2.605545521,666.4071671362709,
artificial_medium,artificial,OProj-matched Mx5120x5120 stress shape,131072,8,16384,5120,5120,24,8,128,,True,0,10,auto,auto,calibrated_pipeline_independent_progress_v3,per_process_v1,n,1,128,256,64,2,10,50,one_mpi_process_per_gpu,per_sample_max_rank_cuda_event,eager_monotonic_epochs,single_replay_monotonic_epoch_nodes,60,epoch_lifecycle_all_cases;fused_vs_separated_reference_at_s1024_per_geometry,1.404623985,1.414023995,611.5469110403949,1.394576073,1.405694366,615.9531027605691,
artificial_medium,artificial,OProj-matched Mx5120x5120 stress shape,262144,4,65536,5120,5120,24,8,128,,True,0,4,auto,auto,calibrated_pipeline_independent_progress_v3,per_process_v1,n,1,128,256,64,2,10,50,one_mpi_process_per_gpu,per_sample_max_rank_cuda_event,eager_monotonic_epochs,single_replay_monotonic_epoch_nodes,60,epoch_lifecycle_all_cases;fused_vs_separated_reference_at_s1024_per_geometry,4.953264236,5.098574162,693.6786880513192,5.05209589,5.129356861,680.1085948509183,
artificial_medium,artificial,OProj-matched Mx5120x5120 stress shape,262144,8,32768,5120,5120,24,8,128,,True,0,6,auto,auto,calibrated_pipeline_independent_progress_v3,per_process_v1,n,1,128,256,64,2,10,50,one_mpi_process_per_gpu,per_sample_max_rank_cuda_event,eager_monotonic_epochs,single_replay_monotonic_epoch_nodes,60,epoch_lifecycle_all_cases;fused_vs_separated_reference_at_s1024_per_geometry,2.657343864,2.68129921,646.5053099353047,2.655776024,2.671227217,646.8869749838512,
artificial_medium,artificial,OProj-matched Mx5120x5120 stress shape,524288,4,131072,5120,5120,24,8,128,,True,0,4,auto,auto,calibrated_pipeline_independent_progress_v3,per_process_v1,n,1,128,256,64,2,10,50,one_mpi_process_per_gpu,per_sample_max_rank_cuda_event,eager_monotonic_epochs,single_replay_monotonic_epoch_nodes,60,epoch_lifecycle_all_cases;fused_vs_separated_reference_at_s1024_per_geometry,10.01460838,10.04548645,686.1923514976229,9.913536072,11.05802822,693.1883460846301,
artificial_medium,artificial,OProj-matched Mx5120x5120 stress shape,524288,8,65536,5120,5120,24,8,128,,True,0,6,auto,auto,calibrated_pipeline_independent_progress_v3,per_process_v1,n,1,128,256,64,2,10,50,one_mpi_process_per_gpu,per_sample_max_rank_cuda_event,eager_monotonic_epochs,single_replay_monotonic_epoch_nodes,60,epoch_lifecycle_all_cases;fused_vs_separated_reference_at_s1024_per_geometry,5.282879829,5.306009769,650.3978791905245,5.284128189,5.527671814,650.2442245728797,
artificial_large,artificial,OProj-matched Mx7168x16384 stress shape,1024,4,256,7168,16384,40,8,128,,True,0,20,auto,auto,calibrated_pipeline_independent_progress_v3,per_process_v1,n,1,128,128,64,1,10,50,one_mpi_process_per_gpu,per_sample_max_rank_cuda_event,eager_monotonic_epochs,single_replay_monotonic_epoch_nodes,60,epoch_lifecycle_all_cases;fused_vs_separated_reference_at_s1024_per_geometry,0.1282559931,0.130982399,468.8244244237192,0.1217119992,0.1237711981,494.03134069956184,
artificial_large,artificial,OProj-matched Mx7168x16384 stress shape,1024,8,128,7168,16384,40,8,128,,True,0,20,auto,auto,calibrated_pipeline_independent_progress_v3,per_process_v1,n,1,128,64,64,1,10,50,one_mpi_process_per_gpu,per_sample_max_rank_cuda_event,eager_monotonic_epochs,single_replay_monotonic_epoch_nodes,60,epoch_lifecycle_all_cases;fused_vs_separated_reference_at_s1024_per_geometry,0.1008640006,0.1031711996,298.07236370911903,0.09148800373,0.09294880182,328.6198173120855,
artificial_large,artificial,OProj-matched Mx7168x16384 stress shape,4096,4,1024,7168,16384,40,8,128,,True,0,20,auto,auto,calibrated_pipeline_independent_progress_v3,per_process_v1,n,1,128,256,64,2,10,50,one_mpi_process_per_gpu,per_sample_max_rank_cuda_event,eager_monotonic_epochs,single_replay_monotonic_epoch_nodes,60,epoch_lifecycle_all_cases;fused_vs_separated_reference_at_s1024_per_geometry,0.3443999887,0.346670419,698.3686889302154,0.335920006,0.3384176195,715.9983456775718,
artificial_large,artificial,OProj-matched Mx7168x16384 stress shape,4096,8,512,7168,16384,40,8,128,,True,0,20,auto,auto,calibrated_pipeline_independent_progress_v3,per_process_v1,n,1,128,256,64,2,10,50,one_mpi_process_per_gpu,per_sample_max_rank_cuda_event,eager_monotonic_epochs,single_replay_monotonic_epoch_nodes,60,epoch_lifecycle_all_cases;fused_vs_separated_reference_at_s1024_per_geometry,0.2439199984,0.2463535964,493.02675088899144,0.2327039987,0.2336176038,516.7899346802243,
artificial_large,artificial,OProj-matched Mx7168x16384 stress shape,16384,4,4096,7168,16384,40,8,128,,True,0,4,auto,auto,calibrated_pipeline_independent_progress_v3,per_process_v1,n,1,128,256,64,2,10,50,one_mpi_process_per_gpu,per_sample_max_rank_cuda_event,eager_monotonic_epochs,single_replay_monotonic_epoch_nodes,60,epoch_lifecycle_all_cases;fused_vs_separated_reference_at_s1024_per_geometry,1.285920024,1.379249573,748.1590272708904,1.290832043,1.301438451,745.312048551308,
artificial_large,artificial,OProj-matched Mx7168x16384 stress shape,16384,8,2048,7168,16384,40,8,128,,True,0,8,auto,auto,calibrated_pipeline_independent_progress_v3,per_process_v1,n,1,128,320,64,2,10,50,one_mpi_process_per_gpu,per_sample_max_rank_cuda_event,eager_monotonic_epochs,single_replay_monotonic_epoch_nodes,60,epoch_lifecycle_all_cases;fused_vs_separated_reference_at_s1024_per_geometry,0.8168959618,0.8226944208,588.8587527009612,0.8102399707,0.8223199844,593.6961326857435,
artificial_large,artificial,OProj-matched Mx7168x16384 stress shape,131072,4,32768,7168,16384,40,8,128,,True,0,4,auto,auto,calibrated_pipeline_independent_progress_v3,per_process_v1,n,1,128,256,64,2,10,50,one_mpi_process_per_gpu,per_sample_max_rank_cuda_event,eager_monotonic_epochs,single_replay_monotonic_epoch_nodes,60,epoch_lifecycle_all_cases;fused_vs_separated_reference_at_s1024_per_geometry,10.70022392,10.99612522,719.2916196871514,10.97873592,11.10213947,701.0444053409749,
artificial_large,artificial,OProj-matched Mx7168x16384 stress shape,131072,8,16384,7168,16384,40,8,128,,True,0,4,auto,auto,calibrated_pipeline_independent_progress_v3,per_process_v1,n,1,128,256,64,2,10,50,one_mpi_process_per_gpu,per_sample_max_rank_cuda_event,eager_monotonic_epochs,single_replay_monotonic_epoch_nodes,60,epoch_lifecycle_all_cases;fused_vs_separated_reference_at_s1024_per_geometry,5.630335808,5.6632061,683.4922158191813,5.621967793,5.662436962,684.5095594477733,
artificial_large,artificial,OProj-matched Mx7168x16384 stress shape,262144,4,65536,7168,16384,40,8,128,,True,0,4,auto,auto,calibrated_pipeline_independent_progress_v3,per_process_v1,n,1,128,256,64,2,10,50,one_mpi_process_per_gpu,per_sample_max_rank_cuda_event,eager_monotonic_epochs,single_replay_monotonic_epoch_nodes,60,epoch_lifecycle_all_cases;fused_vs_separated_reference_at_s1024_per_geometry,22.23604774,26.77852058,692.2616360988259,22.35857582,27.24133682,688.4679468311502,
artificial_large,artificial,OProj-matched Mx7168x16384 stress shape,262144,8,32768,7168,16384,40,8,128,,True,0,4,auto,auto,calibrated_pipeline_independent_progress_v3,per_process_v1,n,1,128,256,64,2,10,50,one_mpi_process_per_gpu,per_sample_max_rank_cuda_event,eager_monotonic_epochs,single_replay_monotonic_epoch_nodes,60,epoch_lifecycle_all_cases;fused_vs_separated_reference_at_s1024_per_geometry,11.21395111,11.32448006,686.3398385577588,11.25180817,11.3474226,684.030626735436,
artificial_large,artificial,OProj-matched Mx7168x16384 stress shape,524288,4,131072,7168,16384,40,8,128,,True,0,4,auto,auto,calibrated_pipeline_independent_progress_v3,per_process_v1,n,1,128,256,64,2,10,50,one_mpi_process_per_gpu,per_sample_max_rank_cuda_event,eager_monotonic_epochs,single_replay_monotonic_epoch_nodes,60,epoch_lifecycle_all_cases;fused_vs_separated_reference_at_s1024_per_geometry,45.9679184,52.18223572,669.735038028783,45.94136047,52.1179657,670.1222006220662,
artificial_large,artificial,OProj-matched Mx7168x16384 stress shape,524288,8,65536,7168,16384,40,8,128,,True,0,4,auto,auto,calibrated_pipeline_independent_progress_v3,per_process_v1,n,1,128,256,64,2,10,50,one_mpi_process_per_gpu,per_sample_max_rank_cuda_event,eager_monotonic_epochs,single_replay_monotonic_epoch_nodes,60,epoch_lifecycle_all_cases;fused_vs_separated_reference_at_s1024_per_geometry,22.61462402,30.88151169,680.6729475250414,22.5180645,27.80091858,683.5917353760133,
production_qwen_dense,model,current production Qwen dense,1024,4,256,4096,2048,16,8,128,,True,0,4,auto,auto,calibrated_pipeline_independent_progress_v3,per_process_v1,n,1,128,64,64,1,10,50,one_mpi_process_per_gpu,per_sample_max_rank_cuda_event,eager_monotonic_epochs,single_replay_monotonic_epoch_nodes,60,epoch_lifecycle_all_cases;fused_vs_separated_reference_at_s1024_per_geometry,0.03705599904,0.03884639964,115.90477675055553,0.0314560011,0.03230880201,136.5388843402603,
production_qwen_dense,model,current production Qwen dense,1024,8,128,4096,2048,16,8,128,,True,0,24,auto,auto,calibrated_pipeline_independent_progress_v3,per_process_v1,n,1,128,64,64,1,10,50,one_mpi_process_per_gpu,per_sample_max_rank_cuda_event,eager_monotonic_epochs,single_replay_monotonic_epoch_nodes,60,epoch_lifecycle_all_cases;fused_vs_separated_reference_at_s1024_per_geometry,0.03203199804,0.0327135995,67.04182628003183,0.02462399937,0.02526560053,87.21100158150306,
production_qwen_dense,model,current production Qwen dense,4096,4,1024,4096,2048,16,8,128,,True,0,24,auto,auto,calibrated_pipeline_independent_progress_v3,per_process_v1,n,1,128,320,64,2,10,50,one_mpi_process_per_gpu,per_sample_max_rank_cuda_event,eager_monotonic_epochs,single_replay_monotonic_epoch_nodes,60,epoch_lifecycle_all_cases;fused_vs_separated_reference_at_s1024_per_geometry,0.06342399865,0.06473280489,270.873321608208,0.05763199925,0.0587616004,298.0960127632567,
production_qwen_dense,model,current production Qwen dense,4096,8,512,4096,2048,16,8,128,,True,0,24,auto,auto,calibrated_pipeline_independent_progress_v3,per_process_v1,n,1,128,160,64,1,10,50,one_mpi_process_per_gpu,per_sample_max_rank_cuda_event,eager_monotonic_epochs,single_replay_monotonic_epoch_nodes,60,epoch_lifecycle_all_cases;fused_vs_separated_reference_at_s1024_per_geometry,0.0504960008,0.2828944027,170.11118615159717,0.04268800095,0.04299359769,201.22597453231177,
production_qwen_dense,model,current production Qwen dense,16384,4,4096,4096,2048,16,8,128,,True,0,28,auto,auto,calibrated_pipeline_independent_progress_v3,per_process_v1,n,1,128,256,64,2,10,50,one_mpi_process_per_gpu,per_sample_max_rank_cuda_event,eager_monotonic_epochs,single_replay_monotonic_epoch_nodes,60,epoch_lifecycle_all_cases;fused_vs_separated_reference_at_s1024_per_geometry,0.1420799941,0.4086639881,483.6675083730173,0.1341120005,0.1357616037,512.4036363621316,
production_qwen_dense,model,current production Qwen dense,16384,8,2048,4096,2048,16,8,128,,True,0,24,auto,auto,calibrated_pipeline_independent_progress_v3,per_process_v1,n,1,128,320,64,2,10,50,one_mpi_process_per_gpu,per_sample_max_rank_cuda_event,eager_monotonic_epochs,single_replay_monotonic_epoch_nodes,60,epoch_lifecycle_all_cases;fused_vs_separated_reference_at_s1024_per_geometry,0.1119199991,0.1134271994,307.0026683729664,0.1047199965,0.1060048044,328.1105759777217,
production_qwen_dense,model,current production Qwen dense,131072,4,32768,4096,2048,16,8,128,,True,0,10,auto,auto,calibrated_pipeline_independent_progress_v3,per_process_v1,n,1,128,256,64,2,10,50,one_mpi_process_per_gpu,per_sample_max_rank_cuda_event,eager_monotonic_epochs,single_replay_monotonic_epoch_nodes,60,epoch_lifecycle_all_cases;fused_vs_separated_reference_at_s1024_per_geometry,0.7868480086,0.8619759679,698.6810767509643,0.778159976,0.8444927931,706.4817400580366,
production_qwen_dense,model,current production Qwen dense,131072,8,16384,4096,2048,16,8,128,,True,0,10,auto,auto,calibrated_pipeline_independent_progress_v3,per_process_v1,n,1,128,256,64,2,10,50,one_mpi_process_per_gpu,per_sample_max_rank_cuda_event,eager_monotonic_epochs,single_replay_monotonic_epoch_nodes,60,epoch_lifecycle_all_cases;fused_vs_separated_reference_at_s1024_per_geometry,0.5333279967,0.5358880162,515.4012327213724,0.5214400291,0.5246719718,527.1515257822389,
production_qwen_dense,model,current production Qwen dense,262144,4,65536,4096,2048,16,8,128,,True,0,8,auto,auto,calibrated_pipeline_independent_progress_v3,per_process_v1,n,1,128,256,64,2,10,50,one_mpi_process_per_gpu,per_sample_max_rank_cuda_event,eager_monotonic_epochs,single_replay_monotonic_epoch_nodes,60,epoch_lifecycle_all_cases;fused_vs_separated_reference_at_s1024_per_geometry,1.885519981,1.909240007,583.1344344560409,1.859663963,1.958647966,591.2421005364182,
production_qwen_dense,model,current production Qwen dense,262144,8,32768,4096,2048,16,8,128,,True,0,10,auto,auto,calibrated_pipeline_independent_progress_v3,per_process_v1,n,1,128,256,64,2,10,50,one_mpi_process_per_gpu,per_sample_max_rank_cuda_event,eager_monotonic_epochs,single_replay_monotonic_epoch_nodes,60,epoch_lifecycle_all_cases;fused_vs_separated_reference_at_s1024_per_geometry,1.012655973,1.018459201,542.8850750362384,0.9974719882,1.003598452,551.1491253805216,
production_qwen_dense,model,current production Qwen dense,524288,4,131072,4096,2048,16,8,128,,True,0,8,auto,auto,calibrated_pipeline_independent_progress_v3,per_process_v1,n,1,128,256,64,2,10,50,one_mpi_process_per_gpu,per_sample_max_rank_cuda_event,eager_monotonic_epochs,single_replay_monotonic_epoch_nodes,60,epoch_lifecycle_all_cases;fused_vs_separated_reference_at_s1024_per_geometry,3.82763195,3.862793684,574.5127233437374,3.816048145,3.876979351,576.2566854491298,
production_qwen_dense,model,current production Qwen dense,524288,8,65536,4096,2048,16,8,128,,True,0,8,auto,auto,calibrated_pipeline_independent_progress_v3,per_process_v1,n,1,128,256,64,2,10,50,one_mpi_process_per_gpu,per_sample_max_rank_cuda_event,eager_monotonic_epochs,single_replay_monotonic_epoch_nodes,60,epoch_lifecycle_all_cases;fused_vs_separated_reference_at_s1024_per_geometry,2.350111961,2.371939182,467.8549984095843,2.334064007,2.348139286,471.0717548784,
nanbeige42_3b,model,Nanbeige/Nanbeige4.2-3B,1024,4,256,8192,3072,48,8,128,262144,True,0,24,auto,auto,calibrated_pipeline_independent_progress_v3,per_process_v1,n,1,128,160,64,1,10,50,one_mpi_process_per_gpu,per_sample_max_rank_cuda_event,eager_monotonic_epochs,single_replay_monotonic_epoch_nodes,60,epoch_lifecycle_all_cases;fused_vs_separated_reference_at_s1024_per_geometry,0.04860800132,0.05066239834,265.0777966198426,0.04316800088,0.04413120076,298.48271000127903,
nanbeige42_3b,model,Nanbeige/Nanbeige4.2-3B,1024,8,128,8192,3072,48,8,128,262144,True,0,4,auto,auto,calibrated_pipeline_independent_progress_v3,per_process_v1,n,1,128,64,64,1,10,50,one_mpi_process_per_gpu,per_sample_max_rank_cuda_event,eager_monotonic_epochs,single_replay_monotonic_epoch_nodes,60,epoch_lifecycle_all_cases;fused_vs_separated_reference_at_s1024_per_geometry,0.05222399905,0.05327840149,123.36188459700121,0.04497599974,0.04601920024,143.24197307992958,
nanbeige42_3b,model,Nanbeige/Nanbeige4.2-3B,4096,4,1024,8192,3072,48,8,128,262144,True,0,24,auto,auto,calibrated_pipeline_independent_progress_v3,per_process_v1,n,1,128,320,64,2,10,50,one_mpi_process_per_gpu,per_sample_max_rank_cuda_event,eager_monotonic_epochs,single_replay_monotonic_epoch_nodes,60,epoch_lifecycle_all_cases;fused_vs_separated_reference_at_s1024_per_geometry,0.118975997,0.1236799955,433.1933234566633,0.113632001,0.1153983995,453.5659593990605,
nanbeige42_3b,model,Nanbeige/Nanbeige4.2-3B,4096,8,512,8192,3072,48,8,128,262144,True,0,24,auto,auto,calibrated_pipeline_independent_progress_v3,per_process_v1,n,1,128,320,64,2,10,50,one_mpi_process_per_gpu,per_sample_max_rank_cuda_event,eager_monotonic_epochs,single_replay_monotonic_epoch_nodes,60,epoch_lifecycle_all_cases;fused_vs_separated_reference_at_s1024_per_geometry,0.09623999894,0.09895519912,267.766043846966,0.08848000318,0.08948159963,291.2500322086901,
nanbeige42_3b,model,Nanbeige/Nanbeige4.2-3B,16384,4,4096,8192,3072,48,8,128,262144,True,0,12,auto,auto,calibrated_pipeline_independent_progress_v3,per_process_v1,n,1,128,320,64,2,10,50,one_mpi_process_per_gpu,per_sample_max_rank_cuda_event,eager_monotonic_epochs,single_replay_monotonic_epoch_nodes,60,epoch_lifecycle_all_cases;fused_vs_separated_reference_at_s1024_per_geometry,0.3364959955,0.3416351974,612.6623584380815,0.3294880092,0.33228001,625.6932709282945,
nanbeige42_3b,model,Nanbeige/Nanbeige4.2-3B,16384,8,2048,8192,3072,48,8,128,262144,True,0,28,auto,auto,calibrated_pipeline_independent_progress_v3,per_process_v1,n,1,128,256,64,2,10,50,one_mpi_process_per_gpu,per_sample_max_rank_cuda_event,eager_monotonic_epochs,single_replay_monotonic_epoch_nodes,60,epoch_lifecycle_all_cases;fused_vs_separated_reference_at_s1024_per_geometry,0.2394239902,0.2421664,430.5300192261185,0.2286240011,0.2311168015,450.86786430140904,
nanbeige42_3b,model,Nanbeige/Nanbeige4.2-3B,131072,4,32768,8192,3072,48,8,128,262144,True,0,6,auto,auto,calibrated_pipeline_independent_progress_v3,per_process_v1,n,1,128,256,64,2,10,50,one_mpi_process_per_gpu,per_sample_max_rank_cuda_event,eager_monotonic_epochs,single_replay_monotonic_epoch_nodes,60,epoch_lifecycle_all_cases;fused_vs_separated_reference_at_s1024_per_geometry,2.680943966,2.721292734,615.181616094993,2.724047899,2.803249598,605.4472985843778,
nanbeige42_3b,model,Nanbeige/Nanbeige4.2-3B,131072,8,16384,8192,3072,48,8,128,262144,True,0,10,auto,auto,calibrated_pipeline_independent_progress_v3,per_process_v1,n,1,128,256,64,2,10,50,one_mpi_process_per_gpu,per_sample_max_rank_cuda_event,eager_monotonic_epochs,single_replay_monotonic_epoch_nodes,60,epoch_lifecycle_all_cases;fused_vs_separated_reference_at_s1024_per_geometry,1.405600071,1.411668777,586.6773471669808,1.38803196,1.395302415,594.1028337935389,
nanbeige42_3b,model,Nanbeige/Nanbeige4.2-3B,262144,4,65536,8192,3072,48,8,128,262144,True,0,6,auto,auto,calibrated_pipeline_independent_progress_v3,per_process_v1,n,1,128,256,64,2,10,50,one_mpi_process_per_gpu,per_sample_max_rank_cuda_event,eager_monotonic_epochs,single_replay_monotonic_epoch_nodes,60,epoch_lifecycle_all_cases;fused_vs_separated_reference_at_s1024_per_geometry,5.444096088,5.511230469,605.8921132194389,5.400544167,5.490540981,610.7782440672705,
nanbeige42_3b,model,Nanbeige/Nanbeige4.2-3B,262144,8,32768,8192,3072,48,8,128,262144,True,0,8,auto,auto,calibrated_pipeline_independent_progress_v3,per_process_v1,n,1,128,256,64,2,10,50,one_mpi_process_per_gpu,per_sample_max_rank_cuda_event,eager_monotonic_epochs,single_replay_monotonic_epoch_nodes,60,epoch_lifecycle_all_cases;fused_vs_separated_reference_at_s1024_per_geometry,2.70707202,2.721137524,609.2440206537246,2.699295998,2.896609783,610.9991060209766,
nanbeige42_3b,model,Nanbeige/Nanbeige4.2-3B,524288,4,131072,8192,3072,48,8,128,262144,False,0,6,auto,auto,calibrated_pipeline_independent_progress_v3,per_process_v1,n,1,128,256,64,2,10,50,one_mpi_process_per_gpu,per_sample_max_rank_cuda_event,eager_monotonic_epochs,single_replay_monotonic_epoch_nodes,60,epoch_lifecycle_all_cases;fused_vs_separated_reference_at_s1024_per_geometry,10.93891144,11.15262127,603.0828389863992,10.92171192,11.16947937,604.0325742867608,
nanbeige42_3b,model,Nanbeige/Nanbeige4.2-3B,524288,8,65536,8192,3072,48,8,128,262144,False,0,8,auto,auto,calibrated_pipeline_independent_progress_v3,per_process_v1,n,1,128,256,64,2,10,50,one_mpi_process_per_gpu,per_sample_max_rank_cuda_event,eager_monotonic_epochs,single_replay_monotonic_epoch_nodes,60,epoch_lifecycle_all_cases;fused_vs_separated_reference_at_s1024_per_geometry,5.309519768,5.367299557,621.2491953053784,5.298943996,5.317139149,622.4891008129084,
llama3_8b,model,Llama 3/3.1 8B,1024,4,256,6144,4096,32,8,128,,True,0,24,auto,auto,calibrated_pipeline_independent_progress_v3,per_process_v1,n,1,128,128,64,1,10,50,one_mpi_process_per_gpu,per_sample_max_rank_cuda_event,eager_monotonic_epochs,single_replay_monotonic_epoch_nodes,60,epoch_lifecycle_all_cases;fused_vs_separated_reference_at_s1024_per_geometry,0.0476000011,0.04865760356,270.69120987898464,0.04286399856,0.04347679764,300.5996248801666,
llama3_8b,model,Llama 3/3.1 8B,1024,8,128,6144,4096,32,8,128,,True,0,24,auto,auto,calibrated_pipeline_independent_progress_v3,per_process_v1,n,1,128,64,64,1,10,50,one_mpi_process_per_gpu,per_sample_max_rank_cuda_event,eager_monotonic_epochs,single_replay_monotonic_epoch_nodes,60,epoch_lifecycle_all_cases;fused_vs_separated_reference_at_s1024_per_geometry,0.04350399971,0.04429119825,148.08870418687306,0.03536000103,0.03633599728,182.19600555254848,
llama3_8b,model,Llama 3/3.1 8B,4096,4,1024,6144,4096,32,8,128,,True,0,24,auto,auto,calibrated_pipeline_independent_progress_v3,per_process_v1,n,1,128,256,64,2,10,50,one_mpi_process_per_gpu,per_sample_max_rank_cuda_event,eager_monotonic_epochs,single_replay_monotonic_epoch_nodes,60,epoch_lifecycle_all_cases;fused_vs_separated_reference_at_s1024_per_geometry,0.1124639958,0.114086397,458.2765104990161,0.1066080034,0.1075088009,483.44970272654035,
llama3_8b,model,Llama 3/3.1 8B,4096,8,512,6144,4096,32,8,128,,True,0,24,auto,auto,calibrated_pipeline_independent_progress_v3,per_process_v1,n,1,128,256,64,2,10,50,one_mpi_process_per_gpu,per_sample_max_rank_cuda_event,eager_monotonic_epochs,single_replay_monotonic_epoch_nodes,60,epoch_lifecycle_all_cases;fused_vs_separated_reference_at_s1024_per_geometry,0.09539200366,0.09686720371,270.1463727279465,0.08316799998,0.08379999548,309.85239253315035,
llama3_8b,model,Llama 3/3.1 8B,16384,4,4096,6144,4096,32,8,128,,True,0,22,auto,auto,calibrated_pipeline_independent_progress_v3,per_process_v1,n,1,128,256,64,2,10,50,one_mpi_process_per_gpu,per_sample_max_rank_cuda_event,eager_monotonic_epochs,single_replay_monotonic_epoch_nodes,60,epoch_lifecycle_all_cases;fused_vs_separated_reference_at_s1024_per_geometry,0.323615998,0.3267088234,637.0464732339963,0.316080004,0.3189760149,652.2349645629591,
llama3_8b,model,Llama 3/3.1 8B,16384,8,2048,6144,4096,32,8,128,,True,0,24,auto,auto,calibrated_pipeline_independent_progress_v3,per_process_v1,n,1,128,320,64,2,10,50,one_mpi_process_per_gpu,per_sample_max_rank_cuda_event,eager_monotonic_epochs,single_replay_monotonic_epoch_nodes,60,epoch_lifecycle_all_cases;fused_vs_separated_reference_at_s1024_per_geometry,0.2408799976,0.242513597,427.927665771448,0.2320799977,0.2330911905,444.1538095723619,
llama3_8b,model,Llama 3/3.1 8B,131072,4,32768,6144,4096,32,8,128,,True,0,6,auto,auto,calibrated_pipeline_independent_progress_v3,per_process_v1,n,1,128,256,64,2,10,50,one_mpi_process_per_gpu,per_sample_max_rank_cuda_event,eager_monotonic_epochs,single_replay_monotonic_epoch_nodes,60,epoch_lifecycle_all_cases;fused_vs_separated_reference_at_s1024_per_geometry,2.366288185,2.429433584,696.9850300224526,2.360111952,2.454151869,698.8089866950515,
llama3_8b,model,Llama 3/3.1 8B,131072,8,16384,6144,4096,32,8,128,,True,0,8,auto,auto,calibrated_pipeline_independent_progress_v3,per_process_v1,n,1,128,256,64,2,10,50,one_mpi_process_per_gpu,per_sample_max_rank_cuda_event,eager_monotonic_epochs,single_replay_monotonic_epoch_nodes,60,epoch_lifecycle_all_cases;fused_vs_separated_reference_at_s1024_per_geometry,1.345056057,1.354950428,613.0850209107679,1.336096048,1.345646381,617.1964373866631,
llama3_8b,model,Llama 3/3.1 8B,262144,4,65536,6144,4096,32,8,128,,True,0,6,auto,auto,calibrated_pipeline_independent_progress_v3,per_process_v1,n,1,128,256,64,2,10,50,one_mpi_process_per_gpu,per_sample_max_rank_cuda_event,eager_monotonic_epochs,single_replay_monotonic_epoch_nodes,60,epoch_lifecycle_all_cases;fused_vs_separated_reference_at_s1024_per_geometry,4.825263977,4.836673737,683.5967729539204,4.821311951,4.88369751,684.1571167457527,
llama3_8b,model,Llama 3/3.1 8B,262144,8,32768,6144,4096,32,8,128,,True,0,6,auto,auto,calibrated_pipeline_independent_progress_v3,per_process_v1,n,1,128,256,64,2,10,50,one_mpi_process_per_gpu,per_sample_max_rank_cuda_event,eager_monotonic_epochs,single_replay_monotonic_epoch_nodes,60,epoch_lifecycle_all_cases;fused_vs_separated_reference_at_s1024_per_geometry,2.588319778,2.604798317,637.1961670587676,2.57622385,2.611140728,640.1879408359642,
llama3_8b,model,Llama 3/3.1 8B,524288,4,131072,6144,4096,32,8,128,,True,0,6,auto,auto,calibrated_pipeline_independent_progress_v3,per_process_v1,n,1,128,256,64,2,10,50,one_mpi_process_per_gpu,per_sample_max_rank_cuda_event,eager_monotonic_epochs,single_replay_monotonic_epoch_nodes,60,epoch_lifecycle_all_cases;fused_vs_separated_reference_at_s1024_per_geometry,9.625535965,9.741990089,685.371681186794,9.60115242,9.69343853,687.1122838247786,
llama3_8b,model,Llama 3/3.1 8B,524288,8,65536,6144,4096,32,8,128,,True,0,6,auto,auto,calibrated_pipeline_independent_progress_v3,per_process_v1,n,1,128,256,64,2,10,50,one_mpi_process_per_gpu,per_sample_max_rank_cuda_event,eager_monotonic_epochs,single_replay_monotonic_epoch_nodes,60,epoch_lifecycle_all_cases;fused_vs_separated_reference_at_s1024_per_geometry,5.13249588,5.20696497,642.6765769421329,5.129903793,5.193203449,643.001314728165,
qwen25_14b_32b,model,Qwen2.5 14B/32B; Llama 4 uses the same QKV shape,1024,4,256,7168,5120,40,8,128,,True,0,20,auto,auto,calibrated_pipeline_independent_progress_v3,per_process_v1,n,1,128,128,64,1,10,50,one_mpi_process_per_gpu,per_sample_max_rank_cuda_event,eager_monotonic_epochs,single_replay_monotonic_epoch_nodes,60,epoch_lifecycle_all_cases;fused_vs_separated_reference_at_s1024_per_geometry,0.05924800038,0.06118400022,317.14963879764946,0.04956800118,0.05050240085,379.084923189957,
qwen25_14b_32b,model,Qwen2.5 14B/32B; Llama 4 uses the same QKV shape,1024,8,128,7168,5120,40,8,128,,True,0,20,auto,auto,calibrated_pipeline_independent_progress_v3,per_process_v1,n,1,128,64,64,1,10,50,one_mpi_process_per_gpu,per_sample_max_rank_cuda_event,eager_monotonic_epochs,single_replay_monotonic_epoch_nodes,60,epoch_lifecycle_all_cases;fused_vs_separated_reference_at_s1024_per_geometry,0.04734399915,0.04814559966,198.4462894702464,0.04009599984,0.04163840041,234.31866015290765,
qwen25_14b_32b,model,Qwen2.5 14B/32B; Llama 4 uses the same QKV shape,4096,4,1024,7168,5120,40,8,128,,True,0,20,auto,auto,calibrated_pipeline_independent_progress_v3,per_process_v1,n,1,128,256,64,2,10,50,one_mpi_process_per_gpu,per_sample_max_rank_cuda_event,eager_monotonic_epochs,single_replay_monotonic_epoch_nodes,60,epoch_lifecycle_all_cases;fused_vs_separated_reference_at_s1024_per_geometry,0.1363839954,0.1388511956,551.1051898689279,0.129519999,0.130676806,580.3113670499642,
qwen25_14b_32b,model,Qwen2.5 14B/32B; Llama 4 uses the same QKV shape,4096,8,512,7168,5120,40,8,128,,True,0,20,auto,auto,calibrated_pipeline_independent_progress_v3,per_process_v1,n,1,128,256,64,2,10,50,one_mpi_process_per_gpu,per_sample_max_rank_cuda_event,eager_monotonic_epochs,single_replay_monotonic_epoch_nodes,60,epoch_lifecycle_all_cases;fused_vs_separated_reference_at_s1024_per_geometry,0.1080960035,0.1110752001,347.66284250277585,0.09884800017,0.1001808047,380.18941987058713,
qwen25_14b_32b,model,Qwen2.5 14B/32B; Llama 4 uses the same QKV shape,16384,4,4096,7168,5120,40,8,128,,True,0,4,auto,auto,calibrated_pipeline_independent_progress_v3,per_process_v1,n,1,128,256,64,2,10,50,one_mpi_process_per_gpu,per_sample_max_rank_cuda_event,eager_monotonic_epochs,single_replay_monotonic_epoch_nodes,60,epoch_lifecycle_all_cases;fused_vs_separated_reference_at_s1024_per_geometry,0.4595040083,0.4624831975,654.2874605866632,0.4523199797,0.4540463984,664.6792629399298,
qwen25_14b_32b,model,Qwen2.5 14B/32B; Llama 4 uses the same QKV shape,16384,8,2048,7168,5120,40,8,128,,True,0,8,auto,auto,calibrated_pipeline_independent_progress_v3,per_process_v1,n,1,128,320,64,2,10,50,one_mpi_process_per_gpu,per_sample_max_rank_cuda_event,eager_monotonic_epochs,single_replay_monotonic_epoch_nodes,60,epoch_lifecycle_all_cases;fused_vs_separated_reference_at_s1024_per_geometry,0.3125439882,0.3158960044,480.9686349295776,0.3010399938,0.3019264042,499.34845354756976,
qwen25_14b_32b,model,Qwen2.5 14B/32B; Llama 4 uses the same QKV shape,131072,4,32768,7168,5120,40,8,128,,True,0,4,auto,auto,calibrated_pipeline_independent_progress_v3,per_process_v1,n,1,128,256,64,2,10,50,one_mpi_process_per_gpu,per_sample_max_rank_cuda_event,eager_monotonic_epochs,single_replay_monotonic_epoch_nodes,60,epoch_lifecycle_all_cases;fused_vs_separated_reference_at_s1024_per_geometry,3.541311979,3.613377571,679.1781407632935,3.519135952,3.60035038,683.4580188335957,
qwen25_14b_32b,model,Qwen2.5 14B/32B; Llama 4 uses the same QKV shape,131072,8,16384,7168,5120,40,8,128,,True,0,8,auto,auto,calibrated_pipeline_independent_progress_v3,per_process_v1,n,1,128,256,64,2,10,50,one_mpi_process_per_gpu,per_sample_max_rank_cuda_event,eager_monotonic_epochs,single_replay_monotonic_epoch_nodes,60,epoch_lifecycle_all_cases;fused_vs_separated_reference_at_s1024_per_geometry,1.90406394,1.92774713,631.5916275794815,1.89831996,1.919415951,633.5027119874986,
qwen25_14b_32b,model,Qwen2.5 14B/32B; Llama 4 uses the same QKV shape,262144,4,65536,7168,5120,40,8,128,,True,0,4,auto,auto,calibrated_pipeline_independent_progress_v3,per_process_v1,n,1,128,256,64,2,10,50,one_mpi_process_per_gpu,per_sample_max_rank_cuda_event,eager_monotonic_epochs,single_replay_monotonic_epoch_nodes,60,epoch_lifecycle_all_cases;fused_vs_separated_reference_at_s1024_per_geometry,7.056096077,7.176809788,681.731557936098,7.099295616,7.16114378,677.5831901799763,
qwen25_14b_32b,model,Qwen2.5 14B/32B; Llama 4 uses the same QKV shape,262144,8,32768,7168,5120,40,8,128,,True,0,6,auto,auto,calibrated_pipeline_independent_progress_v3,per_process_v1,n,1,128,256,64,2,10,50,one_mpi_process_per_gpu,per_sample_max_rank_cuda_event,eager_monotonic_epochs,single_replay_monotonic_epoch_nodes,60,epoch_lifecycle_all_cases;fused_vs_separated_reference_at_s1024_per_geometry,3.704751968,3.744902372,649.2153068639655,3.685311794,3.712284803,652.6399447872604,
qwen25_14b_32b,model,Qwen2.5 14B/32B; Llama 4 uses the same QKV shape,524288,4,131072,7168,5120,40,8,128,,True,0,4,auto,auto,calibrated_pipeline_independent_progress_v3,per_process_v1,n,1,128,256,64,2,10,50,one_mpi_process_per_gpu,per_sample_max_rank_cuda_event,eager_monotonic_epochs,single_replay_monotonic_epoch_nodes,60,epoch_lifecycle_all_cases;fused_vs_separated_reference_at_s1024_per_geometry,14.13743973,14.77981853,680.5140765781358,14.1270237,15.60223103,681.0158280572573,
qwen25_14b_32b,model,Qwen2.5 14B/32B; Llama 4 uses the same QKV shape,524288,8,65536,7168,5120,40,8,128,,True,0,6,auto,auto,calibrated_pipeline_independent_progress_v3,per_process_v1,n,1,128,256,64,2,10,50,one_mpi_process_per_gpu,per_sample_max_rank_cuda_event,eager_monotonic_epochs,single_replay_monotonic_epoch_nodes,60,epoch_lifecycle_all_cases;fused_vs_separated_reference_at_s1024_per_geometry,7.334608078,7.364204407,655.8446368727706,7.336336136,7.380796909,655.6901540968324,
llama31_405b,model,Llama 3.1 405B,1024,4,256,18432,16384,128,8,128,,True,0,16,auto,auto,calibrated_pipeline_independent_progress_v3,per_process_v1,n,1,128,320,64,2,10,50,one_mpi_process_per_gpu,per_sample_max_rank_cuda_event,eager_monotonic_epochs,single_replay_monotonic_epoch_nodes,60,epoch_lifecycle_all_cases;fused_vs_separated_reference_at_s1024_per_geometry,0.2567040026,0.2612927854,602.3233805860416,0.2487680018,0.2499407977,621.538226529261,
llama31_405b,model,Llama 3.1 405B,1024,8,128,18432,16384,128,8,128,,True,0,16,auto,auto,calibrated_pipeline_independent_progress_v3,per_process_v1,n,1,128,160,64,1,10,50,one_mpi_process_per_gpu,per_sample_max_rank_cuda_event,eager_monotonic_epochs,single_replay_monotonic_epoch_nodes,60,epoch_lifecycle_all_cases;fused_vs_separated_reference_at_s1024_per_geometry,0.1868160069,0.1887712032,413.82648420155266,0.1809120029,0.1823824048,427.3315760631601,
llama31_405b,model,Llama 3.1 405B,4096,4,1024,18432,16384,128,8,128,,True,0,16,auto,auto,calibrated_pipeline_independent_progress_v3,per_process_v1,n,1,128,256,64,2,10,50,one_mpi_process_per_gpu,per_sample_max_rank_cuda_event,eager_monotonic_epochs,single_replay_monotonic_epoch_nodes,60,epoch_lifecycle_all_cases;fused_vs_separated_reference_at_s1024_per_geometry,0.8751519918,0.8868560195,706.7061452399016,0.8827040195,0.9446448088,700.6598780124848,
llama31_405b,model,Llama 3.1 405B,4096,8,512,18432,16384,128,8,128,,True,0,16,auto,auto,calibrated_pipeline_independent_progress_v3,per_process_v1,n,1,128,320,64,2,10,50,one_mpi_process_per_gpu,per_sample_max_rank_cuda_event,eager_monotonic_epochs,single_replay_monotonic_epoch_nodes,60,epoch_lifecycle_all_cases;fused_vs_separated_reference_at_s1024_per_geometry,0.5651999712,0.5700320005,547.12961972635,0.5501760244,0.5594080091,562.0703767475914,
llama31_405b,model,Llama 3.1 405B,16384,4,4096,18432,16384,128,8,128,,True,0,4,auto,auto,calibrated_pipeline_independent_progress_v3,per_process_v1,n,1,128,256,64,2,10,50,one_mpi_process_per_gpu,per_sample_max_rank_cuda_event,eager_monotonic_epochs,single_replay_monotonic_epoch_nodes,60,epoch_lifecycle_all_cases;fused_vs_separated_reference_at_s1024_per_geometry,3.697167873,3.722239971,669.134117647895,3.684656143,3.76245451,671.4062497245078,
llama31_405b,model,Llama 3.1 405B,16384,8,2048,18432,16384,128,8,128,,True,0,4,auto,auto,calibrated_pipeline_independent_progress_v3,per_process_v1,n,1,128,256,64,2,10,50,one_mpi_process_per_gpu,per_sample_max_rank_cuda_event,eager_monotonic_epochs,single_replay_monotonic_epoch_nodes,60,epoch_lifecycle_all_cases;fused_vs_separated_reference_at_s1024_per_geometry,1.897903919,1.919216037,651.7456278291188,1.890735984,1.910900831,654.2164488936918,
llama31_405b,model,Llama 3.1 405B,131072,4,32768,18432,16384,128,8,128,,True,0,4,auto,auto,calibrated_pipeline_independent_progress_v3,per_process_v1,n,1,128,256,64,2,10,50,one_mpi_process_per_gpu,per_sample_max_rank_cuda_event,eager_monotonic_epochs,single_replay_monotonic_epoch_nodes,60,epoch_lifecycle_all_cases;fused_vs_separated_reference_at_s1024_per_geometry,30.05120087,37.35336685,658.5829759543982,30.18380737,36.15758514,655.6896238225629,
llama31_405b,model,Llama 3.1 405B,131072,8,16384,18432,16384,128,8,128,,True,0,4,auto,auto,calibrated_pipeline_independent_progress_v3,per_process_v1,n,1,128,256,64,2,10,50,one_mpi_process_per_gpu,per_sample_max_rank_cuda_event,eager_monotonic_epochs,single_replay_monotonic_epoch_nodes,60,epoch_lifecycle_all_cases;fused_vs_separated_reference_at_s1024_per_geometry,14.85219193,22.03903198,666.2723385627564,14.84148788,20.08224487,666.7528707360302,
llama31_405b,model,Llama 3.1 405B,262144,4,65536,18432,16384,128,8,128,,True,0,4,auto,auto,calibrated_pipeline_independent_progress_v3,per_process_v1,n,1,128,256,64,2,10,50,one_mpi_process_per_gpu,per_sample_max_rank_cuda_event,eager_monotonic_epochs,single_replay_monotonic_epoch_nodes,60,epoch_lifecycle_all_cases;fused_vs_separated_reference_at_s1024_per_geometry,61.62892914,67.80690765,642.2701019194766,61.57086182,69.17010498,642.8758251858428,
llama31_405b,model,Llama 3.1 405B,262144,8,32768,18432,16384,128,8,128,,True,0,4,auto,auto,calibrated_pipeline_independent_progress_v3,per_process_v1,n,1,128,256,64,2,10,50,one_mpi_process_per_gpu,per_sample_max_rank_cuda_event,eager_monotonic_epochs,single_replay_monotonic_epoch_nodes,60,epoch_lifecycle_all_cases;fused_vs_separated_reference_at_s1024_per_geometry,30.29212761,36.64257431,653.3449731485532,30.35835266,38.78870773,651.9197375964602,
llama31_405b,model,Llama 3.1 405B,524288,4,131072,18432,16384,128,8,128,,True,0,4,auto,auto,calibrated_pipeline_independent_progress_v3,per_process_v1,n,1,128,256,64,2,10,50,one_mpi_process_per_gpu,per_sample_max_rank_cuda_event,eager_monotonic_epochs,single_replay_monotonic_epoch_nodes,60,epoch_lifecycle_all_cases;fused_vs_separated_reference_at_s1024_per_geometry,125.3404846,131.4940491,631.5983016382243,125.4733887,132.250351,630.9292991930805,
llama31_405b,model,Llama 3.1 405B,524288,8,65536,18432,16384,128,8,128,,True,0,4,auto,auto,calibrated_pipeline_independent_progress_v3,per_process_v1,n,1,128,256,64,2,10,50,one_mpi_process_per_gpu,per_sample_max_rank_cuda_event,eager_monotonic_epochs,single_replay_monotonic_epoch_nodes,60,epoch_lifecycle_all_cases;fused_vs_separated_reference_at_s1024_per_geometry,62.3912468,69.11520386,634.4226254496969,61.36243439,69.31996155,645.0594568716556,
