model,suite,aliases,global_seq,cp,m,n,k,q_heads,kv_heads,head_dim,max_context,within_native_context,q_heads_per_rank,kv_heads_per_rank,gemm_input,gemm_weight,gemm_output,route_output,qkv_output_mib_per_gpu,remote_payload_mib_per_gpu,gemm_gflop_per_gpu
artificial_small,artificial,OProj-matched Mx4096x4096 stress shape,1024,4,256,4096,4096,16,8,128,,True,4,2,"[256,4096]","[4096,4096]","[256,4096]","Q[1,1024,4,128] + K[1,1024,2,128] + V[1,1024,2,128]",2.0,1.5,8.589934592
artificial_small,artificial,OProj-matched Mx4096x4096 stress shape,1024,8,128,4096,4096,16,8,128,,True,2,1,"[128,4096]","[4096,4096]","[128,4096]","Q[1,1024,2,128] + K[1,1024,1,128] + V[1,1024,1,128]",1.0,0.875,4.294967296
artificial_small,artificial,OProj-matched Mx4096x4096 stress shape,4096,4,1024,4096,4096,16,8,128,,True,4,2,"[1024,4096]","[4096,4096]","[1024,4096]","Q[1,4096,4,128] + K[1,4096,2,128] + V[1,4096,2,128]",8.0,6.0,34.359738368
artificial_small,artificial,OProj-matched Mx4096x4096 stress shape,4096,8,512,4096,4096,16,8,128,,True,2,1,"[512,4096]","[4096,4096]","[512,4096]","Q[1,4096,2,128] + K[1,4096,1,128] + V[1,4096,1,128]",4.0,3.5,17.179869184
artificial_small,artificial,OProj-matched Mx4096x4096 stress shape,16384,4,4096,4096,4096,16,8,128,,True,4,2,"[4096,4096]","[4096,4096]","[4096,4096]","Q[1,16384,4,128] + K[1,16384,2,128] + V[1,16384,2,128]",32.0,24.0,137.438953472
artificial_small,artificial,OProj-matched Mx4096x4096 stress shape,16384,8,2048,4096,4096,16,8,128,,True,2,1,"[2048,4096]","[4096,4096]","[2048,4096]","Q[1,16384,2,128] + K[1,16384,1,128] + V[1,16384,1,128]",16.0,14.0,68.719476736
artificial_small,artificial,OProj-matched Mx4096x4096 stress shape,131072,4,32768,4096,4096,16,8,128,,True,4,2,"[32768,4096]","[4096,4096]","[32768,4096]","Q[1,131072,4,128] + K[1,131072,2,128] + V[1,131072,2,128]",256.0,192.0,1099.511627776
artificial_small,artificial,OProj-matched Mx4096x4096 stress shape,131072,8,16384,4096,4096,16,8,128,,True,2,1,"[16384,4096]","[4096,4096]","[16384,4096]","Q[1,131072,2,128] + K[1,131072,1,128] + V[1,131072,1,128]",128.0,112.0,549.755813888
artificial_small,artificial,OProj-matched Mx4096x4096 stress shape,262144,4,65536,4096,4096,16,8,128,,True,4,2,"[65536,4096]","[4096,4096]","[65536,4096]","Q[1,262144,4,128] + K[1,262144,2,128] + V[1,262144,2,128]",512.0,384.0,2199.023255552
artificial_small,artificial,OProj-matched Mx4096x4096 stress shape,262144,8,32768,4096,4096,16,8,128,,True,2,1,"[32768,4096]","[4096,4096]","[32768,4096]","Q[1,262144,2,128] + K[1,262144,1,128] + V[1,262144,1,128]",256.0,224.0,1099.511627776
artificial_small,artificial,OProj-matched Mx4096x4096 stress shape,524288,4,131072,4096,4096,16,8,128,,True,4,2,"[131072,4096]","[4096,4096]","[131072,4096]","Q[1,524288,4,128] + K[1,524288,2,128] + V[1,524288,2,128]",1024.0,768.0,4398.046511104
artificial_small,artificial,OProj-matched Mx4096x4096 stress shape,524288,8,65536,4096,4096,16,8,128,,True,2,1,"[65536,4096]","[4096,4096]","[65536,4096]","Q[1,524288,2,128] + K[1,524288,1,128] + V[1,524288,1,128]",512.0,448.0,2199.023255552
artificial_medium,artificial,OProj-matched Mx5120x5120 stress shape,1024,4,256,5120,5120,24,8,128,,True,6,2,"[256,5120]","[5120,5120]","[256,5120]","Q[1,1024,6,128] + K[1,1024,2,128] + V[1,1024,2,128]",2.5,1.875,13.4217728
artificial_medium,artificial,OProj-matched Mx5120x5120 stress shape,1024,8,128,5120,5120,24,8,128,,True,3,1,"[128,5120]","[5120,5120]","[128,5120]","Q[1,1024,3,128] + K[1,1024,1,128] + V[1,1024,1,128]",1.25,1.09375,6.7108864
artificial_medium,artificial,OProj-matched Mx5120x5120 stress shape,4096,4,1024,5120,5120,24,8,128,,True,6,2,"[1024,5120]","[5120,5120]","[1024,5120]","Q[1,4096,6,128] + K[1,4096,2,128] + V[1,4096,2,128]",10.0,7.5,53.6870912
artificial_medium,artificial,OProj-matched Mx5120x5120 stress shape,4096,8,512,5120,5120,24,8,128,,True,3,1,"[512,5120]","[5120,5120]","[512,5120]","Q[1,4096,3,128] + K[1,4096,1,128] + V[1,4096,1,128]",5.0,4.375,26.8435456
artificial_medium,artificial,OProj-matched Mx5120x5120 stress shape,16384,4,4096,5120,5120,24,8,128,,True,6,2,"[4096,5120]","[5120,5120]","[4096,5120]","Q[1,16384,6,128] + K[1,16384,2,128] + V[1,16384,2,128]",40.0,30.0,214.7483648
artificial_medium,artificial,OProj-matched Mx5120x5120 stress shape,16384,8,2048,5120,5120,24,8,128,,True,3,1,"[2048,5120]","[5120,5120]","[2048,5120]","Q[1,16384,3,128] + K[1,16384,1,128] + V[1,16384,1,128]",20.0,17.5,107.3741824
artificial_medium,artificial,OProj-matched Mx5120x5120 stress shape,131072,4,32768,5120,5120,24,8,128,,True,6,2,"[32768,5120]","[5120,5120]","[32768,5120]","Q[1,131072,6,128] + K[1,131072,2,128] + V[1,131072,2,128]",320.0,240.0,1717.9869184
artificial_medium,artificial,OProj-matched Mx5120x5120 stress shape,131072,8,16384,5120,5120,24,8,128,,True,3,1,"[16384,5120]","[5120,5120]","[16384,5120]","Q[1,131072,3,128] + K[1,131072,1,128] + V[1,131072,1,128]",160.0,140.0,858.9934592
artificial_medium,artificial,OProj-matched Mx5120x5120 stress shape,262144,4,65536,5120,5120,24,8,128,,True,6,2,"[65536,5120]","[5120,5120]","[65536,5120]","Q[1,262144,6,128] + K[1,262144,2,128] + V[1,262144,2,128]",640.0,480.0,3435.9738368
artificial_medium,artificial,OProj-matched Mx5120x5120 stress shape,262144,8,32768,5120,5120,24,8,128,,True,3,1,"[32768,5120]","[5120,5120]","[32768,5120]","Q[1,262144,3,128] + K[1,262144,1,128] + V[1,262144,1,128]",320.0,280.0,1717.9869184
artificial_medium,artificial,OProj-matched Mx5120x5120 stress shape,524288,4,131072,5120,5120,24,8,128,,True,6,2,"[131072,5120]","[5120,5120]","[131072,5120]","Q[1,524288,6,128] + K[1,524288,2,128] + V[1,524288,2,128]",1280.0,960.0,6871.9476736
artificial_medium,artificial,OProj-matched Mx5120x5120 stress shape,524288,8,65536,5120,5120,24,8,128,,True,3,1,"[65536,5120]","[5120,5120]","[65536,5120]","Q[1,524288,3,128] + K[1,524288,1,128] + V[1,524288,1,128]",640.0,560.0,3435.9738368
artificial_large,artificial,OProj-matched Mx7168x16384 stress shape,1024,4,256,7168,16384,40,8,128,,True,10,2,"[256,16384]","[7168,16384]","[256,7168]","Q[1,1024,10,128] + K[1,1024,2,128] + V[1,1024,2,128]",3.5,2.625,60.129542144
artificial_large,artificial,OProj-matched Mx7168x16384 stress shape,1024,8,128,7168,16384,40,8,128,,True,5,1,"[128,16384]","[7168,16384]","[128,7168]","Q[1,1024,5,128] + K[1,1024,1,128] + V[1,1024,1,128]",1.75,1.53125,30.064771072
artificial_large,artificial,OProj-matched Mx7168x16384 stress shape,4096,4,1024,7168,16384,40,8,128,,True,10,2,"[1024,16384]","[7168,16384]","[1024,7168]","Q[1,4096,10,128] + K[1,4096,2,128] + V[1,4096,2,128]",14.0,10.5,240.518168576
artificial_large,artificial,OProj-matched Mx7168x16384 stress shape,4096,8,512,7168,16384,40,8,128,,True,5,1,"[512,16384]","[7168,16384]","[512,7168]","Q[1,4096,5,128] + K[1,4096,1,128] + V[1,4096,1,128]",7.0,6.125,120.259084288
artificial_large,artificial,OProj-matched Mx7168x16384 stress shape,16384,4,4096,7168,16384,40,8,128,,True,10,2,"[4096,16384]","[7168,16384]","[4096,7168]","Q[1,16384,10,128] + K[1,16384,2,128] + V[1,16384,2,128]",56.0,42.0,962.072674304
artificial_large,artificial,OProj-matched Mx7168x16384 stress shape,16384,8,2048,7168,16384,40,8,128,,True,5,1,"[2048,16384]","[7168,16384]","[2048,7168]","Q[1,16384,5,128] + K[1,16384,1,128] + V[1,16384,1,128]",28.0,24.5,481.036337152
artificial_large,artificial,OProj-matched Mx7168x16384 stress shape,131072,4,32768,7168,16384,40,8,128,,True,10,2,"[32768,16384]","[7168,16384]","[32768,7168]","Q[1,131072,10,128] + K[1,131072,2,128] + V[1,131072,2,128]",448.0,336.0,7696.581394432
artificial_large,artificial,OProj-matched Mx7168x16384 stress shape,131072,8,16384,7168,16384,40,8,128,,True,5,1,"[16384,16384]","[7168,16384]","[16384,7168]","Q[1,131072,5,128] + K[1,131072,1,128] + V[1,131072,1,128]",224.0,196.0,3848.290697216
artificial_large,artificial,OProj-matched Mx7168x16384 stress shape,262144,4,65536,7168,16384,40,8,128,,True,10,2,"[65536,16384]","[7168,16384]","[65536,7168]","Q[1,262144,10,128] + K[1,262144,2,128] + V[1,262144,2,128]",896.0,672.0,15393.162788864
artificial_large,artificial,OProj-matched Mx7168x16384 stress shape,262144,8,32768,7168,16384,40,8,128,,True,5,1,"[32768,16384]","[7168,16384]","[32768,7168]","Q[1,262144,5,128] + K[1,262144,1,128] + V[1,262144,1,128]",448.0,392.0,7696.581394432
artificial_large,artificial,OProj-matched Mx7168x16384 stress shape,524288,4,131072,7168,16384,40,8,128,,True,10,2,"[131072,16384]","[7168,16384]","[131072,7168]","Q[1,524288,10,128] + K[1,524288,2,128] + V[1,524288,2,128]",1792.0,1344.0,30786.325577728
artificial_large,artificial,OProj-matched Mx7168x16384 stress shape,524288,8,65536,7168,16384,40,8,128,,True,5,1,"[65536,16384]","[7168,16384]","[65536,7168]","Q[1,524288,5,128] + K[1,524288,1,128] + V[1,524288,1,128]",896.0,784.0,15393.162788864
production_qwen_dense,model,current production Qwen dense,1024,4,256,4096,2048,16,8,128,,True,4,2,"[256,2048]","[4096,2048]","[256,4096]","Q[1,1024,4,128] + K[1,1024,2,128] + V[1,1024,2,128]",2.0,1.5,4.294967296
production_qwen_dense,model,current production Qwen dense,1024,8,128,4096,2048,16,8,128,,True,2,1,"[128,2048]","[4096,2048]","[128,4096]","Q[1,1024,2,128] + K[1,1024,1,128] + V[1,1024,1,128]",1.0,0.875,2.147483648
production_qwen_dense,model,current production Qwen dense,4096,4,1024,4096,2048,16,8,128,,True,4,2,"[1024,2048]","[4096,2048]","[1024,4096]","Q[1,4096,4,128] + K[1,4096,2,128] + V[1,4096,2,128]",8.0,6.0,17.179869184
production_qwen_dense,model,current production Qwen dense,4096,8,512,4096,2048,16,8,128,,True,2,1,"[512,2048]","[4096,2048]","[512,4096]","Q[1,4096,2,128] + K[1,4096,1,128] + V[1,4096,1,128]",4.0,3.5,8.589934592
production_qwen_dense,model,current production Qwen dense,16384,4,4096,4096,2048,16,8,128,,True,4,2,"[4096,2048]","[4096,2048]","[4096,4096]","Q[1,16384,4,128] + K[1,16384,2,128] + V[1,16384,2,128]",32.0,24.0,68.719476736
production_qwen_dense,model,current production Qwen dense,16384,8,2048,4096,2048,16,8,128,,True,2,1,"[2048,2048]","[4096,2048]","[2048,4096]","Q[1,16384,2,128] + K[1,16384,1,128] + V[1,16384,1,128]",16.0,14.0,34.359738368
production_qwen_dense,model,current production Qwen dense,131072,4,32768,4096,2048,16,8,128,,True,4,2,"[32768,2048]","[4096,2048]","[32768,4096]","Q[1,131072,4,128] + K[1,131072,2,128] + V[1,131072,2,128]",256.0,192.0,549.755813888
production_qwen_dense,model,current production Qwen dense,131072,8,16384,4096,2048,16,8,128,,True,2,1,"[16384,2048]","[4096,2048]","[16384,4096]","Q[1,131072,2,128] + K[1,131072,1,128] + V[1,131072,1,128]",128.0,112.0,274.877906944
production_qwen_dense,model,current production Qwen dense,262144,4,65536,4096,2048,16,8,128,,True,4,2,"[65536,2048]","[4096,2048]","[65536,4096]","Q[1,262144,4,128] + K[1,262144,2,128] + V[1,262144,2,128]",512.0,384.0,1099.511627776
production_qwen_dense,model,current production Qwen dense,262144,8,32768,4096,2048,16,8,128,,True,2,1,"[32768,2048]","[4096,2048]","[32768,4096]","Q[1,262144,2,128] + K[1,262144,1,128] + V[1,262144,1,128]",256.0,224.0,549.755813888
production_qwen_dense,model,current production Qwen dense,524288,4,131072,4096,2048,16,8,128,,True,4,2,"[131072,2048]","[4096,2048]","[131072,4096]","Q[1,524288,4,128] + K[1,524288,2,128] + V[1,524288,2,128]",1024.0,768.0,2199.023255552
production_qwen_dense,model,current production Qwen dense,524288,8,65536,4096,2048,16,8,128,,True,2,1,"[65536,2048]","[4096,2048]","[65536,4096]","Q[1,524288,2,128] + K[1,524288,1,128] + V[1,524288,1,128]",512.0,448.0,1099.511627776
nanbeige42_3b,model,Nanbeige/Nanbeige4.2-3B,1024,4,256,8192,3072,48,8,128,262144,True,12,2,"[256,3072]","[8192,3072]","[256,8192]","Q[1,1024,12,128] + K[1,1024,2,128] + V[1,1024,2,128]",4.0,3.0,12.884901888
nanbeige42_3b,model,Nanbeige/Nanbeige4.2-3B,1024,8,128,8192,3072,48,8,128,262144,True,6,1,"[128,3072]","[8192,3072]","[128,8192]","Q[1,1024,6,128] + K[1,1024,1,128] + V[1,1024,1,128]",2.0,1.75,6.442450944
nanbeige42_3b,model,Nanbeige/Nanbeige4.2-3B,4096,4,1024,8192,3072,48,8,128,262144,True,12,2,"[1024,3072]","[8192,3072]","[1024,8192]","Q[1,4096,12,128] + K[1,4096,2,128] + V[1,4096,2,128]",16.0,12.0,51.539607552
nanbeige42_3b,model,Nanbeige/Nanbeige4.2-3B,4096,8,512,8192,3072,48,8,128,262144,True,6,1,"[512,3072]","[8192,3072]","[512,8192]","Q[1,4096,6,128] + K[1,4096,1,128] + V[1,4096,1,128]",8.0,7.0,25.769803776
nanbeige42_3b,model,Nanbeige/Nanbeige4.2-3B,16384,4,4096,8192,3072,48,8,128,262144,True,12,2,"[4096,3072]","[8192,3072]","[4096,8192]","Q[1,16384,12,128] + K[1,16384,2,128] + V[1,16384,2,128]",64.0,48.0,206.158430208
nanbeige42_3b,model,Nanbeige/Nanbeige4.2-3B,16384,8,2048,8192,3072,48,8,128,262144,True,6,1,"[2048,3072]","[8192,3072]","[2048,8192]","Q[1,16384,6,128] + K[1,16384,1,128] + V[1,16384,1,128]",32.0,28.0,103.079215104
nanbeige42_3b,model,Nanbeige/Nanbeige4.2-3B,131072,4,32768,8192,3072,48,8,128,262144,True,12,2,"[32768,3072]","[8192,3072]","[32768,8192]","Q[1,131072,12,128] + K[1,131072,2,128] + V[1,131072,2,128]",512.0,384.0,1649.267441664
nanbeige42_3b,model,Nanbeige/Nanbeige4.2-3B,131072,8,16384,8192,3072,48,8,128,262144,True,6,1,"[16384,3072]","[8192,3072]","[16384,8192]","Q[1,131072,6,128] + K[1,131072,1,128] + V[1,131072,1,128]",256.0,224.0,824.633720832
nanbeige42_3b,model,Nanbeige/Nanbeige4.2-3B,262144,4,65536,8192,3072,48,8,128,262144,True,12,2,"[65536,3072]","[8192,3072]","[65536,8192]","Q[1,262144,12,128] + K[1,262144,2,128] + V[1,262144,2,128]",1024.0,768.0,3298.534883328
nanbeige42_3b,model,Nanbeige/Nanbeige4.2-3B,262144,8,32768,8192,3072,48,8,128,262144,True,6,1,"[32768,3072]","[8192,3072]","[32768,8192]","Q[1,262144,6,128] + K[1,262144,1,128] + V[1,262144,1,128]",512.0,448.0,1649.267441664
nanbeige42_3b,model,Nanbeige/Nanbeige4.2-3B,524288,4,131072,8192,3072,48,8,128,262144,False,12,2,"[131072,3072]","[8192,3072]","[131072,8192]","Q[1,524288,12,128] + K[1,524288,2,128] + V[1,524288,2,128]",2048.0,1536.0,6597.069766656
nanbeige42_3b,model,Nanbeige/Nanbeige4.2-3B,524288,8,65536,8192,3072,48,8,128,262144,False,6,1,"[65536,3072]","[8192,3072]","[65536,8192]","Q[1,524288,6,128] + K[1,524288,1,128] + V[1,524288,1,128]",1024.0,896.0,3298.534883328
llama3_8b,model,Llama 3/3.1 8B,1024,4,256,6144,4096,32,8,128,,True,8,2,"[256,4096]","[6144,4096]","[256,6144]","Q[1,1024,8,128] + K[1,1024,2,128] + V[1,1024,2,128]",3.0,2.25,12.884901888
llama3_8b,model,Llama 3/3.1 8B,1024,8,128,6144,4096,32,8,128,,True,4,1,"[128,4096]","[6144,4096]","[128,6144]","Q[1,1024,4,128] + K[1,1024,1,128] + V[1,1024,1,128]",1.5,1.3125,6.442450944
llama3_8b,model,Llama 3/3.1 8B,4096,4,1024,6144,4096,32,8,128,,True,8,2,"[1024,4096]","[6144,4096]","[1024,6144]","Q[1,4096,8,128] + K[1,4096,2,128] + V[1,4096,2,128]",12.0,9.0,51.539607552
llama3_8b,model,Llama 3/3.1 8B,4096,8,512,6144,4096,32,8,128,,True,4,1,"[512,4096]","[6144,4096]","[512,6144]","Q[1,4096,4,128] + K[1,4096,1,128] + V[1,4096,1,128]",6.0,5.25,25.769803776
llama3_8b,model,Llama 3/3.1 8B,16384,4,4096,6144,4096,32,8,128,,True,8,2,"[4096,4096]","[6144,4096]","[4096,6144]","Q[1,16384,8,128] + K[1,16384,2,128] + V[1,16384,2,128]",48.0,36.0,206.158430208
llama3_8b,model,Llama 3/3.1 8B,16384,8,2048,6144,4096,32,8,128,,True,4,1,"[2048,4096]","[6144,4096]","[2048,6144]","Q[1,16384,4,128] + K[1,16384,1,128] + V[1,16384,1,128]",24.0,21.0,103.079215104
llama3_8b,model,Llama 3/3.1 8B,131072,4,32768,6144,4096,32,8,128,,True,8,2,"[32768,4096]","[6144,4096]","[32768,6144]","Q[1,131072,8,128] + K[1,131072,2,128] + V[1,131072,2,128]",384.0,288.0,1649.267441664
llama3_8b,model,Llama 3/3.1 8B,131072,8,16384,6144,4096,32,8,128,,True,4,1,"[16384,4096]","[6144,4096]","[16384,6144]","Q[1,131072,4,128] + K[1,131072,1,128] + V[1,131072,1,128]",192.0,168.0,824.633720832
llama3_8b,model,Llama 3/3.1 8B,262144,4,65536,6144,4096,32,8,128,,True,8,2,"[65536,4096]","[6144,4096]","[65536,6144]","Q[1,262144,8,128] + K[1,262144,2,128] + V[1,262144,2,128]",768.0,576.0,3298.534883328
llama3_8b,model,Llama 3/3.1 8B,262144,8,32768,6144,4096,32,8,128,,True,4,1,"[32768,4096]","[6144,4096]","[32768,6144]","Q[1,262144,4,128] + K[1,262144,1,128] + V[1,262144,1,128]",384.0,336.0,1649.267441664
llama3_8b,model,Llama 3/3.1 8B,524288,4,131072,6144,4096,32,8,128,,True,8,2,"[131072,4096]","[6144,4096]","[131072,6144]","Q[1,524288,8,128] + K[1,524288,2,128] + V[1,524288,2,128]",1536.0,1152.0,6597.069766656
llama3_8b,model,Llama 3/3.1 8B,524288,8,65536,6144,4096,32,8,128,,True,4,1,"[65536,4096]","[6144,4096]","[65536,6144]","Q[1,524288,4,128] + K[1,524288,1,128] + V[1,524288,1,128]",768.0,672.0,3298.534883328
qwen25_14b_32b,model,Qwen2.5 14B/32B; Llama 4 uses the same QKV shape,1024,4,256,7168,5120,40,8,128,,True,10,2,"[256,5120]","[7168,5120]","[256,7168]","Q[1,1024,10,128] + K[1,1024,2,128] + V[1,1024,2,128]",3.5,2.625,18.79048192
qwen25_14b_32b,model,Qwen2.5 14B/32B; Llama 4 uses the same QKV shape,1024,8,128,7168,5120,40,8,128,,True,5,1,"[128,5120]","[7168,5120]","[128,7168]","Q[1,1024,5,128] + K[1,1024,1,128] + V[1,1024,1,128]",1.75,1.53125,9.39524096
qwen25_14b_32b,model,Qwen2.5 14B/32B; Llama 4 uses the same QKV shape,4096,4,1024,7168,5120,40,8,128,,True,10,2,"[1024,5120]","[7168,5120]","[1024,7168]","Q[1,4096,10,128] + K[1,4096,2,128] + V[1,4096,2,128]",14.0,10.5,75.16192768
qwen25_14b_32b,model,Qwen2.5 14B/32B; Llama 4 uses the same QKV shape,4096,8,512,7168,5120,40,8,128,,True,5,1,"[512,5120]","[7168,5120]","[512,7168]","Q[1,4096,5,128] + K[1,4096,1,128] + V[1,4096,1,128]",7.0,6.125,37.58096384
qwen25_14b_32b,model,Qwen2.5 14B/32B; Llama 4 uses the same QKV shape,16384,4,4096,7168,5120,40,8,128,,True,10,2,"[4096,5120]","[7168,5120]","[4096,7168]","Q[1,16384,10,128] + K[1,16384,2,128] + V[1,16384,2,128]",56.0,42.0,300.64771072
qwen25_14b_32b,model,Qwen2.5 14B/32B; Llama 4 uses the same QKV shape,16384,8,2048,7168,5120,40,8,128,,True,5,1,"[2048,5120]","[7168,5120]","[2048,7168]","Q[1,16384,5,128] + K[1,16384,1,128] + V[1,16384,1,128]",28.0,24.5,150.32385536
qwen25_14b_32b,model,Qwen2.5 14B/32B; Llama 4 uses the same QKV shape,131072,4,32768,7168,5120,40,8,128,,True,10,2,"[32768,5120]","[7168,5120]","[32768,7168]","Q[1,131072,10,128] + K[1,131072,2,128] + V[1,131072,2,128]",448.0,336.0,2405.18168576
qwen25_14b_32b,model,Qwen2.5 14B/32B; Llama 4 uses the same QKV shape,131072,8,16384,7168,5120,40,8,128,,True,5,1,"[16384,5120]","[7168,5120]","[16384,7168]","Q[1,131072,5,128] + K[1,131072,1,128] + V[1,131072,1,128]",224.0,196.0,1202.59084288
qwen25_14b_32b,model,Qwen2.5 14B/32B; Llama 4 uses the same QKV shape,262144,4,65536,7168,5120,40,8,128,,True,10,2,"[65536,5120]","[7168,5120]","[65536,7168]","Q[1,262144,10,128] + K[1,262144,2,128] + V[1,262144,2,128]",896.0,672.0,4810.36337152
qwen25_14b_32b,model,Qwen2.5 14B/32B; Llama 4 uses the same QKV shape,262144,8,32768,7168,5120,40,8,128,,True,5,1,"[32768,5120]","[7168,5120]","[32768,7168]","Q[1,262144,5,128] + K[1,262144,1,128] + V[1,262144,1,128]",448.0,392.0,2405.18168576
qwen25_14b_32b,model,Qwen2.5 14B/32B; Llama 4 uses the same QKV shape,524288,4,131072,7168,5120,40,8,128,,True,10,2,"[131072,5120]","[7168,5120]","[131072,7168]","Q[1,524288,10,128] + K[1,524288,2,128] + V[1,524288,2,128]",1792.0,1344.0,9620.72674304
qwen25_14b_32b,model,Qwen2.5 14B/32B; Llama 4 uses the same QKV shape,524288,8,65536,7168,5120,40,8,128,,True,5,1,"[65536,5120]","[7168,5120]","[65536,7168]","Q[1,524288,5,128] + K[1,524288,1,128] + V[1,524288,1,128]",896.0,784.0,4810.36337152
llama31_405b,model,Llama 3.1 405B,1024,4,256,18432,16384,128,8,128,,True,32,2,"[256,16384]","[18432,16384]","[256,18432]","Q[1,1024,32,128] + K[1,1024,2,128] + V[1,1024,2,128]",9.0,6.75,154.618822656
llama31_405b,model,Llama 3.1 405B,1024,8,128,18432,16384,128,8,128,,True,16,1,"[128,16384]","[18432,16384]","[128,18432]","Q[1,1024,16,128] + K[1,1024,1,128] + V[1,1024,1,128]",4.5,3.9375,77.309411328
llama31_405b,model,Llama 3.1 405B,4096,4,1024,18432,16384,128,8,128,,True,32,2,"[1024,16384]","[18432,16384]","[1024,18432]","Q[1,4096,32,128] + K[1,4096,2,128] + V[1,4096,2,128]",36.0,27.0,618.475290624
llama31_405b,model,Llama 3.1 405B,4096,8,512,18432,16384,128,8,128,,True,16,1,"[512,16384]","[18432,16384]","[512,18432]","Q[1,4096,16,128] + K[1,4096,1,128] + V[1,4096,1,128]",18.0,15.75,309.237645312
llama31_405b,model,Llama 3.1 405B,16384,4,4096,18432,16384,128,8,128,,True,32,2,"[4096,16384]","[18432,16384]","[4096,18432]","Q[1,16384,32,128] + K[1,16384,2,128] + V[1,16384,2,128]",144.0,108.0,2473.901162496
llama31_405b,model,Llama 3.1 405B,16384,8,2048,18432,16384,128,8,128,,True,16,1,"[2048,16384]","[18432,16384]","[2048,18432]","Q[1,16384,16,128] + K[1,16384,1,128] + V[1,16384,1,128]",72.0,63.0,1236.950581248
llama31_405b,model,Llama 3.1 405B,131072,4,32768,18432,16384,128,8,128,,True,32,2,"[32768,16384]","[18432,16384]","[32768,18432]","Q[1,131072,32,128] + K[1,131072,2,128] + V[1,131072,2,128]",1152.0,864.0,19791.209299968
llama31_405b,model,Llama 3.1 405B,131072,8,16384,18432,16384,128,8,128,,True,16,1,"[16384,16384]","[18432,16384]","[16384,18432]","Q[1,131072,16,128] + K[1,131072,1,128] + V[1,131072,1,128]",576.0,504.0,9895.604649984
llama31_405b,model,Llama 3.1 405B,262144,4,65536,18432,16384,128,8,128,,True,32,2,"[65536,16384]","[18432,16384]","[65536,18432]","Q[1,262144,32,128] + K[1,262144,2,128] + V[1,262144,2,128]",2304.0,1728.0,39582.418599936
llama31_405b,model,Llama 3.1 405B,262144,8,32768,18432,16384,128,8,128,,True,16,1,"[32768,16384]","[18432,16384]","[32768,18432]","Q[1,262144,16,128] + K[1,262144,1,128] + V[1,262144,1,128]",1152.0,1008.0,19791.209299968
llama31_405b,model,Llama 3.1 405B,524288,4,131072,18432,16384,128,8,128,,True,32,2,"[131072,16384]","[18432,16384]","[131072,18432]","Q[1,524288,32,128] + K[1,524288,2,128] + V[1,524288,2,128]",4608.0,3456.0,79164.837199872
llama31_405b,model,Llama 3.1 405B,524288,8,65536,18432,16384,128,8,128,,True,16,1,"[65536,16384]","[18432,16384]","[65536,18432]","Q[1,524288,16,128] + K[1,524288,1,128] + V[1,524288,1,128]",2304.0,2016.0,39582.418599936
